district,date,time,datetime,temperature,precipitation,rain,snowfall,windSpeed,windGusts,windDirection
Talas,2025-01-01,00:00,2025-01-01T00:00,0.1,0,0,0,5.8,10.8,210
Talas,2025-01-01,01:00,2025-01-01T01:00,0.5,0,0,0,4.2,8.3,220
Talas,2025-01-01,02:00,2025-01-01T02:00,0.1,0,0,0,3.5,7.9,219
Talas,2025-01-01,03:00,2025-01-01T03:00,-0.3,0,0,0,4,6.8,210
Talas,2025-01-01,04:00,2025-01-01T04:00,-1,0,0,0,1.9,6.1,221
Talas,2025-01-01,05:00,2025-01-01T05:00,-1.3,0,0,0,0.6,5,236
Talas,2025-01-01,06:00,2025-01-01T06:00,-2,0,0,0,0.6,4.3,214
Talas,2025-01-01,07:00,2025-01-01T07:00,-2.5,0,0,0,2,6.1,185
Talas,2025-01-01,08:00,2025-01-01T08:00,-2.3,0,0,0,1.1,6.1,171
Talas,2025-01-01,09:00,2025-01-01T09:00,-0.5,0,0,0,2.3,6.8,184
Talas,2025-01-01,10:00,2025-01-01T10:00,0.9,0,0,0,1.8,11.2,246
Talas,2025-01-01,11:00,2025-01-01T11:00,2.2,0,0,0,1.5,13,284
Talas,2025-01-01,12:00,2025-01-01T12:00,3.2,0,0,0,1.3,13.7,304
Talas,2025-01-01,13:00,2025-01-01T13:00,4.1,0,0,0,1.4,13.7,293
Talas,2025-01-01,14:00,2025-01-01T14:00,4.8,0,0,0,1.3,13.7,304
Talas,2025-01-01,15:00,2025-01-01T15:00,5,0,0,0,0.8,13.7,243
Talas,2025-01-01,16:00,2025-01-01T16:00,5.2,0,0,0,1.8,11.9,191
Talas,2025-01-01,17:00,2025-01-01T17:00,3.4,0,0,0,2.7,10.4,203
Talas,2025-01-01,18:00,2025-01-01T18:00,1.8,0,0,0,3.6,8.6,189
Talas,2025-01-01,19:00,2025-01-01T19:00,1.1,0,0,0,3.7,9,166
Talas,2025-01-01,20:00,2025-01-01T20:00,0.6,0,0,0,4.4,10.1,153
Talas,2025-01-01,21:00,2025-01-01T21:00,0.3,0,0,0,4.4,10.4,150
Talas,2025-01-01,22:00,2025-01-01T22:00,0,0,0,0,3.8,10.1,149
Talas,2025-01-01,23:00,2025-01-01T23:00,-0.3,0,0,0,3,9.4,142
Talas,2025-01-02,00:00,2025-01-02T00:00,-0.2,0,0,0,2.1,7.9,142
Talas,2025-01-02,01:00,2025-01-02T01:00,-0.2,0,0,0,1.5,6.1,166
Talas,2025-01-02,02:00,2025-01-02T02:00,-0.1,0,0,0,0.7,5,194
Talas,2025-01-02,03:00,2025-01-02T03:00,-0.3,0,0,0,0.5,3.6,225
Talas,2025-01-02,04:00,2025-01-02T04:00,-0.7,0,0,0,0.2,4.7,180
Talas,2025-01-02,05:00,2025-01-02T05:00,-0.9,0,0,0,0.9,3.2,233
Talas,2025-01-02,06:00,2025-01-02T06:00,-1.1,0,0,0,1.2,3.6,243
Talas,2025-01-02,07:00,2025-01-02T07:00,-1.1,0,0,0,0.9,3.6,233
Talas,2025-01-02,08:00,2025-01-02T08:00,-0.9,0,0,0,0.5,4,225
Talas,2025-01-02,09:00,2025-01-02T09:00,1.1,0,0,0,0.8,4,225
Talas,2025-01-02,10:00,2025-01-02T10:00,3.1,0,0,0,2,8.6,275
Talas,2025-01-02,11:00,2025-01-02T11:00,5.2,0,0,0,3,13,327
Talas,2025-01-02,12:00,2025-01-02T12:00,6.7,0,0,0,4.3,16.2,336
Talas,2025-01-02,13:00,2025-01-02T13:00,7.7,0,0,0,5.4,18,334
Talas,2025-01-02,14:00,2025-01-02T14:00,8.1,0,0,0,5.8,18.4,340
Talas,2025-01-02,15:00,2025-01-02T15:00,8.2,0,0,0,6,18.4,344
Talas,2025-01-02,16:00,2025-01-02T16:00,7.3,0,0,0,6.1,18,328
Talas,2025-01-02,17:00,2025-01-02T17:00,3.6,0,0,0,1.9,13,287
Talas,2025-01-02,18:00,2025-01-02T18:00,2.5,0,0,0,0.7,4.7,166
Talas,2025-01-02,19:00,2025-01-02T19:00,2.1,0,0,0,1,3.2,135
Talas,2025-01-02,20:00,2025-01-02T20:00,1.4,0,0,0,0.6,3.6,146
Talas,2025-01-02,21:00,2025-01-02T21:00,-0.2,0,0,0,1.4,5.4,157
Talas,2025-01-02,22:00,2025-01-02T22:00,-0.7,0,0,0,2,8.3,170
Talas,2025-01-02,23:00,2025-01-02T23:00,-0.8,0,0,0,2.5,10.1,172
Talas,2025-01-03,00:00,2025-01-03T00:00,-0.9,0,0,0,3.1,11.5,173
Talas,2025-01-03,01:00,2025-01-03T01:00,-1.1,0,0,0,2.9,11.5,180
Talas,2025-01-03,02:00,2025-01-03T02:00,-1.4,0,0,0,2.3,11.2,180
Talas,2025-01-03,03:00,2025-01-03T03:00,-1.6,0,0,0,2.2,9.7,171
Talas,2025-01-03,04:00,2025-01-03T04:00,-1,0,0,0,2.2,5.8,156
Talas,2025-01-03,05:00,2025-01-03T05:00,-1,0,0,0,2.7,6.8,160
Talas,2025-01-03,06:00,2025-01-03T06:00,-0.8,0,0,0,2.2,6.5,166
Talas,2025-01-03,07:00,2025-01-03T07:00,-0.7,0,0,0,1.7,5.8,162
Talas,2025-01-03,08:00,2025-01-03T08:00,-0.7,0,0,0,2.3,5.8,162
Talas,2025-01-03,09:00,2025-01-03T09:00,1.5,0,0,0,1.7,5.8,193
Talas,2025-01-03,10:00,2025-01-03T10:00,4.4,0,0,0,2.1,7.9,308
Talas,2025-01-03,11:00,2025-01-03T11:00,6.3,0,0,0,3.5,14,348
Talas,2025-01-03,12:00,2025-01-03T12:00,7.7,0,0,0,4.1,16.6,345
Talas,2025-01-03,13:00,2025-01-03T13:00,8.4,0,0,0,5.3,18.4,332
Talas,2025-01-03,14:00,2025-01-03T14:00,8.6,0,0,0,7.1,20.5,330
Talas,2025-01-03,15:00,2025-01-03T15:00,8.1,0,0,0,7.1,20.9,351
Talas,2025-01-03,16:00,2025-01-03T16:00,6.8,0,0,0,6.1,20.9,2
Talas,2025-01-03,17:00,2025-01-03T17:00,3.6,0,0,0,1.5,13.7,36
Talas,2025-01-03,18:00,2025-01-03T18:00,1.6,0,0,0,1,4.7,149
Talas,2025-01-03,19:00,2025-01-03T19:00,0.2,0,0,0,2.1,5.4,160
Talas,2025-01-03,20:00,2025-01-03T20:00,-0.6,0,0,0,1.7,6.8,162
Talas,2025-01-03,21:00,2025-01-03T21:00,-1,0,0,0,1.7,6.5,162
Talas,2025-01-03,22:00,2025-01-03T22:00,-1.1,0,0,0,3.2,7.9,153
Talas,2025-01-03,23:00,2025-01-03T23:00,-1.3,0,0,0,2.8,7.9,153
Talas,2025-01-04,00:00,2025-01-04T00:00,-1.2,0,0,0,2.8,7.9,153
Talas,2025-01-04,01:00,2025-01-04T01:00,-1.4,0,0,0,1.9,8.3,163
Talas,2025-01-04,02:00,2025-01-04T02:00,-1.7,0,0,0,1.5,8.3,159
Talas,2025-01-04,03:00,2025-01-04T03:00,-1.8,0,0,0,3.4,10.8,162
Talas,2025-01-04,04:00,2025-01-04T04:00,-0.4,0,0,0,3.9,10.8,164
Talas,2025-01-04,05:00,2025-01-04T05:00,-1.2,0,0,0,6,14.8,164
Talas,2025-01-04,06:00,2025-01-04T06:00,-1.4,0,0,0,6.2,15.5,165
Talas,2025-01-04,07:00,2025-01-04T07:00,-1.2,0,0,0,5.1,15.5,162
Talas,2025-01-04,08:00,2025-01-04T08:00,-1,0,0,0,5,13.7,161
Talas,2025-01-04,09:00,2025-01-04T09:00,1.5,0,0,0,5.9,13.3,157
Talas,2025-01-04,10:00,2025-01-04T10:00,5.5,0,0,0,2.5,12.2,82
Talas,2025-01-04,11:00,2025-01-04T11:00,7.7,0,0,0,4.3,15.5,22
Talas,2025-01-04,12:00,2025-01-04T12:00,9.1,0,0,0,5.7,19.1,32
Talas,2025-01-04,13:00,2025-01-04T13:00,10.2,0,0,0,6.3,20.2,3
Talas,2025-01-04,14:00,2025-01-04T14:00,10.7,0,0,0,6.2,21.2,348
Talas,2025-01-04,15:00,2025-01-04T15:00,10.8,0,0,0,4.8,19.1,349
Talas,2025-01-04,16:00,2025-01-04T16:00,8.9,0,0,0,5.3,18.4,322
Talas,2025-01-04,17:00,2025-01-04T17:00,6.8,0,0,0,0.4,12.2,90
Talas,2025-01-04,18:00,2025-01-04T18:00,5.1,0,0,0,0.8,4,135
Talas,2025-01-04,19:00,2025-01-04T19:00,3.8,0,0,0,3.3,6.8,139
Talas,2025-01-04,20:00,2025-01-04T20:00,1.7,0,0,0,3.8,10.4,155
Talas,2025-01-04,21:00,2025-01-04T21:00,1.7,0,0,0,3.9,11.5,152
Talas,2025-01-04,22:00,2025-01-04T22:00,0.9,0,0,0,3.6,10.8,162
Talas,2025-01-04,23:00,2025-01-04T23:00,1.2,0,0,0,3.8,11.5,163
Talas,2025-01-05,00:00,2025-01-05T00:00,1.4,0,0,0,4.2,12.2,168
Talas,2025-01-05,01:00,2025-01-05T01:00,1.5,0,0,0,3.5,12.2,168
Talas,2025-01-05,02:00,2025-01-05T02:00,1.7,0,0,0,3.5,10.4,168
Talas,2025-01-05,03:00,2025-01-05T03:00,1.2,0,0,0,3.1,10.8,177
Talas,2025-01-05,04:00,2025-01-05T04:00,1.7,0,0,0,3,8.3,163
Talas,2025-01-05,05:00,2025-01-05T05:00,1.6,0,0,0,2.4,8.3,167
Talas,2025-01-05,06:00,2025-01-05T06:00,1.3,0,0,0,2.5,5.8,159
Talas,2025-01-05,07:00,2025-01-05T07:00,1.2,0,0,0,2.6,6.1,155
Talas,2025-01-05,08:00,2025-01-05T08:00,1.3,0,0,0,2.9,6.8,158
Talas,2025-01-05,09:00,2025-01-05T09:00,3.6,0,0,0,2,6.8,170
Talas,2025-01-05,10:00,2025-01-05T10:00,5.8,0,0,0,1.5,6.1,339
Talas,2025-01-05,11:00,2025-01-05T11:00,6.7,0,0,0,4.1,11.9,337
Talas,2025-01-05,12:00,2025-01-05T12:00,7.6,0,0,0,6,17.3,323
Talas,2025-01-05,13:00,2025-01-05T13:00,7.6,0,0,0,7.3,19.8,320
Talas,2025-01-05,14:00,2025-01-05T14:00,7,0,0,0,8.2,20.2,320
Talas,2025-01-05,15:00,2025-01-05T15:00,6.6,0,0,0,8.6,21.2,334
Talas,2025-01-05,16:00,2025-01-05T16:00,5.6,0,0,0,4.2,20.2,350
Talas,2025-01-05,17:00,2025-01-05T17:00,5,0,0,0,2.9,9.7,86
Talas,2025-01-05,18:00,2025-01-05T18:00,4.4,0,0,0,2,6.5,360
Talas,2025-01-05,19:00,2025-01-05T19:00,3.8,0.1,0.1,0,2.7,8.3,312
Talas,2025-01-05,20:00,2025-01-05T20:00,3.6,0.5,0.5,0,1.8,7.6,156
Talas,2025-01-05,21:00,2025-01-05T21:00,3.1,0.4,0.4,0,2.3,6.8,157
Talas,2025-01-05,22:00,2025-01-05T22:00,3,0,0,0,2.3,7.2,180
Talas,2025-01-05,23:00,2025-01-05T23:00,2.8,0,0,0,2.9,7.2,202
Talas,2025-01-06,00:00,2025-01-06T00:00,2.8,0,0,0,2.5,7.2,201
Talas,2025-01-06,01:00,2025-01-06T01:00,2,0,0,0,3.7,7.9,209
Talas,2025-01-06,02:00,2025-01-06T02:00,2.4,0,0,0,4,8.3,207
Talas,2025-01-06,03:00,2025-01-06T03:00,2.6,0,0,0,4.4,8.6,215
Talas,2025-01-06,04:00,2025-01-06T04:00,2.2,0,0,0,4.3,10.1,285
Talas,2025-01-06,05:00,2025-01-06T05:00,1.5,0,0,0,4.8,10.4,239
Talas,2025-01-06,06:00,2025-01-06T06:00,1.2,0,0,0,4.4,10.4,232
Talas,2025-01-06,07:00,2025-01-06T07:00,0.9,0,0,0,4.1,9.7,229
Talas,2025-01-06,08:00,2025-01-06T08:00,0.9,0,0,0,1.8,8.3,174
Talas,2025-01-06,09:00,2025-01-06T09:00,2.1,0,0,0,1.2,4.3,129
Talas,2025-01-06,10:00,2025-01-06T10:00,3.1,0,0,0,0.9,8.6,53
Talas,2025-01-06,11:00,2025-01-06T11:00,4,0,0,0,5.4,16.9,346
Talas,2025-01-06,12:00,2025-01-06T12:00,5.1,0,0,0,5.8,19.1,334
Talas,2025-01-06,13:00,2025-01-06T13:00,6,0,0,0,6.2,20.5,339
Talas,2025-01-06,14:00,2025-01-06T14:00,6.4,0,0,0,5.6,20.5,345
Talas,2025-01-06,15:00,2025-01-06T15:00,6.6,0,0,0,4.7,19.4,356
Talas,2025-01-06,16:00,2025-01-06T16:00,6.2,0,0,0,5.5,19.1,314
Talas,2025-01-06,17:00,2025-01-06T17:00,4.4,0,0,0,3,15.8,322
Talas,2025-01-06,18:00,2025-01-06T18:00,3,0,0,0,0.4,7.6,207
Talas,2025-01-06,19:00,2025-01-06T19:00,1.7,0,0,0,1.3,3.6,164
Talas,2025-01-06,20:00,2025-01-06T20:00,0.7,0,0,0,2.4,5,167
Talas,2025-01-06,21:00,2025-01-06T21:00,0.1,0,0,0,2.7,6.5,160
Talas,2025-01-06,22:00,2025-01-06T22:00,-0.3,0,0,0,2.3,6.8,162
Talas,2025-01-06,23:00,2025-01-06T23:00,-0.5,0,0,0,1.5,6.5,173
Talas,2025-01-07,00:00,2025-01-07T00:00,0,0,0,0,0.7,5,180
Talas,2025-01-07,01:00,2025-01-07T01:00,0,0,0,0,0.4,3.2,180
Talas,2025-01-07,02:00,2025-01-07T02:00,0,0,0,0,1,3.2,158
Talas,2025-01-07,03:00,2025-01-07T03:00,0.4,0,0,0,1.5,4,144
Talas,2025-01-07,04:00,2025-01-07T04:00,0.3,0,0,0,1.2,2.9,153
Talas,2025-01-07,05:00,2025-01-07T05:00,0.1,0,0,0,1.3,3.6,164
Talas,2025-01-07,06:00,2025-01-07T06:00,0,0,0,0,1.5,4,159
Talas,2025-01-07,07:00,2025-01-07T07:00,0.1,0,0,0,1.6,5,153
Talas,2025-01-07,08:00,2025-01-07T08:00,0.2,0,0,0,0.7,4.7,166
Talas,2025-01-07,09:00,2025-01-07T09:00,2.2,0,0,0,0.9,2.9,191
Talas,2025-01-07,10:00,2025-01-07T10:00,4.7,0,0,0,1.7,8.3,311
Talas,2025-01-07,11:00,2025-01-07T11:00,6.7,0,0,0,3.2,13,360
Talas,2025-01-07,12:00,2025-01-07T12:00,8.4,0,0,0,4.3,15.8,2
Talas,2025-01-07,13:00,2025-01-07T13:00,9.7,0,0,0,4.9,16.9,356
Talas,2025-01-07,14:00,2025-01-07T14:00,10.2,0,0,0,6.3,18.7,336
Talas,2025-01-07,15:00,2025-01-07T15:00,10.2,0,0,0,5.2,18.7,340
Talas,2025-01-07,16:00,2025-01-07T16:00,8.9,0,0,0,4.1,15.8,360
Talas,2025-01-07,17:00,2025-01-07T17:00,5.7,0,0,0,1.5,9.4,97
Talas,2025-01-07,18:00,2025-01-07T18:00,3.6,0,0,0,1.5,4.7,150
Talas,2025-01-07,19:00,2025-01-07T19:00,2.8,0,0,0,1.7,5.4,162
Talas,2025-01-07,20:00,2025-01-07T20:00,2.5,0,0,0,1.3,5.4,172
Talas,2025-01-07,21:00,2025-01-07T21:00,2.4,0,0,0,1.1,4.7,162
Talas,2025-01-07,22:00,2025-01-07T22:00,2.3,0,0,0,0.9,4.7,169
Talas,2025-01-07,23:00,2025-01-07T23:00,2,0,0,0,1.3,5,164
Talas,2025-01-08,00:00,2025-01-08T00:00,1.4,0,0,0,2.3,6.5,162
Talas,2025-01-08,01:00,2025-01-08T01:00,1.5,0,0,0,1.8,6.8,180
Talas,2025-01-08,02:00,2025-01-08T02:00,1.5,0,0,0,1.3,5.8,164
Talas,2025-01-08,03:00,2025-01-08T03:00,1.2,0,0,0,2.5,6.8,159
Talas,2025-01-08,04:00,2025-01-08T04:00,1.3,0,0,0,0.9,4.3,169
Talas,2025-01-08,05:00,2025-01-08T05:00,1,0,0,0,1.5,5.4,166
Talas,2025-01-08,06:00,2025-01-08T06:00,0.8,0,0,0,1.9,6.1,163
Talas,2025-01-08,07:00,2025-01-08T07:00,1.2,0,0,0,1.1,6.1,162
Talas,2025-01-08,08:00,2025-01-08T08:00,2,0,0,0,0.6,4.7,162
Talas,2025-01-08,09:00,2025-01-08T09:00,3.6,0,0,0,0.8,3.6,153
Talas,2025-01-08,10:00,2025-01-08T10:00,6.5,0,0,0,1,5,315
Talas,2025-01-08,11:00,2025-01-08T11:00,8.6,0,0,0,3.2,11.2,344
Talas,2025-01-08,12:00,2025-01-08T12:00,10.1,0,0,0,5.2,16.6,358
Talas,2025-01-08,13:00,2025-01-08T13:00,11.2,0,0,0,5.9,18.4,11
Talas,2025-01-08,14:00,2025-01-08T14:00,11.7,0,0,0,7.1,19.8,353
Talas,2025-01-08,15:00,2025-01-08T15:00,11.1,0,0,0,7.5,20.2,336
Talas,2025-01-08,16:00,2025-01-08T16:00,9.6,0,0,0,4.6,16.2,318
Talas,2025-01-08,17:00,2025-01-08T17:00,6.4,0,0,0,0.4,9.4,180
Talas,2025-01-08,18:00,2025-01-08T18:00,4.8,0,0,0,1.8,4.3,143
Talas,2025-01-08,19:00,2025-01-08T19:00,4.9,0,0,0,2.1,5.4,149
Talas,2025-01-08,20:00,2025-01-08T20:00,5.2,0,0,0,1,5,149
Talas,2025-01-08,21:00,2025-01-08T21:00,4.7,0,0,0,0.8,2.9,153
Talas,2025-01-08,22:00,2025-01-08T22:00,4.4,0,0,0,1.3,4,146
Talas,2025-01-08,23:00,2025-01-08T23:00,3.8,0,0,0,0.2,4,180
Talas,2025-01-09,00:00,2025-01-09T00:00,3.2,0,0,0,0.8,2.9,153
Talas,2025-01-09,01:00,2025-01-09T01:00,3.1,0,0,0,1.3,4.3,146
Talas,2025-01-09,02:00,2025-01-09T02:00,3,0,0,0,1,4.3,158
Talas,2025-01-09,03:00,2025-01-09T03:00,3,0,0,0,0.7,3.6,166
Talas,2025-01-09,04:00,2025-01-09T04:00,2,0,0,0,0.7,4.3,180
Talas,2025-01-09,05:00,2025-01-09T05:00,1.7,0,0,0,1.1,3.6,162
Talas,2025-01-09,06:00,2025-01-09T06:00,1.7,0,0,0,1.4,4,157
Talas,2025-01-09,07:00,2025-01-09T07:00,1.7,0,0,0,1.3,4,146
Talas,2025-01-09,08:00,2025-01-09T08:00,1.7,0,0,0,1.3,4,135
Talas,2025-01-09,09:00,2025-01-09T09:00,3.5,0,0,0,1.3,4,135
Talas,2025-01-09,10:00,2025-01-09T10:00,6.4,0,0,0,0.9,6.1,360
Talas,2025-01-09,11:00,2025-01-09T11:00,8.5,0,0,0,2.6,11.9,348
Talas,2025-01-09,12:00,2025-01-09T12:00,10.3,0,0,0,4.2,15.8,350
Talas,2025-01-09,13:00,2025-01-09T13:00,11.2,0,0,0,5.6,18.4,343
Talas,2025-01-09,14:00,2025-01-09T14:00,11.3,0,0,0,6.1,18.7,341
Talas,2025-01-09,15:00,2025-01-09T15:00,11,0,0,0,5.9,18,346
Talas,2025-01-09,16:00,2025-01-09T16:00,9.8,0,0,0,6.1,18,346
Talas,2025-01-09,17:00,2025-01-09T17:00,6.3,0,0,0,0.9,13,360
Talas,2025-01-09,18:00,2025-01-09T18:00,4,0,0,0,1.5,4.3,144
Talas,2025-01-09,19:00,2025-01-09T19:00,3.5,0,0,0,1.9,5.4,146
Talas,2025-01-09,20:00,2025-01-09T20:00,3.6,0,0,0,1.5,5.4,150
Talas,2025-01-09,21:00,2025-01-09T21:00,3.6,0,0,0,1,4.7,158
Talas,2025-01-09,22:00,2025-01-09T22:00,3.5,0,0,0,1.1,4.3,162
Talas,2025-01-09,23:00,2025-01-09T23:00,3.1,0,0,0,1.1,5,162
Talas,2025-01-10,00:00,2025-01-10T00:00,2.4,0,0,0,1.5,5.8,173
Talas,2025-01-10,01:00,2025-01-10T01:00,1.8,0,0,0,1.8,6.5,174
Talas,2025-01-10,02:00,2025-01-10T02:00,1.7,0,0,0,1.8,6.5,174
Talas,2025-01-10,03:00,2025-01-10T03:00,1.7,0,0,0,1.6,6.5,174
Talas,2025-01-10,04:00,2025-01-10T04:00,0.2,0,0,0,1.8,7.9,180
Talas,2025-01-10,05:00,2025-01-10T05:00,0.1,0,0,0,2.3,8.3,176
Talas,2025-01-10,06:00,2025-01-10T06:00,0,0,0,0,2.5,8.6,176
Talas,2025-01-10,07:00,2025-01-10T07:00,-0.1,0,0,0,2.7,9.4,180
Talas,2025-01-10,08:00,2025-01-10T08:00,-0.1,0,0,0,2.7,9.4,180
Talas,2025-01-10,09:00,2025-01-10T09:00,2.8,0,0,0,2.2,9.4,185
Talas,2025-01-10,10:00,2025-01-10T10:00,7.4,0,0,0,0.4,7.9,270
Talas,2025-01-10,11:00,2025-01-10T11:00,10.7,0,0,0,3.5,13,339
Talas,2025-01-10,12:00,2025-01-10T12:00,12.7,0,0,0,3.1,15.1,339
Talas,2025-01-10,13:00,2025-01-10T13:00,13.5,0,0,0,2.8,15.5,325
Talas,2025-01-10,14:00,2025-01-10T14:00,13.5,0,0,0,3.7,14.8,299
Talas,2025-01-10,15:00,2025-01-10T15:00,12.8,0,0,0,5.2,14.8,284
Talas,2025-01-10,16:00,2025-01-10T16:00,10.9,0,0,0,4.7,13.7,272
Talas,2025-01-10,17:00,2025-01-10T17:00,7.4,0,0,0,2.1,9.7,239
Talas,2025-01-10,18:00,2025-01-10T18:00,5.1,0,0,0,1.1,4.7,171
Talas,2025-01-10,19:00,2025-01-10T19:00,2.7,0,0,0,3.2,7.9,164
Talas,2025-01-10,20:00,2025-01-10T20:00,1.9,0,0,0,5.1,12.6,170
Talas,2025-01-10,21:00,2025-01-10T21:00,1.6,0,0,0,5.8,14.8,166
Talas,2025-01-10,22:00,2025-01-10T22:00,1.3,0,0,0,6.3,16.6,167
Talas,2025-01-10,23:00,2025-01-10T23:00,1.1,0,0,0,5.7,16.6,169
Talas,2025-01-11,00:00,2025-01-11T00:00,0.6,0,0,0,4.9,15.5,172
Talas,2025-01-11,01:00,2025-01-11T01:00,0.1,0,0,0,4.4,14,168
Talas,2025-01-11,02:00,2025-01-11T02:00,-0.2,0,0,0,4.1,13.3,167
Talas,2025-01-11,03:00,2025-01-11T03:00,-0.6,0,0,0,3.3,13,167
Talas,2025-01-11,04:00,2025-01-11T04:00,-0.8,0,0,0,2,10.4,170
Talas,2025-01-11,05:00,2025-01-11T05:00,-1,0,0,0,1.8,9.7,174
Talas,2025-01-11,06:00,2025-01-11T06:00,-0.9,0,0,0,2.6,10.1,168
Talas,2025-01-11,07:00,2025-01-11T07:00,-0.7,0,0,0,3.5,11.9,168
Talas,2025-01-11,08:00,2025-01-11T08:00,-0.4,0,0,0,3.7,11.9,166
Talas,2025-01-11,09:00,2025-01-11T09:00,1.8,0,0,0,4.1,11.5,167
Talas,2025-01-11,10:00,2025-01-11T10:00,5.6,0,0,0,1,10.1,225
Talas,2025-01-11,11:00,2025-01-11T11:00,7.5,0,0,0,3.8,14.4,343
Talas,2025-01-11,12:00,2025-01-11T12:00,8.6,0,0,0,5.4,18.4,346
Talas,2025-01-11,13:00,2025-01-11T13:00,9.3,0,0,0,6.2,20.2,8
Talas,2025-01-11,14:00,2025-01-11T14:00,10,0,0,0,7.1,21.6,9
Talas,2025-01-11,15:00,2025-01-11T15:00,10,0,0,0,7.4,21.6,360
Talas,2025-01-11,16:00,2025-01-11T16:00,8.6,0,0,0,7.6,21.2,360
Talas,2025-01-11,17:00,2025-01-11T17:00,5.3,0,0,0,1.3,16.2,90
Talas,2025-01-11,18:00,2025-01-11T18:00,3.2,0,0,0,2.2,5,156
Talas,2025-01-11,19:00,2025-01-11T19:00,2.8,0,0,0,2.1,6.1,160
Talas,2025-01-11,20:00,2025-01-11T20:00,2.7,0,0,0,2,5.4,153
Talas,2025-01-11,21:00,2025-01-11T21:00,1.7,0,0,0,2.1,5.8,160
Talas,2025-01-11,22:00,2025-01-11T22:00,1.3,0,0,0,1.9,7.6,163
Talas,2025-01-11,23:00,2025-01-11T23:00,1,0,0,0,3.5,11.5,159
Talas,2025-01-12,00:00,2025-01-12T00:00,1,0,0,0,2.5,11.5,159
Talas,2025-01-12,01:00,2025-01-12T01:00,-0.3,0,0,0,4.2,13.3,155
Talas,2025-01-12,02:00,2025-01-12T02:00,-0.5,0,0,0,2.6,13.3,164
Talas,2025-01-12,03:00,2025-01-12T03:00,-0.9,0,0,0,3.2,12.2,161
Talas,2025-01-12,04:00,2025-01-12T04:00,0,0,0,0,4.4,13,159
Talas,2025-01-12,05:00,2025-01-12T05:00,0.5,0,0,0,5.1,14,163
Talas,2025-01-12,06:00,2025-01-12T06:00,2,0,0,0,3.8,14.4,161
Talas,2025-01-12,07:00,2025-01-12T07:00,2.5,0,0,0,3.1,10.1,159
Talas,2025-01-12,08:00,2025-01-12T08:00,3.2,0,0,0,4.1,9,146
Talas,2025-01-12,09:00,2025-01-12T09:00,4.5,0,0,0,4.1,10.4,146
Talas,2025-01-12,10:00,2025-01-12T10:00,7,0,0,0,2.6,9,115
Talas,2025-01-12,11:00,2025-01-12T11:00,9.1,0,0,0,2.1,11.5,38
Talas,2025-01-12,12:00,2025-01-12T12:00,10.7,0,0,0,2.2,13.7,24
Talas,2025-01-12,13:00,2025-01-12T13:00,11.5,0,0,0,3.5,15.8,9
Talas,2025-01-12,14:00,2025-01-12T14:00,12.1,0,0,0,4.5,17.3,358
Talas,2025-01-12,15:00,2025-01-12T15:00,12.3,0,0,0,5.6,18.7,358
Talas,2025-01-12,16:00,2025-01-12T16:00,10.6,0,0,0,4.7,18.7,9
Talas,2025-01-12,17:00,2025-01-12T17:00,7.4,0,0,0,1.1,11.9,81
Talas,2025-01-12,18:00,2025-01-12T18:00,3.7,0,0,0,4.4,9,150
Talas,2025-01-12,19:00,2025-01-12T19:00,2.9,0,0,0,6.2,15.8,165
Talas,2025-01-12,20:00,2025-01-12T20:00,3.2,0,0,0,5.2,16.2,160
Talas,2025-01-12,21:00,2025-01-12T21:00,3.3,0,0,0,4.6,13.7,162
Talas,2025-01-12,22:00,2025-01-12T22:00,2.6,0,0,0,5,13.3,159
Talas,2025-01-12,23:00,2025-01-12T23:00,2.8,0,0,0,4.4,13.3,159
Talas,2025-01-13,00:00,2025-01-13T00:00,2,0,0,0,4.2,12.2,162
Talas,2025-01-13,01:00,2025-01-13T01:00,1.7,0,0,0,3.5,12.2,165
Talas,2025-01-13,02:00,2025-01-13T02:00,1.8,0,0,0,3,11.2,163
Talas,2025-01-13,03:00,2025-01-13T03:00,1.7,0,0,0,3.2,9,153
Talas,2025-01-13,04:00,2025-01-13T04:00,2.8,0,0,0,4.8,11.9,149
Talas,2025-01-13,05:00,2025-01-13T05:00,3.2,0,0,0,5,12.6,150
Talas,2025-01-13,06:00,2025-01-13T06:00,2.9,0,0,0,4.7,12.6,152
Talas,2025-01-13,07:00,2025-01-13T07:00,3,0,0,0,4,11.5,150
Talas,2025-01-13,08:00,2025-01-13T08:00,3.1,0,0,0,3.3,10.1,151
Talas,2025-01-13,09:00,2025-01-13T09:00,4.8,0,0,0,4.1,9.4,142
Talas,2025-01-13,10:00,2025-01-13T10:00,7.1,0,0,0,4.5,10.8,106
Talas,2025-01-13,11:00,2025-01-13T11:00,9,0,0,0,4,13,90
Talas,2025-01-13,12:00,2025-01-13T12:00,10.7,0,0,0,5.1,15.8,96
Talas,2025-01-13,13:00,2025-01-13T13:00,12.3,0,0,0,7.5,19.8,123
Talas,2025-01-13,14:00,2025-01-13T14:00,13.1,0,0,0,4.3,20.2,135
Talas,2025-01-13,15:00,2025-01-13T15:00,13.2,0,0,0,1.7,15.1,122
Talas,2025-01-13,16:00,2025-01-13T16:00,12.7,0,0,0,4,14.8,80
Talas,2025-01-13,17:00,2025-01-13T17:00,10.8,0,0,0,1.3,12.2,124
Talas,2025-01-13,18:00,2025-01-13T18:00,7.4,0,0,0,4.8,9.7,151
Talas,2025-01-13,19:00,2025-01-13T19:00,6.9,0,0,0,7.4,15.8,162
Talas,2025-01-13,20:00,2025-01-13T20:00,4.6,0,0,0,6.4,16.2,164
Talas,2025-01-13,21:00,2025-01-13T21:00,3.8,0,0,0,7.2,17.6,161
Talas,2025-01-13,22:00,2025-01-13T22:00,3.8,0,0,0,6.4,17.6,162
Talas,2025-01-13,23:00,2025-01-13T23:00,3.8,0,0,0,6.2,16.2,163
Talas,2025-01-14,00:00,2025-01-14T00:00,3.2,0,0,0,3.6,15.5,171
Talas,2025-01-14,01:00,2025-01-14T01:00,2.8,0,0,0,2.9,11.2,173
Talas,2025-01-14,02:00,2025-01-14T02:00,2.5,0,0,0,2,9.7,170
Talas,2025-01-14,03:00,2025-01-14T03:00,2,0,0,0,1.5,7.9,173
Talas,2025-01-14,04:00,2025-01-14T04:00,2.7,0,0,0,1.8,7.9,174
Talas,2025-01-14,05:00,2025-01-14T05:00,2.6,0,0,0,3,8.6,163
Talas,2025-01-14,06:00,2025-01-14T06:00,2.8,0,0,0,3.9,10.8,167
Talas,2025-01-14,07:00,2025-01-14T07:00,2.8,0,0,0,3.5,10.4,171
Talas,2025-01-14,08:00,2025-01-14T08:00,2.8,0,0,0,2.1,9.4,165
Talas,2025-01-14,09:00,2025-01-14T09:00,4.7,0,0,0,2.5,5,135
Talas,2025-01-14,10:00,2025-01-14T10:00,7.2,0,0,0,3,9.4,107
Talas,2025-01-14,11:00,2025-01-14T11:00,9.2,0,0,0,2.3,12.2,51
Talas,2025-01-14,12:00,2025-01-14T12:00,10.4,0,0,0,4.3,16.9,28
Talas,2025-01-14,13:00,2025-01-14T13:00,11.3,0,0,0,5.2,19.1,16
Talas,2025-01-14,14:00,2025-01-14T14:00,11.9,0,0,0,6.9,22,9
Talas,2025-01-14,15:00,2025-01-14T15:00,12,0,0,0,6.9,22.3,7
Talas,2025-01-14,16:00,2025-01-14T16:00,11,0.1,0.1,0,6.4,21.6,350
Talas,2025-01-14,17:00,2025-01-14T17:00,9.3,0,0,0,0.3,16.9,225
Talas,2025-01-14,18:00,2025-01-14T18:00,7.4,0,0,0,1,4.3,158
Talas,2025-01-14,19:00,2025-01-14T19:00,6.5,0,0,0,1.7,5.4,139
Talas,2025-01-14,20:00,2025-01-14T20:00,5.4,0,0,0,1.9,5.4,151
Talas,2025-01-14,21:00,2025-01-14T21:00,4.1,0,0,0,2.8,6.8,162
Talas,2025-01-14,22:00,2025-01-14T22:00,3.6,0,0,0,2.6,7.6,168
Talas,2025-01-14,23:00,2025-01-14T23:00,3.1,0,0,0,2.6,8.3,168
Talas,2025-01-15,00:00,2025-01-15T00:00,2.5,0,0,0,2.9,9.4,169
Talas,2025-01-15,01:00,2025-01-15T01:00,2.1,0,0,0,2.9,10.1,173
Talas,2025-01-15,02:00,2025-01-15T02:00,2,0,0,0,2.7,10.4,172
Talas,2025-01-15,03:00,2025-01-15T03:00,1.7,0,0,0,2.7,9.4,172
Talas,2025-01-15,04:00,2025-01-15T04:00,2.7,0,0,0,2,6.8,180
Talas,2025-01-15,05:00,2025-01-15T05:00,2.8,0,0,0,1.6,5.8,174
Talas,2025-01-15,06:00,2025-01-15T06:00,1.4,0,0,0,2.8,6.8,162
Talas,2025-01-15,07:00,2025-01-15T07:00,1.8,0,0,0,3,7.9,163
Talas,2025-01-15,08:00,2025-01-15T08:00,0.8,0,0,0,2.8,8.3,165
Talas,2025-01-15,09:00,2025-01-15T09:00,3.6,0,0,0,2.2,8.3,175
Talas,2025-01-15,10:00,2025-01-15T10:00,7.2,0,0,0,1.8,8.3,349
Talas,2025-01-15,11:00,2025-01-15T11:00,9.4,0,0,0,3.4,15.1,354
Talas,2025-01-15,12:00,2025-01-15T12:00,10.9,0,0,0,4.2,18,348
Talas,2025-01-15,13:00,2025-01-15T13:00,11.8,0,0,0,5.3,20.2,342
Talas,2025-01-15,14:00,2025-01-15T14:00,12.3,0,0,0,4.7,20.9,342
Talas,2025-01-15,15:00,2025-01-15T15:00,12.2,0,0,0,5.4,19.4,339
Talas,2025-01-15,16:00,2025-01-15T16:00,10.4,0,0,0,9.4,23.4,315
Talas,2025-01-15,17:00,2025-01-15T17:00,9.3,0.2,0.2,0,6.3,23,305
Talas,2025-01-15,18:00,2025-01-15T18:00,6.6,2.5,2.3,0.14,5.2,14.4,282
Talas,2025-01-15,19:00,2025-01-15T19:00,6.1,0.2,0.2,0,0.4,11.5,117
Talas,2025-01-15,20:00,2025-01-15T20:00,5.8,0.7,0.7,0,1.1,4,279
Talas,2025-01-15,21:00,2025-01-15T21:00,5.7,1,1,0,1.4,5.8,90
Talas,2025-01-15,22:00,2025-01-15T22:00,4.2,1.9,1.6,0.21,3.4,8.3,137
Talas,2025-01-15,23:00,2025-01-15T23:00,3.5,3.3,1.7,1.12,0.7,6.8,166
Talas,2025-01-16,00:00,2025-01-16T00:00,3.8,0.6,0.4,0.14,2.2,5,166
Talas,2025-01-16,01:00,2025-01-16T01:00,3.3,0,0,0,0.4,4.3,180
Talas,2025-01-16,02:00,2025-01-16T02:00,2.7,0,0,0,0.5,2.2,180
Talas,2025-01-16,03:00,2025-01-16T03:00,2.9,0,0,0,0.2,2.5,180
Talas,2025-01-16,04:00,2025-01-16T04:00,3.6,0.2,0.2,0,3.1,9,234
Talas,2025-01-16,05:00,2025-01-16T05:00,3.2,0,0,0,4.9,10.8,237
Talas,2025-01-16,06:00,2025-01-16T06:00,3.1,0,0,0,4.7,11.2,238
Talas,2025-01-16,07:00,2025-01-16T07:00,2.9,0,0,0,4.5,10.1,214
Talas,2025-01-16,08:00,2025-01-16T08:00,2.8,0,0,0,5,8.6,206
Talas,2025-01-16,09:00,2025-01-16T09:00,4,0,0,0,6.7,9.7,199
Talas,2025-01-16,10:00,2025-01-16T10:00,5.5,0,0,0,4.4,12.2,218
Talas,2025-01-16,11:00,2025-01-16T11:00,6.8,0,0,0,4.4,16.2,297
Talas,2025-01-16,12:00,2025-01-16T12:00,7.2,0,0,0,6.1,19.1,304
Talas,2025-01-16,13:00,2025-01-16T13:00,7.3,0,0,0,7.7,22,301
Talas,2025-01-16,14:00,2025-01-16T14:00,7.9,0.1,0.1,0,9.3,24.1,294
Talas,2025-01-16,15:00,2025-01-16T15:00,7.9,0,0,0,10.5,24.8,286
Talas,2025-01-16,16:00,2025-01-16T16:00,6.3,0.5,0.5,0,9,19.8,270
Talas,2025-01-16,17:00,2025-01-16T17:00,4.6,0.2,0.2,0,9.3,21.2,236
Talas,2025-01-16,18:00,2025-01-16T18:00,4.2,0,0,0,8.6,15.8,217
Talas,2025-01-16,19:00,2025-01-16T19:00,3.6,0,0,0,5.9,14,225
Talas,2025-01-16,20:00,2025-01-16T20:00,3.3,0,0,0,6,11.2,229
Talas,2025-01-16,21:00,2025-01-16T21:00,3.1,0,0,0,5.7,12.6,238
Talas,2025-01-16,22:00,2025-01-16T22:00,2.1,0,0,0,5.1,11.5,216
Talas,2025-01-16,23:00,2025-01-16T23:00,2.4,0.1,0.1,0,5.5,10.4,221
Talas,2025-01-17,00:00,2025-01-17T00:00,2.5,0.1,0.1,0,6.3,11.9,231
Talas,2025-01-17,01:00,2025-01-17T01:00,2.5,0.1,0.1,0,6,12.6,231
Talas,2025-01-17,02:00,2025-01-17T02:00,2.2,0,0,0,5.8,12.2,240
Talas,2025-01-17,03:00,2025-01-17T03:00,2,0,0,0,6,12.2,237
Talas,2025-01-17,04:00,2025-01-17T04:00,2.3,0.1,0.1,0,4.3,10.8,237
Talas,2025-01-17,05:00,2025-01-17T05:00,1.8,0.1,0.1,0,4.2,9.4,252
Talas,2025-01-17,06:00,2025-01-17T06:00,1.9,0.1,0.1,0,5.7,10.4,252
Talas,2025-01-17,07:00,2025-01-17T07:00,1.8,0.2,0.1,0.07,7,12.2,244
Talas,2025-01-17,08:00,2025-01-17T08:00,1.6,0.5,0,0.35,6.4,11.9,248
Talas,2025-01-17,09:00,2025-01-17T09:00,1.8,0.3,0.1,0.14,5,11.2,224
Talas,2025-01-17,10:00,2025-01-17T10:00,2.8,0,0,0,2,10.8,175
Talas,2025-01-17,11:00,2025-01-17T11:00,3.6,0,0,0,3.1,14.8,54
Talas,2025-01-17,12:00,2025-01-17T12:00,4.5,0,0,0,3.3,15.8,354
Talas,2025-01-17,13:00,2025-01-17T13:00,4.9,0,0,0,4.6,17.6,306
Talas,2025-01-17,14:00,2025-01-17T14:00,5.3,0,0,0,7.3,20.5,293
Talas,2025-01-17,15:00,2025-01-17T15:00,5.7,0,0,0,10.1,24.8,301
Talas,2025-01-17,16:00,2025-01-17T16:00,5.3,0,0,0,12.5,29.2,306
Talas,2025-01-17,17:00,2025-01-17T17:00,4.1,0,0,0,10.2,28.4,284
Talas,2025-01-17,18:00,2025-01-17T18:00,2.1,0,0,0,7.6,20.5,255
Talas,2025-01-17,19:00,2025-01-17T19:00,1.4,0,0,0,7.6,15.8,236
Talas,2025-01-17,20:00,2025-01-17T20:00,0.7,0,0,0,8.7,15.5,218
Talas,2025-01-17,21:00,2025-01-17T21:00,0.3,0,0,0,7.7,15.5,217
Talas,2025-01-17,22:00,2025-01-17T22:00,0,0,0,0,6.2,14.4,221
Talas,2025-01-17,23:00,2025-01-17T23:00,-0.4,0,0,0,5.6,12.2,222
Talas,2025-01-18,00:00,2025-01-18T00:00,-0.7,0,0,0,5.2,11.5,221
Talas,2025-01-18,01:00,2025-01-18T01:00,-0.8,0,0,0,5.3,11.5,225
Talas,2025-01-18,02:00,2025-01-18T02:00,-1.1,0,0,0,5.4,11.9,222
Talas,2025-01-18,03:00,2025-01-18T03:00,-1.5,0,0,0,4.5,11.5,217
Talas,2025-01-18,04:00,2025-01-18T04:00,-1.5,0,0,0,4.9,13.3,234
Talas,2025-01-18,05:00,2025-01-18T05:00,-1.7,0,0,0,4.1,10.8,229
Talas,2025-01-18,06:00,2025-01-18T06:00,-1.5,0,0,0,3.7,9.4,219
Talas,2025-01-18,07:00,2025-01-18T07:00,-1.5,0,0,0,3.9,9.4,223
Talas,2025-01-18,08:00,2025-01-18T08:00,-1.5,0,0,0,4.4,10.1,218
Talas,2025-01-18,09:00,2025-01-18T09:00,0.9,0,0,0,5.2,11.2,314
Talas,2025-01-18,10:00,2025-01-18T10:00,2.2,0,0,0,6,17.3,299
Talas,2025-01-18,11:00,2025-01-18T11:00,3.7,0,0,0,9.8,24.1,293
Talas,2025-01-18,12:00,2025-01-18T12:00,5.1,0,0,0,12.4,29.2,289
Talas,2025-01-18,13:00,2025-01-18T13:00,5.9,0,0,0,14.4,32.8,286
Talas,2025-01-18,14:00,2025-01-18T14:00,6.5,0,0,0,16.5,36.7,283
Talas,2025-01-18,15:00,2025-01-18T15:00,6.5,0,0,0,16.4,37.1,278
Talas,2025-01-18,16:00,2025-01-18T16:00,5.9,0,0,0,16.5,36.4,281
Talas,2025-01-18,17:00,2025-01-18T17:00,4.8,0,0,0,13.7,34.9,268
Talas,2025-01-18,18:00,2025-01-18T18:00,2.9,0,0,0,11.5,28.1,250
Talas,2025-01-18,19:00,2025-01-18T19:00,2.1,0,0,0,11.1,23.4,239
Talas,2025-01-18,20:00,2025-01-18T20:00,1.5,0,0,0,10.5,22.3,237
Talas,2025-01-18,21:00,2025-01-18T21:00,1.1,0,0,0,9.7,21.2,228
Talas,2025-01-18,22:00,2025-01-18T22:00,0.7,0,0,0,8.8,19.1,221
Talas,2025-01-18,23:00,2025-01-18T23:00,0.5,0,0,0,8.1,17.6,219
Talas,2025-01-19,00:00,2025-01-19T00:00,0.1,0,0,0,6.6,15.8,223
Talas,2025-01-19,01:00,2025-01-19T01:00,-0.4,0,0,0,5.5,13.7,226
Talas,2025-01-19,02:00,2025-01-19T02:00,-0.5,0,0,0,6,13.3,231
Talas,2025-01-19,03:00,2025-01-19T03:00,-0.7,0,0,0,5.7,14,235
Talas,2025-01-19,04:00,2025-01-19T04:00,-0.4,0,0,0,7.1,16.9,246
Talas,2025-01-19,05:00,2025-01-19T05:00,-0.4,0,0,0,7.1,16.9,246
Talas,2025-01-19,06:00,2025-01-19T06:00,-0.8,0,0,0,6,16.2,260
Talas,2025-01-19,07:00,2025-01-19T07:00,-1.1,0,0,0,5.8,14.8,266
Talas,2025-01-19,08:00,2025-01-19T08:00,-1.2,0,0,0,5.6,14.4,266
Talas,2025-01-19,09:00,2025-01-19T09:00,1.5,0,0,0,8.6,17.3,262
Talas,2025-01-19,10:00,2025-01-19T10:00,3.6,0,0,0,9,22,307
Talas,2025-01-19,11:00,2025-01-19T11:00,5,0,0,0,12.2,28.8,297
Talas,2025-01-19,12:00,2025-01-19T12:00,6.3,0,0,0,16,35.3,287
Talas,2025-01-19,13:00,2025-01-19T13:00,7.3,0,0,0,19.3,42.1,279
Talas,2025-01-19,14:00,2025-01-19T14:00,8,0,0,0,20.3,43.9,276
Talas,2025-01-19,15:00,2025-01-19T15:00,8,0,0,0,20.6,43.9,274
Talas,2025-01-19,16:00,2025-01-19T16:00,7.4,0,0,0,19.4,42.5,269
Talas,2025-01-19,17:00,2025-01-19T17:00,6.2,0,0,0,16.1,39.6,266
Talas,2025-01-19,18:00,2025-01-19T18:00,4.1,0,0,0,12.4,33.1,262
Talas,2025-01-19,19:00,2025-01-19T19:00,3.4,0,0,0,11.6,27.4,255
Talas,2025-01-19,20:00,2025-01-19T20:00,3.4,0,0,0,13.7,29.9,254
Talas,2025-01-19,21:00,2025-01-19T21:00,3.7,0,0,0,14.9,32.4,255
Talas,2025-01-19,22:00,2025-01-19T22:00,3.5,0,0,0,14.6,32.8,261
Talas,2025-01-19,23:00,2025-01-19T23:00,3.1,0,0,0,14.5,32,265
Talas,2025-01-20,00:00,2025-01-20T00:00,2.7,0,0,0,14.1,31.7,265
Talas,2025-01-20,01:00,2025-01-20T01:00,2.3,0,0,0,13.9,31,265
Talas,2025-01-20,02:00,2025-01-20T02:00,2,0,0,0,14.1,30.2,263
Talas,2025-01-20,03:00,2025-01-20T03:00,1.3,0,0,0,12.3,29.9,258
Talas,2025-01-20,04:00,2025-01-20T04:00,0.2,0,0,0,10,24.8,250
Talas,2025-01-20,05:00,2025-01-20T05:00,-0.4,0,0,0,10.5,21.2,239
Talas,2025-01-20,06:00,2025-01-20T06:00,-0.7,0,0,0,10,21.2,237
Talas,2025-01-20,07:00,2025-01-20T07:00,-1,0,0,0,8.9,20.2,228
Talas,2025-01-20,08:00,2025-01-20T08:00,-1.1,0,0,0,8.5,18,224
Talas,2025-01-20,09:00,2025-01-20T09:00,0.5,0,0,0,10.2,18.4,233
Talas,2025-01-20,10:00,2025-01-20T10:00,2,0,0,0,7.8,19.8,261
Talas,2025-01-20,11:00,2025-01-20T11:00,3.3,0,0,0,7.6,20.9,270
Talas,2025-01-20,12:00,2025-01-20T12:00,4.3,0,0,0,7.5,21.6,281
Talas,2025-01-20,13:00,2025-01-20T13:00,4.9,0,0,0,7.8,22.7,292
Talas,2025-01-20,14:00,2025-01-20T14:00,5.5,0,0,0,7.1,23,286
Talas,2025-01-20,15:00,2025-01-20T15:00,5.7,0,0,0,7,21.2,283
Talas,2025-01-20,16:00,2025-01-20T16:00,5.1,0,0,0,7.3,19.8,293
Talas,2025-01-20,17:00,2025-01-20T17:00,3.8,0,0,0,5.3,19.8,288
Talas,2025-01-20,18:00,2025-01-20T18:00,0.7,0,0,0,3.4,12.2,238
Talas,2025-01-20,19:00,2025-01-20T19:00,0.3,0,0,0,2.7,7.6,212
Talas,2025-01-20,20:00,2025-01-20T20:00,0.2,0,0,0,2.6,5.4,196
Talas,2025-01-20,21:00,2025-01-20T21:00,0.2,0,0,0,1.8,4.7,174
Talas,2025-01-20,22:00,2025-01-20T22:00,-0.1,0,0,0,1.2,4.3,141
Talas,2025-01-20,23:00,2025-01-20T23:00,-0.7,0,0,0,1,4,135
Talas,2025-01-21,00:00,2025-01-21T00:00,-1.2,0,0,0,1.4,4.3,157
Talas,2025-01-21,01:00,2025-01-21T01:00,-1.3,0,0,0,0.7,4,180
Talas,2025-01-21,02:00,2025-01-21T02:00,-1.5,0,0,0,0.7,2.9,194
Talas,2025-01-21,03:00,2025-01-21T03:00,-1.5,0,0,0,1.1,3.2,198
Talas,2025-01-21,04:00,2025-01-21T04:00,-2.2,0,0,0,1.5,4.7,225
Talas,2025-01-21,05:00,2025-01-21T05:00,-2.5,0,0,0,1.6,4.7,207
Talas,2025-01-21,06:00,2025-01-21T06:00,-2.6,0,0,0,1.3,4.7,164
Talas,2025-01-21,07:00,2025-01-21T07:00,-2.6,0,0,0,2.2,6.1,171
Talas,2025-01-21,08:00,2025-01-21T08:00,-2.5,0,0,0,2.6,6.8,164
Talas,2025-01-21,09:00,2025-01-21T09:00,0.9,0,0,0,2.5,7.9,172
Talas,2025-01-21,10:00,2025-01-21T10:00,3.9,0,0,0,4.8,13,290
Talas,2025-01-21,11:00,2025-01-21T11:00,4.9,0,0,0,7.5,20.9,316
Talas,2025-01-21,12:00,2025-01-21T12:00,6,0,0,0,3.8,20.5,352
Talas,2025-01-21,13:00,2025-01-21T13:00,7.8,0,0,0,4.3,16.9,24
Talas,2025-01-21,14:00,2025-01-21T14:00,9,0,0,0,5.1,17.6,8
Talas,2025-01-21,15:00,2025-01-21T15:00,9,0,0,0,5.6,17.6,353
Talas,2025-01-21,16:00,2025-01-21T16:00,8.8,0,0,0,5.9,16.9,346
Talas,2025-01-21,17:00,2025-01-21T17:00,5.3,0,0,0,1.4,13.3,293
Talas,2025-01-21,18:00,2025-01-21T18:00,3.2,0,0,0,0.6,3.6,146
Talas,2025-01-21,19:00,2025-01-21T19:00,3.1,0,0,0,1,3.2,135
Talas,2025-01-21,20:00,2025-01-21T20:00,2.8,0,0,0,1.2,3.6,141
Talas,2025-01-21,21:00,2025-01-21T21:00,3,0,0,0,1.2,4,141
Talas,2025-01-21,22:00,2025-01-21T22:00,2.7,0,0,0,0.9,3.6,143
Talas,2025-01-21,23:00,2025-01-21T23:00,1.5,0,0,0,2.9,7.2,150
Talas,2025-01-22,00:00,2025-01-22T00:00,0.8,0,0,0,3.6,9,160
Talas,2025-01-22,01:00,2025-01-22T01:00,0.5,0,0,0,2.9,9,169
Talas,2025-01-22,02:00,2025-01-22T02:00,-0.2,0,0,0,3.3,9,174
Talas,2025-01-22,03:00,2025-01-22T03:00,-0.1,0,0,0,1.6,9,174
Talas,2025-01-22,04:00,2025-01-22T04:00,0.4,0,0,0,1.5,7.2,159
Talas,2025-01-22,05:00,2025-01-22T05:00,-0.3,0,0,0,1.1,5.4,180
Talas,2025-01-22,06:00,2025-01-22T06:00,-0.5,0,0,0,0.7,4.3,166
Talas,2025-01-22,07:00,2025-01-22T07:00,-0.9,0,0,0,3.4,7.9,148
Talas,2025-01-22,08:00,2025-01-22T08:00,0.9,0,0,0,1.5,8.6,187
Talas,2025-01-22,09:00,2025-01-22T09:00,2.5,0,0,0,0.4,4.3,180
Talas,2025-01-22,10:00,2025-01-22T10:00,5.3,0,0,0,0.5,4.3,315
Talas,2025-01-22,11:00,2025-01-22T11:00,5.7,0,0,0,3.3,8.3,319
Talas,2025-01-22,12:00,2025-01-22T12:00,6,0,0,0,4.4,11.9,325
Talas,2025-01-22,13:00,2025-01-22T13:00,6.8,0,0,0,3.8,13.3,343
Talas,2025-01-22,14:00,2025-01-22T14:00,7.5,0,0,0,3.3,13.7,331
Talas,2025-01-22,15:00,2025-01-22T15:00,7.5,0,0,0,3.1,13,298
Talas,2025-01-22,16:00,2025-01-22T16:00,8.3,0,0,0,1,10.4,135
Talas,2025-01-22,17:00,2025-01-22T17:00,5.6,0,0,0,0.8,4,153
Talas,2025-01-22,18:00,2025-01-22T18:00,3.6,0,0,0,3,5.8,155
Talas,2025-01-22,19:00,2025-01-22T19:00,2.9,0,0,0,4.6,9.4,149
Talas,2025-01-22,20:00,2025-01-22T20:00,2.9,0,0,0,4.4,9.7,153
Talas,2025-01-22,21:00,2025-01-22T21:00,2.6,0,0,0,4.3,9.7,158
Talas,2025-01-22,22:00,2025-01-22T22:00,2.4,0,0,0,4,8.6,150
Talas,2025-01-22,23:00,2025-01-22T23:00,1.9,0,0,0,3.6,7.9,147
Talas,2025-01-23,00:00,2025-01-23T00:00,1.9,0,0,0,2.3,6.8,151
Talas,2025-01-23,01:00,2025-01-23T01:00,1.8,0,0,0,1,4.7,149
Talas,2025-01-23,02:00,2025-01-23T02:00,1.6,0.1,0,0.07,0.6,2.9,162
Talas,2025-01-23,03:00,2025-01-23T03:00,1.5,0.1,0,0.07,0.4,2.2,270
Talas,2025-01-23,04:00,2025-01-23T04:00,1.3,0.2,0,0.14,0.7,2.9,104
Talas,2025-01-23,05:00,2025-01-23T05:00,1.1,0.2,0,0.14,0.6,2.9,124
Talas,2025-01-23,06:00,2025-01-23T06:00,1,0.1,0,0.07,0.3,2.5,225
Talas,2025-01-23,07:00,2025-01-23T07:00,1.1,0.1,0,0.07,1.3,2.9,304
Talas,2025-01-23,08:00,2025-01-23T08:00,0.9,0.1,0,0.07,2.1,5.4,322
Talas,2025-01-23,09:00,2025-01-23T09:00,1.4,0.2,0,0.14,2.5,5.4,60
Talas,2025-01-23,10:00,2025-01-23T10:00,2.9,0.1,0,0.07,3.1,10.4,360
Talas,2025-01-23,11:00,2025-01-23T11:00,4.1,0,0,0,5.3,16.9,348
Talas,2025-01-23,12:00,2025-01-23T12:00,3.9,0,0,0,5.8,17.3,353
Talas,2025-01-23,13:00,2025-01-23T13:00,3.4,0.1,0.1,0,6,16.9,3
Talas,2025-01-23,14:00,2025-01-23T14:00,3.7,0.1,0.1,0,5.8,16.2,20
Talas,2025-01-23,15:00,2025-01-23T15:00,4.1,0,0,0,5.8,16.2,30
Talas,2025-01-23,16:00,2025-01-23T16:00,4.4,0,0,0,5.1,15.5,45
Talas,2025-01-23,17:00,2025-01-23T17:00,4,0.1,0.1,0,3.7,14,67
Talas,2025-01-23,18:00,2025-01-23T18:00,1.9,0.1,0.1,0,4.1,8.6,124
Talas,2025-01-23,19:00,2025-01-23T19:00,1.5,0.1,0.1,0,3.2,9,146
Talas,2025-01-23,20:00,2025-01-23T20:00,0.7,1.2,0.3,0.63,2.3,6.5,157
Talas,2025-01-23,21:00,2025-01-23T21:00,0.5,1.3,0.1,0.84,2.2,5,204
Talas,2025-01-23,22:00,2025-01-23T22:00,0.6,0.5,0,0.35,0.3,5.4,135
Talas,2025-01-23,23:00,2025-01-23T23:00,-0.1,0,0,0,3.2,6.1,137
Talas,2025-01-24,00:00,2025-01-24T00:00,-0.7,0,0,0,1.2,5.8,153
Talas,2025-01-24,01:00,2025-01-24T01:00,-0.8,0,0,0,0.7,2.9,180
Talas,2025-01-24,02:00,2025-01-24T02:00,-1.2,0,0,0,1.2,3.6,153
Talas,2025-01-24,03:00,2025-01-24T03:00,-1.8,0,0,0,1.4,4,157
Talas,2025-01-24,04:00,2025-01-24T04:00,-0.2,0,0,0,0.6,3.6,146
Talas,2025-01-24,05:00,2025-01-24T05:00,0.2,0,0,0,1.7,4.3,122
Talas,2025-01-24,06:00,2025-01-24T06:00,-0.1,0,0,0,1,4.3,112
Talas,2025-01-24,07:00,2025-01-24T07:00,0.2,0,0,0,1.7,4,103
Talas,2025-01-24,08:00,2025-01-24T08:00,0.3,0,0,0,2.4,5.4,107
Talas,2025-01-24,09:00,2025-01-24T09:00,0.8,0,0,0,2.1,5.4,105
Talas,2025-01-24,10:00,2025-01-24T10:00,1.8,0,0,0,1.5,6.1,60
Talas,2025-01-24,11:00,2025-01-24T11:00,3,0,0,0,3.1,10.4,31
Talas,2025-01-24,12:00,2025-01-24T12:00,3.7,0,0,0,3.5,12.6,12
Talas,2025-01-24,13:00,2025-01-24T13:00,4.1,0,0,0,3.8,13.7,349
Talas,2025-01-24,14:00,2025-01-24T14:00,4.3,0,0,0,4.5,14.8,344
Talas,2025-01-24,15:00,2025-01-24T15:00,4.3,0,0,0,3.8,14.8,352
Talas,2025-01-24,16:00,2025-01-24T16:00,4.5,0,0,0,4.3,16.2,332
Talas,2025-01-24,17:00,2025-01-24T17:00,3.5,0,0,0,2.1,13.7,15
Talas,2025-01-24,18:00,2025-01-24T18:00,1.7,0,0,0,1.2,7.2,153
Talas,2025-01-24,19:00,2025-01-24T19:00,-0.6,0,0,0,4,8.3,175
Talas,2025-01-24,20:00,2025-01-24T20:00,-0.6,0,0,0,3.4,10.8,174
Talas,2025-01-24,21:00,2025-01-24T21:00,-1.4,0,0,0,3.7,12.2,169
Talas,2025-01-24,22:00,2025-01-24T22:00,-1.9,0,0,0,3.6,12.6,171
Talas,2025-01-24,23:00,2025-01-24T23:00,-2.1,0,0,0,3.5,12.6,168
Talas,2025-01-25,00:00,2025-01-25T00:00,-2.5,0,0,0,2.9,11.9,169
Talas,2025-01-25,01:00,2025-01-25T01:00,-2.7,0,0,0,3.1,11.5,173
Talas,2025-01-25,02:00,2025-01-25T02:00,-2.9,0,0,0,3.3,11.9,171
Talas,2025-01-25,03:00,2025-01-25T03:00,-2.9,0,0,0,3.3,11.9,171
Talas,2025-01-25,04:00,2025-01-25T04:00,-2.3,0,0,0,3.6,11.9,171
Talas,2025-01-25,05:00,2025-01-25T05:00,-2.3,0,0,0,4,12.2,172
Talas,2025-01-25,06:00,2025-01-25T06:00,-2,0,0,0,4,12.2,175
Talas,2025-01-25,07:00,2025-01-25T07:00,-1.5,0,0,0,4.4,11.5,173
Talas,2025-01-25,08:00,2025-01-25T08:00,-1.1,0,0,0,4,11.5,170
Talas,2025-01-25,09:00,2025-01-25T09:00,1.9,0,0,0,5.9,10.4,157
Talas,2025-01-25,10:00,2025-01-25T10:00,4.7,0,0,0,3.6,12.6,110
Talas,2025-01-25,11:00,2025-01-25T11:00,6.6,0,0,0,4.4,16.2,83
Talas,2025-01-25,12:00,2025-01-25T12:00,7.9,0,0,0,3.6,16.6,70
Talas,2025-01-25,13:00,2025-01-25T13:00,8.9,0,0,0,2.5,16.2,30
Talas,2025-01-25,14:00,2025-01-25T14:00,9.4,0,0,0,3.4,15.5,344
Talas,2025-01-25,15:00,2025-01-25T15:00,9.4,0,0,0,4.7,16.6,328
Talas,2025-01-25,16:00,2025-01-25T16:00,8.8,0,0,0,5.2,15.5,358
Talas,2025-01-25,17:00,2025-01-25T17:00,6.4,0,0,0,1.5,14.4,339
Talas,2025-01-25,18:00,2025-01-25T18:00,3.6,0,0,0,1.3,5,172
Talas,2025-01-25,19:00,2025-01-25T19:00,1.9,0,0,0,4.2,9.4,160
Talas,2025-01-25,20:00,2025-01-25T20:00,1.3,0,0,0,6.3,14.4,165
Talas,2025-01-25,21:00,2025-01-25T21:00,0.2,0,0,0,6.8,16.6,168
Talas,2025-01-25,22:00,2025-01-25T22:00,-0.5,0,0,0,6.2,16.6,172
Talas,2025-01-25,23:00,2025-01-25T23:00,-0.7,0,0,0,5.2,16.2,176
Talas,2025-01-26,00:00,2025-01-26T00:00,-0.7,0,0,0,4.1,14.4,178
Talas,2025-01-26,01:00,2025-01-26T01:00,-0.6,0,0,0,4,12.6,177
Talas,2025-01-26,02:00,2025-01-26T02:00,-0.7,0,0,0,3.2,11.5,177
Talas,2025-01-26,03:00,2025-01-26T03:00,-0.7,0,0,0,3.4,9.7,174
Talas,2025-01-26,04:00,2025-01-26T04:00,-0.3,0,0,0,2.4,5.8,163
Talas,2025-01-26,05:00,2025-01-26T05:00,-0.8,0,0,0,3.5,7.6,165
Talas,2025-01-26,06:00,2025-01-26T06:00,-0.8,0,0,0,2.8,7.9,165
Talas,2025-01-26,07:00,2025-01-26T07:00,-0.7,0,0,0,1.7,6.5,167
Talas,2025-01-26,08:00,2025-01-26T08:00,-0.7,0,0,0,1.8,4.7,180
Talas,2025-01-26,09:00,2025-01-26T09:00,2.1,0,0,0,1.8,4.7,186
Talas,2025-01-26,10:00,2025-01-26T10:00,4.5,0,0,0,1.3,9.4,286
Talas,2025-01-26,11:00,2025-01-26T11:00,6.1,0,0,0,2.7,13.3,332
Talas,2025-01-26,12:00,2025-01-26T12:00,7.2,0,0,0,3.2,15.5,326
Talas,2025-01-26,13:00,2025-01-26T13:00,8,0,0,0,3.3,16.2,319
Talas,2025-01-26,14:00,2025-01-26T14:00,8.6,0,0,0,3.9,16.9,347
Talas,2025-01-26,15:00,2025-01-26T15:00,8.6,0.1,0.1,0,1.9,16.9,338
Talas,2025-01-26,16:00,2025-01-26T16:00,8.5,0,0,0,2.4,11.9,297
Talas,2025-01-26,17:00,2025-01-26T17:00,6.2,0,0,0,3.3,9.7,234
Talas,2025-01-26,18:00,2025-01-26T18:00,4.1,0,0,0,0.5,7.2,180
Talas,2025-01-26,19:00,2025-01-26T19:00,2.5,0,0,0,3,7.6,123
Talas,2025-01-26,20:00,2025-01-26T20:00,1.3,0,0,0,4.2,9,155
Talas,2025-01-26,21:00,2025-01-26T21:00,1,0,0,0,2.1,8.3,165
Talas,2025-01-26,22:00,2025-01-26T22:00,0.8,0,0,0,1.3,5.4,164
Talas,2025-01-26,23:00,2025-01-26T23:00,0.7,0,0,0,1.3,4.3,164
Talas,2025-01-27,00:00,2025-01-27T00:00,0.7,0,0,0,0.7,4,166
Talas,2025-01-27,01:00,2025-01-27T01:00,0.5,0,0,0,0.7,2.9,194
Talas,2025-01-27,02:00,2025-01-27T02:00,0.2,0,0,0,1.3,3.2,214
Talas,2025-01-27,03:00,2025-01-27T03:00,-0.2,0,0,0,1.5,4,225
Talas,2025-01-27,04:00,2025-01-27T04:00,-0.5,0,0,0,2.7,6.8,242
Talas,2025-01-27,05:00,2025-01-27T05:00,-0.7,0,0,0,1.9,5.8,229
Talas,2025-01-27,06:00,2025-01-27T06:00,-0.9,0,0,0,2.9,6.1,227
Talas,2025-01-27,07:00,2025-01-27T07:00,-1.1,0,0,0,4.1,7.9,232
Talas,2025-01-27,08:00,2025-01-27T08:00,-1.1,0,0,0,4.1,8.3,236
Talas,2025-01-27,09:00,2025-01-27T09:00,1.4,0,0,0,5.7,9.7,238
Talas,2025-01-27,10:00,2025-01-27T10:00,2.9,0,0,0,4.3,14,253
Talas,2025-01-27,11:00,2025-01-27T11:00,4.2,0,0,0,2.8,14.8,255
Talas,2025-01-27,12:00,2025-01-27T12:00,5.4,0,0,0,0.6,14.8,304
Talas,2025-01-27,13:00,2025-01-27T13:00,6.4,0,0,0,3.1,16.6,347
Talas,2025-01-27,14:00,2025-01-27T14:00,6.7,0,0,0,4.7,18.7,344
Talas,2025-01-27,15:00,2025-01-27T15:00,6.8,0,0,0,4,18.7,357
Talas,2025-01-27,16:00,2025-01-27T16:00,6.3,0,0,0,3.2,15.8,34
Talas,2025-01-27,17:00,2025-01-27T17:00,4.4,0,0,0,0.9,13,143
Talas,2025-01-27,18:00,2025-01-27T18:00,0.7,0,0,0,2.5,7.2,184
Talas,2025-01-27,19:00,2025-01-27T19:00,0.2,0,0,0,3.3,7.2,171
Talas,2025-01-27,20:00,2025-01-27T20:00,-0.4,0,0,0,3.8,8.3,163
Talas,2025-01-27,21:00,2025-01-27T21:00,-0.9,0,0,0,3.1,8.3,167
Talas,2025-01-27,22:00,2025-01-27T22:00,-1.1,0,0,0,2.6,7.6,164
Talas,2025-01-27,23:00,2025-01-27T23:00,-1,0,0,0,1.9,6.8,163
Talas,2025-01-28,00:00,2025-01-28T00:00,-0.5,0,0,0,0.9,5.4,180
Talas,2025-01-28,01:00,2025-01-28T01:00,-0.2,0,0,0,0.5,3.2,180
Talas,2025-01-28,02:00,2025-01-28T02:00,-0.2,0,0,0,0.4,2.2,180
Talas,2025-01-28,03:00,2025-01-28T03:00,-0.4,0,0,0,0.4,1.8,180
Talas,2025-01-28,04:00,2025-01-28T04:00,-0.6,0,0,0,0.2,2.2,180
Talas,2025-01-28,05:00,2025-01-28T05:00,-1,0,0,0,0.7,2.5,180
Talas,2025-01-28,06:00,2025-01-28T06:00,-1.4,0,0,0,0.9,2.2,217
Talas,2025-01-28,07:00,2025-01-28T07:00,-1.4,0,0,0,1.1,3.2,180
Talas,2025-01-28,08:00,2025-01-28T08:00,-1.6,0,0,0,2.8,6.8,153
Talas,2025-01-28,09:00,2025-01-28T09:00,1.6,0,0,0,0.9,6.8,169
Talas,2025-01-28,10:00,2025-01-28T10:00,4.3,0,0,0,1.5,9.4,315
Talas,2025-01-28,11:00,2025-01-28T11:00,6.3,0,0,0,3.5,14.8,339
Talas,2025-01-28,12:00,2025-01-28T12:00,7.7,0,0,0,5.1,18.4,342
Talas,2025-01-28,13:00,2025-01-28T13:00,8.5,0,0,0,7,21.6,342
Talas,2025-01-28,14:00,2025-01-28T14:00,8.8,0,0,0,7.2,22.3,347
Talas,2025-01-28,15:00,2025-01-28T15:00,8.8,0,0,0,6.5,21.6,357
Talas,2025-01-28,16:00,2025-01-28T16:00,8.4,0,0,0,5,17.6,345
Talas,2025-01-28,17:00,2025-01-28T17:00,5.8,0,0,0,0.6,13.7,72
Talas,2025-01-28,18:00,2025-01-28T18:00,2.6,0,0,0,2.6,5.8,146
Talas,2025-01-28,19:00,2025-01-28T19:00,1.8,0,0,0,2.8,6.8,153
Talas,2025-01-28,20:00,2025-01-28T20:00,1.9,0,0,0,1.8,6.5,156
Talas,2025-01-28,21:00,2025-01-28T21:00,1.8,0,0,0,1.4,5,157
Talas,2025-01-28,22:00,2025-01-28T22:00,1.9,0,0,0,0.8,4.3,153
Talas,2025-01-28,23:00,2025-01-28T23:00,1.7,0,0,0,0.6,3.2,162
Talas,2025-01-29,00:00,2025-01-29T00:00,1.5,0,0,0,0.4,2.9,153
Talas,2025-01-29,01:00,2025-01-29T01:00,1.1,0,0,0,0.8,3.2,153
Talas,2025-01-29,02:00,2025-01-29T02:00,0.5,0,0,0,1.6,5,153
Talas,2025-01-29,03:00,2025-01-29T03:00,-0.3,0,0,0,2.5,6.5,159
Talas,2025-01-29,04:00,2025-01-29T04:00,-1.1,0,0,0,2.8,7.9,165
Talas,2025-01-29,05:00,2025-01-29T05:00,-1.2,0,0,0,2.2,7.2,171
Talas,2025-01-29,06:00,2025-01-29T06:00,-1.3,0,0,0,1.6,6.5,174
Talas,2025-01-29,07:00,2025-01-29T07:00,-1.4,0,0,0,1.3,5.4,164
Talas,2025-01-29,08:00,2025-01-29T08:00,-1.4,0,0,0,1.3,5,164
Talas,2025-01-29,09:00,2025-01-29T09:00,1.8,0,0,0,0.9,4.7,169
Talas,2025-01-29,10:00,2025-01-29T10:00,5.2,0,0,0,2,9,350
Talas,2025-01-29,11:00,2025-01-29T11:00,7.2,0,0,0,4.7,16.2,4
Talas,2025-01-29,12:00,2025-01-29T12:00,8.7,0,0,0,5.4,18.7,2
Talas,2025-01-29,13:00,2025-01-29T13:00,9.8,0,0,0,5.8,19.8,360
Talas,2025-01-29,14:00,2025-01-29T14:00,10.2,0,0,0,5.8,19.8,356
Talas,2025-01-29,15:00,2025-01-29T15:00,10.1,0,0,0,5.2,19.1,356
Talas,2025-01-29,16:00,2025-01-29T16:00,9.5,0,0,0,3.1,15.1,353
Talas,2025-01-29,17:00,2025-01-29T17:00,6.7,0,0,0,0,9.7,270
Talas,2025-01-29,18:00,2025-01-29T18:00,3.2,0,0,0,2.7,5.8,160
Talas,2025-01-29,19:00,2025-01-29T19:00,2.2,0,0,0,4.3,9,152
Talas,2025-01-29,20:00,2025-01-29T20:00,1.6,0,0,0,3.9,10.4,156
Talas,2025-01-29,21:00,2025-01-29T21:00,1.2,0,0,0,3.2,10.4,164
Talas,2025-01-29,22:00,2025-01-29T22:00,0.6,0,0,0,2.6,10.1,168
Talas,2025-01-29,23:00,2025-01-29T23:00,1.1,0,0,0,1.5,7.9,166
Talas,2025-01-30,00:00,2025-01-30T00:00,1.7,0,0,0,0.9,5,169
Talas,2025-01-30,01:00,2025-01-30T01:00,1.7,0,0,0,0.5,4,180
Talas,2025-01-30,02:00,2025-01-30T02:00,1.5,0,0,0,0.6,3.2,162
Talas,2025-01-30,03:00,2025-01-30T03:00,1.3,0,0,0,1.2,4.3,153
Talas,2025-01-30,04:00,2025-01-30T04:00,1,0,0,0,0.8,4,207
Talas,2025-01-30,05:00,2025-01-30T05:00,0.5,0,0,0,0.7,3.6,194
Talas,2025-01-30,06:00,2025-01-30T06:00,0.3,0,0,0,1.1,4,162
Talas,2025-01-30,07:00,2025-01-30T07:00,0.3,0,0,0,1.9,5.8,151
Talas,2025-01-30,08:00,2025-01-30T08:00,0.6,0,0,0,1.7,5.4,148
Talas,2025-01-30,09:00,2025-01-30T09:00,3.2,0,0,0,2.1,6.1,149
Talas,2025-01-30,10:00,2025-01-30T10:00,6.9,0,0,0,0.6,7.2,304
Talas,2025-01-30,11:00,2025-01-30T11:00,9.4,0,0,0,2.6,12.6,348
Talas,2025-01-30,12:00,2025-01-30T12:00,11.2,0,0,0,4.6,16.9,349
Talas,2025-01-30,13:00,2025-01-30T13:00,12.1,0,0,0,6.5,20.2,346
Talas,2025-01-30,14:00,2025-01-30T14:00,12.2,0,0,0,7.6,21.2,348
Talas,2025-01-30,15:00,2025-01-30T15:00,11.8,0,0,0,7.8,21.6,355
Talas,2025-01-30,16:00,2025-01-30T16:00,11.2,0,0,0,7.8,20.9,356
Talas,2025-01-30,17:00,2025-01-30T17:00,7.9,0,0,0,1.5,16.2,14
Talas,2025-01-30,18:00,2025-01-30T18:00,4.7,0,0,0,1,5,149
Talas,2025-01-30,19:00,2025-01-30T19:00,3.7,0,0,0,1.9,5.8,151
Talas,2025-01-30,20:00,2025-01-30T20:00,3,0,0,0,1.9,6.1,163
Talas,2025-01-30,21:00,2025-01-30T21:00,2.6,0,0,0,2.2,6.8,166
Talas,2025-01-30,22:00,2025-01-30T22:00,2.4,0,0,0,2.2,6.8,171
Talas,2025-01-30,23:00,2025-01-30T23:00,2.3,0,0,0,1.8,6.8,169
Talas,2025-01-31,00:00,2025-01-31T00:00,2.3,0,0,0,1.8,6.5,169
Talas,2025-01-31,01:00,2025-01-31T01:00,2.1,0,0,0,1.7,6.1,167
Talas,2025-01-31,02:00,2025-01-31T02:00,1.9,0,0,0,1.7,5.8,167
Talas,2025-01-31,03:00,2025-01-31T03:00,1.3,0,0,0,2,6.1,175
Talas,2025-01-31,04:00,2025-01-31T04:00,1.4,0,0,0,0.7,4.3,166
Talas,2025-01-31,05:00,2025-01-31T05:00,0.8,0,0,0,1.9,5.4,163
Talas,2025-01-31,06:00,2025-01-31T06:00,0.7,0,0,0,2.6,6.8,164
Talas,2025-01-31,07:00,2025-01-31T07:00,0.7,0,0,0,2,6.5,180
Talas,2025-01-31,08:00,2025-01-31T08:00,0.8,0,0,0,1.1,5.8,189
Talas,2025-01-31,09:00,2025-01-31T09:00,3,0,0,0,0.5,4.3,180
Talas,2025-01-31,10:00,2025-01-31T10:00,5.9,0,0,0,3.3,10.8,338
Talas,2025-01-31,11:00,2025-01-31T11:00,7.3,0,0,0,6.3,19.4,355
Talas,2025-01-31,12:00,2025-01-31T12:00,8.3,0,0,0,6.7,20.9,357
Talas,2025-01-31,13:00,2025-01-31T13:00,8.9,0,0,0,5.8,20.9,355
Talas,2025-01-31,14:00,2025-01-31T14:00,9.4,0,0,0,6.2,20.5,338
Talas,2025-01-31,15:00,2025-01-31T15:00,9.4,0,0,0,6.2,20.2,316
Talas,2025-01-31,16:00,2025-01-31T16:00,9.6,0,0,0,5.6,17.6,303
Talas,2025-01-31,17:00,2025-01-31T17:00,7,0,0,0,2.3,14,302
Talas,2025-01-31,18:00,2025-01-31T18:00,3.9,0,0,0,3.1,7.2,216
Talas,2025-01-31,19:00,2025-01-31T19:00,2.7,0,0,0,4.6,7.2,193
Talas,2025-01-31,20:00,2025-01-31T20:00,1.6,0,0,0,5.9,11.2,194
Talas,2025-01-31,21:00,2025-01-31T21:00,1.3,0,0,0,5.9,11.9,194
Talas,2025-01-31,22:00,2025-01-31T22:00,0.7,0,0,0,5.4,11.9,195
Talas,2025-01-31,23:00,2025-01-31T23:00,1,0,0,0,3.5,10.1,195
Talas,2025-02-01,00:00,2025-02-01T00:00,0.9,0,0,0,2.4,6.5,189
Talas,2025-02-01,01:00,2025-02-01T01:00,0.9,0,0,0,1.6,5,186
Talas,2025-02-01,02:00,2025-02-01T02:00,0.9,0,0,0,1.1,3.2,171
Talas,2025-02-01,03:00,2025-02-01T03:00,0.8,0,0,0,1.4,3.2,220
Talas,2025-02-01,04:00,2025-02-01T04:00,-0.7,0,0,0,4.8,10.4,225
Talas,2025-02-01,05:00,2025-02-01T05:00,-0.5,0,0,0,1.6,9.4,207
Talas,2025-02-01,06:00,2025-02-01T06:00,-0.7,0,0,0,1.3,4,180
Talas,2025-02-01,07:00,2025-02-01T07:00,-0.7,0,0,0,0.9,2.9,180
Talas,2025-02-01,08:00,2025-02-01T08:00,-0.8,0,0,0,1.1,2.5,189
Talas,2025-02-01,09:00,2025-02-01T09:00,1.9,0,0,0,0.8,2.5,207
Talas,2025-02-01,10:00,2025-02-01T10:00,4,0,0,0,2.3,10.8,342
Talas,2025-02-01,11:00,2025-02-01T11:00,5.8,0,0,0,3.6,15.5,340
Talas,2025-02-01,12:00,2025-02-01T12:00,7.2,0,0,0,4.9,18.7,332
Talas,2025-02-01,13:00,2025-02-01T13:00,8.2,0,0,0,6.4,20.9,328
Talas,2025-02-01,14:00,2025-02-01T14:00,8.6,0,0,0,6.6,21.2,323
Talas,2025-02-01,15:00,2025-02-01T15:00,8.7,0,0,0,6.2,20.9,316
Talas,2025-02-01,16:00,2025-02-01T16:00,8.4,0,0,0,4.9,16.9,306
Talas,2025-02-01,17:00,2025-02-01T17:00,6.1,0,0,0,2.7,14,298
Talas,2025-02-01,18:00,2025-02-01T18:00,3.2,0,0,0,2.1,7.2,195
Talas,2025-02-01,19:00,2025-02-01T19:00,1.8,0,0,0,2.9,5,173
Talas,2025-02-01,20:00,2025-02-01T20:00,0.5,0,0,0,4,8.3,177
Talas,2025-02-01,21:00,2025-02-01T21:00,0.2,0,0,0,4.3,10.4,182
Talas,2025-02-01,22:00,2025-02-01T22:00,-0.2,0,0,0,4.3,11.2,182
Talas,2025-02-01,23:00,2025-02-01T23:00,-0.6,0,0,0,4.6,10.4,189
Talas,2025-02-02,00:00,2025-02-02T00:00,0,0,0,0,3.2,9,196
Talas,2025-02-02,01:00,2025-02-02T01:00,0.1,0,0,0,2.4,7.2,189
Talas,2025-02-02,02:00,2025-02-02T02:00,0.1,0,0,0,2.3,5.8,176
Talas,2025-02-02,03:00,2025-02-02T03:00,0.4,0,0,0,1.6,4.7,174
Talas,2025-02-02,04:00,2025-02-02T04:00,-0.6,0,0,0,3.2,7.9,214
Talas,2025-02-02,05:00,2025-02-02T05:00,-0.7,0,0,0,1.8,6.5,186
Talas,2025-02-02,06:00,2025-02-02T06:00,-0.8,0,0,0,2,4,180
Talas,2025-02-02,07:00,2025-02-02T07:00,-0.8,0,0,0,2.2,4.3,180
Talas,2025-02-02,08:00,2025-02-02T08:00,-0.8,0,0,0,1.8,4.7,186
Talas,2025-02-02,09:00,2025-02-02T09:00,2,0,0,0,2.7,4.3,184
Talas,2025-02-02,10:00,2025-02-02T10:00,5,0,0,0,1.9,10.4,253
Talas,2025-02-02,11:00,2025-02-02T11:00,6.8,0,0,0,1.9,13.3,304
Talas,2025-02-02,12:00,2025-02-02T12:00,8.1,0,0,0,3.7,16.9,321
Talas,2025-02-02,13:00,2025-02-02T13:00,8.9,0,0,0,5.2,19.8,319
Talas,2025-02-02,14:00,2025-02-02T14:00,9.3,0,0,0,5.5,19.8,308
Talas,2025-02-02,15:00,2025-02-02T15:00,9.4,0,0,0,6.1,19.1,304
Talas,2025-02-02,16:00,2025-02-02T16:00,9,0,0,0,6.1,18.4,298
Talas,2025-02-02,17:00,2025-02-02T17:00,6.5,0,0,0,3.1,15.8,280
Talas,2025-02-02,18:00,2025-02-02T18:00,3.6,0,0,0,1.7,7.6,198
Talas,2025-02-02,19:00,2025-02-02T19:00,2.3,0,0,0,2.3,4.7,176
Talas,2025-02-02,20:00,2025-02-02T20:00,1.2,0,0,0,3.1,8.6,173
Talas,2025-02-02,21:00,2025-02-02T21:00,1.2,0,0,0,3.1,9.7,170
Talas,2025-02-02,22:00,2025-02-02T22:00,0.5,0,0,0,3.3,11.2,171
Talas,2025-02-02,23:00,2025-02-02T23:00,0.2,0,0,0,2.7,11.2,172
Talas,2025-02-03,00:00,2025-02-03T00:00,0,0,0,0,2.5,10.1,180
Talas,2025-02-03,01:00,2025-02-03T01:00,-0.3,0,0,0,2.3,10.8,176
Talas,2025-02-03,02:00,2025-02-03T02:00,-0.3,0,0,0,2.2,10.1,171
Talas,2025-02-03,03:00,2025-02-03T03:00,-0.2,0,0,0,2.4,9.7,167
Talas,2025-02-03,04:00,2025-02-03T04:00,-0.4,0,0,0,2.8,8.3,165
Talas,2025-02-03,05:00,2025-02-03T05:00,-0.2,0,0,0,2.3,7.9,157
Talas,2025-02-03,06:00,2025-02-03T06:00,-0.2,0,0,0,1.9,7.2,158
Talas,2025-02-03,07:00,2025-02-03T07:00,-0.5,0,0,0,2.6,6.8,155
Talas,2025-02-03,08:00,2025-02-03T08:00,-0.4,0,0,0,2.8,7.9,162
Talas,2025-02-03,09:00,2025-02-03T09:00,3.2,0,0,0,3.3,7.9,158
Talas,2025-02-03,10:00,2025-02-03T10:00,6.7,0,0,0,2.1,10.4,20
Talas,2025-02-03,11:00,2025-02-03T11:00,8.5,0,0,0,5.3,18.4,352
Talas,2025-02-03,12:00,2025-02-03T12:00,9.8,0,0,0,8.6,24.5,338
Talas,2025-02-03,13:00,2025-02-03T13:00,10.4,0,0,0,10.7,27.7,324
Talas,2025-02-03,14:00,2025-02-03T14:00,10.8,0,0,0,12.4,30.2,317
Talas,2025-02-03,15:00,2025-02-03T15:00,10.6,0,0,0,12.9,30.6,314
Talas,2025-02-03,16:00,2025-02-03T16:00,10.1,0,0,0,10.5,25.9,325
Talas,2025-02-03,17:00,2025-02-03T17:00,7.1,0,0,0,4.5,24.5,331
Talas,2025-02-03,18:00,2025-02-03T18:00,4.2,0,0,0,1.8,10.8,217
Talas,2025-02-03,19:00,2025-02-03T19:00,2.7,0,0,0,2.4,6.1,189
Talas,2025-02-03,20:00,2025-02-03T20:00,1.6,0,0,0,3.1,7.6,183
Talas,2025-02-03,21:00,2025-02-03T21:00,0.8,0,0,0,4,9.4,190
Talas,2025-02-03,22:00,2025-02-03T22:00,0.3,0,0,0,2.9,9.4,184
Talas,2025-02-03,23:00,2025-02-03T23:00,0.1,0,0,0,3.1,8.3,173
Talas,2025-02-04,00:00,2025-02-04T00:00,0.1,0,0,0,3,8.3,163
Talas,2025-02-04,01:00,2025-02-04T01:00,0.1,0,0,0,2.7,7.9,160
Talas,2025-02-04,02:00,2025-02-04T02:00,0.1,0,0,0,2.6,7.6,164
Talas,2025-02-04,03:00,2025-02-04T03:00,0.4,0,0,0,3.5,8.6,165
Talas,2025-02-04,04:00,2025-02-04T04:00,0.6,0,0,0,4.3,10.1,182
Talas,2025-02-04,05:00,2025-02-04T05:00,0.8,0,0,0,3.4,10.1,186
Talas,2025-02-04,06:00,2025-02-04T06:00,1,0,0,0,3.1,8.6,208
Talas,2025-02-04,07:00,2025-02-04T07:00,1.2,0,0,0,2,8.3,225
Talas,2025-02-04,08:00,2025-02-04T08:00,1.1,0,0,0,1.4,6.8,180
Talas,2025-02-04,09:00,2025-02-04T09:00,4,0,0,0,1.2,5.4,129
Talas,2025-02-04,10:00,2025-02-04T10:00,6.1,0,0,0,3.9,13,347
Talas,2025-02-04,11:00,2025-02-04T11:00,6.4,0,0,0,5.5,17.3,341
Talas,2025-02-04,12:00,2025-02-04T12:00,7.5,0,0,0,6.4,20.2,338
Talas,2025-02-04,13:00,2025-02-04T13:00,8.2,0,0,0,8.1,23,331
Talas,2025-02-04,14:00,2025-02-04T14:00,8.6,0,0,0,9.4,25.2,322
Talas,2025-02-04,15:00,2025-02-04T15:00,8.2,0,0,0,11.6,28.1,327
Talas,2025-02-04,16:00,2025-02-04T16:00,6.7,0,0,0,14.6,32,320
Talas,2025-02-04,17:00,2025-02-04T17:00,4.4,0,0,0,6.9,31.7,303
Talas,2025-02-04,18:00,2025-02-04T18:00,3,0,0,0,7.4,15.5,257
Talas,2025-02-04,19:00,2025-02-04T19:00,2.1,0.3,0.2,0.07,9.5,18,260
Talas,2025-02-04,20:00,2025-02-04T20:00,1.5,0.3,0.1,0.14,6.2,17.6,258
Talas,2025-02-04,21:00,2025-02-04T21:00,1.1,0.3,0.1,0.14,5.4,11.9,255
Talas,2025-02-04,22:00,2025-02-04T22:00,0.8,0.3,0,0.21,2.8,10.1,285
Talas,2025-02-04,23:00,2025-02-04T23:00,0.8,0.6,0,0.42,4.7,9.7,310
Talas,2025-02-05,00:00,2025-02-05T00:00,0.4,0.7,0,0.49,5.6,11.9,354
Talas,2025-02-05,01:00,2025-02-05T01:00,-0.3,0.4,0,0.28,5.9,13.7,27
Talas,2025-02-05,02:00,2025-02-05T02:00,-0.7,0.4,0,0.28,3.7,11.9,14
Talas,2025-02-05,03:00,2025-02-05T03:00,-1.1,0.6,0,0.42,3.6,9.4,9
Talas,2025-02-05,04:00,2025-02-05T04:00,-1.7,0.8,0,0.56,1.9,6.5,17
Talas,2025-02-05,05:00,2025-02-05T05:00,-1.9,0.5,0,0.35,1.1,7.6,9
Talas,2025-02-05,06:00,2025-02-05T06:00,-2,0.4,0,0.28,0.7,6.1,180
Talas,2025-02-05,07:00,2025-02-05T07:00,-2.1,0.4,0,0.28,1,5.4,338
Talas,2025-02-05,08:00,2025-02-05T08:00,-2.3,0.5,0,0.35,3.3,9,41
Talas,2025-02-05,09:00,2025-02-05T09:00,-2.2,0.5,0,0.35,4.3,10.4,45
Talas,2025-02-05,10:00,2025-02-05T10:00,-2.3,0.5,0,0.35,5.2,13,34
Talas,2025-02-05,11:00,2025-02-05T11:00,-2.2,0.6,0,0.42,5.1,13.3,32
Talas,2025-02-05,12:00,2025-02-05T12:00,-2.2,0.9,0,0.63,5.3,13.3,35
Talas,2025-02-05,13:00,2025-02-05T13:00,-2.1,1.2,0,0.84,4.4,13.7,38
Talas,2025-02-05,14:00,2025-02-05T14:00,-1.9,1.2,0,0.84,3.9,12.2,47
Talas,2025-02-05,15:00,2025-02-05T15:00,-1.8,0.9,0,0.63,1.5,11.9,83
Talas,2025-02-05,16:00,2025-02-05T16:00,-1.8,0.9,0,0.63,3.1,7.6,225
Talas,2025-02-05,17:00,2025-02-05T17:00,-2,0.9,0,0.63,3.1,7.6,230
Talas,2025-02-05,18:00,2025-02-05T18:00,-2.5,0.9,0,0.63,3.1,8.3,239
Talas,2025-02-05,19:00,2025-02-05T19:00,-2.7,0.8,0,0.56,3.6,8.6,237
Talas,2025-02-05,20:00,2025-02-05T20:00,-2.9,0.7,0,0.49,4.9,10.8,253
Talas,2025-02-05,21:00,2025-02-05T21:00,-3.2,0.6,0,0.42,5.7,12.6,257
Talas,2025-02-05,22:00,2025-02-05T22:00,-3.5,0.5,0,0.35,5.6,12.6,248
Talas,2025-02-05,23:00,2025-02-05T23:00,-3.7,0.4,0,0.28,6,12.2,245
Talas,2025-02-06,00:00,2025-02-06T00:00,-4,0.3,0,0.21,8.2,15.8,262
Talas,2025-02-06,01:00,2025-02-06T01:00,-4.3,0.3,0,0.21,9.2,18.4,266
Talas,2025-02-06,02:00,2025-02-06T02:00,-4.6,0.3,0,0.21,9.8,19.1,257
Talas,2025-02-06,03:00,2025-02-06T03:00,-4.8,0.3,0,0.21,10.2,19.8,261
Talas,2025-02-06,04:00,2025-02-06T04:00,-4.1,0.3,0,0.21,10.2,20.2,263
Talas,2025-02-06,05:00,2025-02-06T05:00,-4.4,0.3,0,0.21,10.9,21.2,253
Talas,2025-02-06,06:00,2025-02-06T06:00,-4.4,0.4,0,0.28,11.6,22,252
Talas,2025-02-06,07:00,2025-02-06T07:00,-4.4,0.7,0,0.49,11.2,22.3,260
Talas,2025-02-06,08:00,2025-02-06T08:00,-4.3,0.6,0,0.42,9.7,23,259
Talas,2025-02-06,09:00,2025-02-06T09:00,-3.9,0.3,0,0.21,7.4,20.2,270
Talas,2025-02-06,10:00,2025-02-06T10:00,-3.5,0.1,0,0.07,7,16.6,273
Talas,2025-02-06,11:00,2025-02-06T11:00,-3.4,0.1,0.1,0,8.1,18.7,323
Talas,2025-02-06,12:00,2025-02-06T12:00,-3.5,0.1,0,0.07,10.9,24.1,315
Talas,2025-02-06,13:00,2025-02-06T13:00,-3.5,0.1,0,0.07,11.9,26.6,321
Talas,2025-02-06,14:00,2025-02-06T14:00,-3.3,0,0,0,12,28.1,323
Talas,2025-02-06,15:00,2025-02-06T15:00,-3.3,0,0,0,11.6,27.7,325
Talas,2025-02-06,16:00,2025-02-06T16:00,-3.2,0.2,0,0.14,12.1,28.8,305
Talas,2025-02-06,17:00,2025-02-06T17:00,-3.6,0.2,0,0.14,10.9,26.6,301
Talas,2025-02-06,18:00,2025-02-06T18:00,-4.5,0,0,0,8.5,24.1,287
Talas,2025-02-06,19:00,2025-02-06T19:00,-5,0.1,0,0.07,7.6,18.7,263
Talas,2025-02-06,20:00,2025-02-06T20:00,-5,0.1,0,0.07,6.5,16.6,264
Talas,2025-02-06,21:00,2025-02-06T21:00,-5.1,0.1,0,0.07,5.8,15.1,256
Talas,2025-02-06,22:00,2025-02-06T22:00,-5.2,0.1,0,0.07,6.3,14.4,263
Talas,2025-02-06,23:00,2025-02-06T23:00,-5.3,0,0,0,6.9,15.1,265
Talas,2025-02-07,00:00,2025-02-07T00:00,-5.4,0.1,0,0.07,6.3,15.1,255
Talas,2025-02-07,01:00,2025-02-07T01:00,-5.8,0.1,0,0.07,6.7,13.7,243
Talas,2025-02-07,02:00,2025-02-07T02:00,-6,0.1,0,0.07,8.7,15.1,243
Talas,2025-02-07,03:00,2025-02-07T03:00,-6.2,0.1,0,0.07,9,15.8,244
Talas,2025-02-07,04:00,2025-02-07T04:00,-6.3,0.1,0,0.07,5.9,11.9,252
Talas,2025-02-07,05:00,2025-02-07T05:00,-6.9,0.1,0,0.07,6.4,12.2,243
Talas,2025-02-07,06:00,2025-02-07T06:00,-7.3,0.1,0,0.07,8.4,13.3,225
Talas,2025-02-07,07:00,2025-02-07T07:00,-7.4,0.1,0,0.07,8.8,14,221
Talas,2025-02-07,08:00,2025-02-07T08:00,-7.2,0.3,0,0.21,9.3,15.5,229
Talas,2025-02-07,09:00,2025-02-07T09:00,-6.5,0.4,0,0.28,9.2,15.8,235
Talas,2025-02-07,10:00,2025-02-07T10:00,-5.7,0.4,0,0.28,9.5,17.3,251
Talas,2025-02-07,11:00,2025-02-07T11:00,-5.3,0.5,0,0.35,10.1,18.7,260
Talas,2025-02-07,12:00,2025-02-07T12:00,-5,0.5,0,0.35,10.5,20.2,265
Talas,2025-02-07,13:00,2025-02-07T13:00,-4.8,0.4,0,0.28,11.5,22,266
Talas,2025-02-07,14:00,2025-02-07T14:00,-4.5,0.5,0,0.35,12.6,23.8,269
Talas,2025-02-07,15:00,2025-02-07T15:00,-4.5,0.5,0,0.35,13,24.5,266
Talas,2025-02-07,16:00,2025-02-07T16:00,-3.6,0.4,0,0.28,10.7,20.5,261
Talas,2025-02-07,17:00,2025-02-07T17:00,-3.5,0.4,0,0.28,11.5,20.2,248
Talas,2025-02-07,18:00,2025-02-07T18:00,-3.7,0.4,0,0.28,11.8,20.5,243
Talas,2025-02-07,19:00,2025-02-07T19:00,-3.7,0.4,0,0.28,11.3,20.5,237
Talas,2025-02-07,20:00,2025-02-07T20:00,-3.7,0.5,0,0.35,11.8,19.8,232
Talas,2025-02-07,21:00,2025-02-07T21:00,-3.6,0.4,0,0.28,11.9,19.8,229
Talas,2025-02-07,22:00,2025-02-07T22:00,-3.5,0.2,0,0.14,11.3,19.4,226
Talas,2025-02-07,23:00,2025-02-07T23:00,-3.6,0.1,0,0.07,11.1,18,217
Talas,2025-02-08,00:00,2025-02-08T00:00,-3.4,0,0,0,10.7,16.6,215
Talas,2025-02-08,01:00,2025-02-08T01:00,-3.3,0,0,0,8.1,15.5,208
Talas,2025-02-08,02:00,2025-02-08T02:00,-3.6,0,0,0,6.4,10.4,205
Talas,2025-02-08,03:00,2025-02-08T03:00,-3.4,0,0,0,6.2,7.9,210
Talas,2025-02-08,04:00,2025-02-08T04:00,-3.3,0,0,0,5.7,10.4,204
Talas,2025-02-08,05:00,2025-02-08T05:00,-3.3,0,0,0,5.6,8.6,207
Talas,2025-02-08,06:00,2025-02-08T06:00,-3.2,0,0,0,5,9.4,210
Talas,2025-02-08,07:00,2025-02-08T07:00,-3.2,0,0,0,5.7,9,215
Talas,2025-02-08,08:00,2025-02-08T08:00,-3.2,0,0,0,6.3,10.1,217
Talas,2025-02-08,09:00,2025-02-08T09:00,-2.7,0,0,0,4.6,10.4,231
Talas,2025-02-08,10:00,2025-02-08T10:00,-2.3,0,0,0,3.1,9,257
Talas,2025-02-08,11:00,2025-02-08T11:00,-1.9,0,0,0,1.7,8.6,283
Talas,2025-02-08,12:00,2025-02-08T12:00,-1.5,0,0,0,2.3,9.7,29
Talas,2025-02-08,13:00,2025-02-08T13:00,-1.3,0,0,0,5.2,15.1,41
Talas,2025-02-08,14:00,2025-02-08T14:00,-1.3,0,0,0,5.9,15.8,45
Talas,2025-02-08,15:00,2025-02-08T15:00,-1.3,0,0,0,5.2,15.8,59
Talas,2025-02-08,16:00,2025-02-08T16:00,-1.2,0,0,0,2.6,14.8,115
Talas,2025-02-08,17:00,2025-02-08T17:00,-1.8,0,0,0,1.7,8.6,167
Talas,2025-02-08,18:00,2025-02-08T18:00,-2.9,0,0,0,3.6,6.5,210
Talas,2025-02-08,19:00,2025-02-08T19:00,-3,0,0,0,3.1,7.2,193
Talas,2025-02-08,20:00,2025-02-08T20:00,-2.7,0,0,0,2.2,7.2,175
Talas,2025-02-08,21:00,2025-02-08T21:00,-3.8,0,0,0,3.1,8.6,140
Talas,2025-02-08,22:00,2025-02-08T22:00,-4.9,0,0,0,4.3,11.2,135
Talas,2025-02-08,23:00,2025-02-08T23:00,-5.3,0,0,0,4.8,11.2,155
Talas,2025-02-09,00:00,2025-02-09T00:00,-5.4,0,0,0,4.5,11.5,164
Talas,2025-02-09,01:00,2025-02-09T01:00,-5.9,0,0,0,3.8,10.4,169
Talas,2025-02-09,02:00,2025-02-09T02:00,-5.7,0,0,0,4.3,9.4,175
Talas,2025-02-09,03:00,2025-02-09T03:00,-6.2,0,0,0,4.5,10.4,173
Talas,2025-02-09,04:00,2025-02-09T04:00,-5.2,0,0,0,2,6.5,175
Talas,2025-02-09,05:00,2025-02-09T05:00,-5,0,0,0,1.9,6.1,163
Talas,2025-02-09,06:00,2025-02-09T06:00,-5.4,0,0,0,2.3,6.5,162
Talas,2025-02-09,07:00,2025-02-09T07:00,-5.2,0,0,0,2.7,7.6,157
Talas,2025-02-09,08:00,2025-02-09T08:00,-5.7,0,0,0,3.2,7.6,161
Talas,2025-02-09,09:00,2025-02-09T09:00,-5.1,0,0,0,3.3,8.3,158
Talas,2025-02-09,10:00,2025-02-09T10:00,-3.9,0,0,0,3.5,9.7,118
Talas,2025-02-09,11:00,2025-02-09T11:00,-3.4,0,0,0,3.1,10.8,77
Talas,2025-02-09,12:00,2025-02-09T12:00,-2.8,0,0,0,6.1,15.8,56
Talas,2025-02-09,13:00,2025-02-09T13:00,-2.5,0,0,0,6.7,17.3,38
Talas,2025-02-09,14:00,2025-02-09T14:00,-2.4,0,0,0,6.6,17.6,29
Talas,2025-02-09,15:00,2025-02-09T15:00,-2.4,0,0,0,4.4,16.9,27
Talas,2025-02-09,16:00,2025-02-09T16:00,-2.6,0,0,0,5.8,15.8,14
Talas,2025-02-09,17:00,2025-02-09T17:00,-3.3,0,0,0,1.6,14,27
Talas,2025-02-09,18:00,2025-02-09T18:00,-4.7,0,0,0,0.7,5,166
Talas,2025-02-09,19:00,2025-02-09T19:00,-4.9,0,0,0,2.5,5.4,176
Talas,2025-02-09,20:00,2025-02-09T20:00,-4.5,0,0,0,2.4,5,189
Talas,2025-02-09,21:00,2025-02-09T21:00,-4.2,0,0,0,2.4,5,189
Talas,2025-02-09,22:00,2025-02-09T22:00,-4.4,0.1,0,0.07,1.3,5,188
Talas,2025-02-09,23:00,2025-02-09T23:00,-4.7,0.1,0,0.07,0.7,3.6,166
Talas,2025-02-10,00:00,2025-02-10T00:00,-4.4,0.1,0,0.07,0.9,3.2,143
Talas,2025-02-10,01:00,2025-02-10T01:00,-5.6,0,0,0,1.4,4,157
Talas,2025-02-10,02:00,2025-02-10T02:00,-4.9,0.1,0,0.07,1.3,4.3,146
Talas,2025-02-10,03:00,2025-02-10T03:00,-4.8,0.2,0,0.14,0.4,3.6,180
Talas,2025-02-10,04:00,2025-02-10T04:00,-5,0.1,0,0.07,0.8,4,117
Talas,2025-02-10,05:00,2025-02-10T05:00,-4.9,0.2,0,0.14,0.6,3.2,198
Talas,2025-02-10,06:00,2025-02-10T06:00,-4.9,0.3,0,0.21,0.9,2.5,233
Talas,2025-02-10,07:00,2025-02-10T07:00,-5,0.4,0,0.28,1.5,3.2,234
Talas,2025-02-10,08:00,2025-02-10T08:00,-5,0.5,0.1,0.28,1.2,3.6,243
Talas,2025-02-10,09:00,2025-02-10T09:00,-4.3,0.5,0.1,0.28,1.2,2.9,219
Talas,2025-02-10,10:00,2025-02-10T10:00,-3.8,0.3,0,0.21,1.1,5.4,81
Talas,2025-02-10,11:00,2025-02-10T11:00,-3,0.2,0,0.14,1.7,7.6,18
Talas,2025-02-10,12:00,2025-02-10T12:00,-2.5,0.2,0,0.14,2.5,9.4,8
Talas,2025-02-10,13:00,2025-02-10T13:00,-2,0.2,0,0.14,4.2,11.9,355
Talas,2025-02-10,14:00,2025-02-10T14:00,-1.9,0.3,0,0.21,5.3,14.4,348
Talas,2025-02-10,15:00,2025-02-10T15:00,-2,0.3,0,0.21,4.5,14,346
Talas,2025-02-10,16:00,2025-02-10T16:00,-2,0.1,0,0.07,3.8,12.2,31
Talas,2025-02-10,17:00,2025-02-10T17:00,-2.8,0,0,0,2.3,10.8,18
Talas,2025-02-10,18:00,2025-02-10T18:00,-4.3,0,0,0,0.4,5.8,90
Talas,2025-02-10,19:00,2025-02-10T19:00,-4,0.1,0,0.07,1.8,4,156
Talas,2025-02-10,20:00,2025-02-10T20:00,-3.4,0.2,0,0.14,2.3,5,157
Talas,2025-02-10,21:00,2025-02-10T21:00,-3.3,0.2,0,0.14,1,5,149
Talas,2025-02-10,22:00,2025-02-10T22:00,-3.1,0.2,0,0.14,0.5,3.6,135
Talas,2025-02-10,23:00,2025-02-10T23:00,-3.3,0.3,0,0.21,0,2.9,270
Talas,2025-02-11,00:00,2025-02-11T00:00,-3.5,0.6,0,0.42,0.4,2.2,243
Talas,2025-02-11,01:00,2025-02-11T01:00,-3.7,0.4,0,0.28,1.1,2.5,270
Talas,2025-02-11,02:00,2025-02-11T02:00,-4.5,0.5,0,0.35,0.6,2.5,236
Talas,2025-02-11,03:00,2025-02-11T03:00,-4,0.3,0,0.21,1.8,2.5,270
Talas,2025-02-11,04:00,2025-02-11T04:00,-3.5,1.3,0,0.91,0.2,5,90
Talas,2025-02-11,05:00,2025-02-11T05:00,-4.1,0.5,0,0.35,0.4,3.6,63
Talas,2025-02-11,06:00,2025-02-11T06:00,-4.2,0.3,0,0.21,1.9,4.7,131
Talas,2025-02-11,07:00,2025-02-11T07:00,-4.1,0.4,0,0.28,0.6,4.3,288
Talas,2025-02-11,08:00,2025-02-11T08:00,-4.7,0.5,0,0.35,0.2,4,180
Talas,2025-02-11,09:00,2025-02-11T09:00,-3.7,0.9,0,0.63,1.3,2.9,214
Talas,2025-02-11,10:00,2025-02-11T10:00,-3.1,0.2,0,0.14,1.7,5.4,49
Talas,2025-02-11,11:00,2025-02-11T11:00,-2.4,0.3,0,0.21,3.4,9.4,357
Talas,2025-02-11,12:00,2025-02-11T12:00,-2,0.3,0,0.21,3.5,11.5,351
Talas,2025-02-11,13:00,2025-02-11T13:00,-1.8,0.3,0.1,0.14,2.8,10.4,345
Talas,2025-02-11,14:00,2025-02-11T14:00,-1.5,0.2,0,0.14,3.6,11.5,351
Talas,2025-02-11,15:00,2025-02-11T15:00,-1.4,0.2,0,0.14,4.2,11.9,355
Talas,2025-02-11,16:00,2025-02-11T16:00,-1.6,0.1,0,0.07,3.9,13.7,16
Talas,2025-02-11,17:00,2025-02-11T17:00,-2,0,0,0,0.8,11.2,27
Talas,2025-02-11,18:00,2025-02-11T18:00,-2.5,0,0,0,1.6,4.3,90
Talas,2025-02-11,19:00,2025-02-11T19:00,-2.7,0,0,0,1.5,5,104
Talas,2025-02-11,20:00,2025-02-11T20:00,-2.6,0,0,0,1.7,4.7,131
Talas,2025-02-11,21:00,2025-02-11T21:00,-2.7,0,0,0,1.8,5,135
Talas,2025-02-11,22:00,2025-02-11T22:00,-2.5,0.1,0,0.07,1.2,5,117
Talas,2025-02-11,23:00,2025-02-11T23:00,-3,0,0,0,0.8,4,135
Talas,2025-02-12,00:00,2025-02-12T00:00,-3.3,0,0,0,0.4,3.2,117
Talas,2025-02-12,01:00,2025-02-12T01:00,-3.5,0,0,0,0.2,2.9,90
Talas,2025-02-12,02:00,2025-02-12T02:00,-3.4,0.1,0,0.07,0.4,2.5,63
Talas,2025-02-12,03:00,2025-02-12T03:00,-3.6,0.1,0,0.07,0.6,2.9,108
Talas,2025-02-12,04:00,2025-02-12T04:00,-2.8,0.5,0,0.35,2.1,5.8,149
Talas,2025-02-12,05:00,2025-02-12T05:00,-3,1,0,0.7,1.6,4.3,180
Talas,2025-02-12,06:00,2025-02-12T06:00,-3.2,0.8,0,0.56,2.8,5,198
Talas,2025-02-12,07:00,2025-02-12T07:00,-3.1,1.4,0,0.98,2.3,4.7,198
Talas,2025-02-12,08:00,2025-02-12T08:00,-3.2,0.2,0,0.14,2.1,4,200
Talas,2025-02-12,09:00,2025-02-12T09:00,-2.6,0.1,0,0.07,0.4,4,90
Talas,2025-02-12,10:00,2025-02-12T10:00,-1.9,0.1,0,0.07,1.3,5,98
Talas,2025-02-12,11:00,2025-02-12T11:00,-1.3,0.1,0,0.07,2,7.2,355
Talas,2025-02-12,12:00,2025-02-12T12:00,-0.8,0,0,0,3.8,11.2,3
Talas,2025-02-12,13:00,2025-02-12T13:00,-0.6,0,0,0,5.6,14.8,354
Talas,2025-02-12,14:00,2025-02-12T14:00,-0.7,0,0,0,5.8,15.5,340
Talas,2025-02-12,15:00,2025-02-12T15:00,-0.9,0,0,0,4.5,15.1,346
Talas,2025-02-12,16:00,2025-02-12T16:00,-1.5,0,0,0,4.3,15.5,2
Talas,2025-02-12,17:00,2025-02-12T17:00,-1.8,0.1,0,0.07,1,11.2,149
Talas,2025-02-12,18:00,2025-02-12T18:00,-2.4,0.1,0,0.07,2.2,5.4,166
Talas,2025-02-12,19:00,2025-02-12T19:00,-2.5,0.2,0,0.14,3.8,7.6,177
Talas,2025-02-12,20:00,2025-02-12T20:00,-2.6,0.1,0,0.07,3.4,7.9,198
Talas,2025-02-12,21:00,2025-02-12T21:00,-2.3,0,0,0,2.6,6.8,168
Talas,2025-02-12,22:00,2025-02-12T22:00,-2.8,0.2,0,0.14,3.2,7.6,153
Talas,2025-02-12,23:00,2025-02-12T23:00,-3.1,0,0,0,2.8,7.9,153
Talas,2025-02-13,00:00,2025-02-13T00:00,-3.7,0.1,0,0.07,2.5,7.2,150
Talas,2025-02-13,01:00,2025-02-13T01:00,-3.6,0.1,0,0.07,2,6.1,153
Talas,2025-02-13,02:00,2025-02-13T02:00,-3.4,0.5,0,0.35,2.3,6.1,180
Talas,2025-02-13,03:00,2025-02-13T03:00,-3,1,0,0.7,4.5,7.6,220
Talas,2025-02-13,04:00,2025-02-13T04:00,-2.9,0.3,0,0.21,2.6,6.5,236
Talas,2025-02-13,05:00,2025-02-13T05:00,-2.9,0.4,0,0.28,4.4,6.8,238
Talas,2025-02-13,06:00,2025-02-13T06:00,-3.4,0.5,0,0.35,2.9,6.5,277
Talas,2025-02-13,07:00,2025-02-13T07:00,-3.1,0.2,0,0.14,2.3,5.4,203
Talas,2025-02-13,08:00,2025-02-13T08:00,-2.5,0.1,0,0.07,0.7,5,166
Talas,2025-02-13,09:00,2025-02-13T09:00,-2.1,0.1,0,0.07,1.3,3.6,360
Talas,2025-02-13,10:00,2025-02-13T10:00,-1.6,0.1,0,0.07,3.7,8.6,317
Talas,2025-02-13,11:00,2025-02-13T11:00,-1.4,0,0,0,5.3,13,342
Talas,2025-02-13,12:00,2025-02-13T12:00,-1.2,0,0,0,5.8,14.8,338
Talas,2025-02-13,13:00,2025-02-13T13:00,-0.8,0,0,0,6,15.5,335
Talas,2025-02-13,14:00,2025-02-13T14:00,-0.6,0.1,0,0.07,6.8,16.6,331
Talas,2025-02-13,15:00,2025-02-13T15:00,-0.6,0.2,0,0.14,5.9,16.9,333
Talas,2025-02-13,16:00,2025-02-13T16:00,0,0.1,0,0.07,6.7,15.8,275
Talas,2025-02-13,17:00,2025-02-13T17:00,0.1,0.1,0,0.07,5,14.4,249
Talas,2025-02-13,18:00,2025-02-13T18:00,-0.3,0.1,0,0.07,5.4,11.2,249
Talas,2025-02-13,19:00,2025-02-13T19:00,-0.8,0.6,0,0.42,6.7,13,254
Talas,2025-02-13,20:00,2025-02-13T20:00,-0.9,0.7,0,0.49,9,18,275
Talas,2025-02-13,21:00,2025-02-13T21:00,-1.6,0.2,0,0.14,9.8,19.4,263
Talas,2025-02-13,22:00,2025-02-13T22:00,-1.9,0.3,0,0.21,12.1,21.2,245
Talas,2025-02-13,23:00,2025-02-13T23:00,-2.2,0.4,0,0.28,12.2,21.2,236
Talas,2025-02-14,00:00,2025-02-14T00:00,-2.3,0.2,0,0.14,10.5,20.5,233
Talas,2025-02-14,01:00,2025-02-14T01:00,-2.8,0.1,0,0.07,10.9,19.8,254
Talas,2025-02-14,02:00,2025-02-14T02:00,-3.3,0,0,0,12.4,22.7,246
Talas,2025-02-14,03:00,2025-02-14T03:00,-3.7,0,0,0,12.3,23.8,247
Talas,2025-02-14,04:00,2025-02-14T04:00,-2.9,0,0,0,10.3,23.4,251
Talas,2025-02-14,05:00,2025-02-14T05:00,-3.4,0,0,0,9.3,19.8,251
Talas,2025-02-14,06:00,2025-02-14T06:00,-3.4,0,0,0,8.1,18.7,252
Talas,2025-02-14,07:00,2025-02-14T07:00,-4,0,0,0,4.4,16.2,238
Talas,2025-02-14,08:00,2025-02-14T08:00,-4.8,0,0,0,2.4,9.7,197
Talas,2025-02-14,09:00,2025-02-14T09:00,-4.4,0,0,0,0.7,6.5,180
Talas,2025-02-14,10:00,2025-02-14T10:00,-3.3,0,0,0,0.6,4.3,34
Talas,2025-02-14,11:00,2025-02-14T11:00,-2.2,0,0,0,2.7,9.4,23
Talas,2025-02-14,12:00,2025-02-14T12:00,-1.4,0,0,0,3.5,11.5,28
Talas,2025-02-14,13:00,2025-02-14T13:00,-0.8,0,0,0,4.5,13.3,23
Talas,2025-02-14,14:00,2025-02-14T14:00,-0.5,0,0,0,4.8,14,22
Talas,2025-02-14,15:00,2025-02-14T15:00,-0.3,0,0,0,4.8,14,31
Talas,2025-02-14,16:00,2025-02-14T16:00,-0.6,0,0,0,2.7,12.6,20
Talas,2025-02-14,17:00,2025-02-14T17:00,-2.3,0,0,0,3.4,8.6,74
Talas,2025-02-14,18:00,2025-02-14T18:00,-5,0,0,0,4.2,7.9,133
Talas,2025-02-14,19:00,2025-02-14T19:00,-6.6,0,0,0,4.1,8.6,151
Talas,2025-02-14,20:00,2025-02-14T20:00,-7,0,0,0,4.1,11.5,165
Talas,2025-02-14,21:00,2025-02-14T21:00,-8.3,0,0,0,4.2,14,170
Talas,2025-02-14,22:00,2025-02-14T22:00,-8.6,0,0,0,3.7,14,169
Talas,2025-02-14,23:00,2025-02-14T23:00,-8.3,0,0,0,3.1,13.3,167
Talas,2025-02-15,00:00,2025-02-15T00:00,-7.9,0,0,0,3.6,12.2,162
Talas,2025-02-15,01:00,2025-02-15T01:00,-7.8,0,0,0,3.8,12.2,163
Talas,2025-02-15,02:00,2025-02-15T02:00,-7.8,0,0,0,3.8,11.9,163
Talas,2025-02-15,03:00,2025-02-15T03:00,-7.7,0,0,0,3.8,11.9,163
Talas,2025-02-15,04:00,2025-02-15T04:00,-3.5,0,0,0,2.5,5.4,150
Talas,2025-02-15,05:00,2025-02-15T05:00,-3.5,0,0,0,3.5,7.6,152
Talas,2025-02-15,06:00,2025-02-15T06:00,-4.8,0,0,0,3.1,7.9,170
Talas,2025-02-15,07:00,2025-02-15T07:00,-4.6,0,0,0,3.6,8.6,162
Talas,2025-02-15,08:00,2025-02-15T08:00,-3.9,0,0,0,3.4,9,162
Talas,2025-02-15,09:00,2025-02-15T09:00,-2.5,0,0,0,3,9,155
Talas,2025-02-15,10:00,2025-02-15T10:00,-0.2,0,0,0,2.2,7.9,138
Talas,2025-02-15,11:00,2025-02-15T11:00,1.5,0,0,0,0.7,4.7,14
Talas,2025-02-15,12:00,2025-02-15T12:00,2.5,0,0,0,2.6,7.2,12
Talas,2025-02-15,13:00,2025-02-15T13:00,2.9,0,0,0,3.2,8.6,16
Talas,2025-02-15,14:00,2025-02-15T14:00,3,0,0,0,3.6,9.7,20
Talas,2025-02-15,15:00,2025-02-15T15:00,3,0,0,0,3.2,9.7,27
Talas,2025-02-15,16:00,2025-02-15T16:00,2.7,0,0,0,2.8,9,45
Talas,2025-02-15,17:00,2025-02-15T17:00,1.9,0,0,0,1.8,6.8,79
Talas,2025-02-15,18:00,2025-02-15T18:00,0,0,0,0,2,5,135
Talas,2025-02-15,19:00,2025-02-15T19:00,-1.8,0,0,0,2.7,6.5,157
Talas,2025-02-15,20:00,2025-02-15T20:00,-2.8,0,0,0,2.8,7.2,165
Talas,2025-02-15,21:00,2025-02-15T21:00,-3,0,0,0,2.6,7.2,164
Talas,2025-02-15,22:00,2025-02-15T22:00,-3.2,0,0,0,2.3,6.8,162
Talas,2025-02-15,23:00,2025-02-15T23:00,-4,0,0,0,2.7,7.2,160
Talas,2025-02-16,00:00,2025-02-16T00:00,-4.1,0,0,0,3,7.9,166
Talas,2025-02-16,01:00,2025-02-16T01:00,-3.7,0,0,0,2.4,7.9,163
Talas,2025-02-16,02:00,2025-02-16T02:00,-3.6,0,0,0,2.3,6.8,162
Talas,2025-02-16,03:00,2025-02-16T03:00,-5,0,0,0,2.8,7.6,169
Talas,2025-02-16,04:00,2025-02-16T04:00,-4.1,0,0,0,2.3,6.5,162
Talas,2025-02-16,05:00,2025-02-16T05:00,-4.6,0,0,0,3.1,7.9,167
Talas,2025-02-16,06:00,2025-02-16T06:00,-4.8,0,0,0,3.3,8.6,167
Talas,2025-02-16,07:00,2025-02-16T07:00,-5.1,0,0,0,2.8,8.6,169
Talas,2025-02-16,08:00,2025-02-16T08:00,-4.6,0,0,0,1.5,7.6,173
Talas,2025-02-16,09:00,2025-02-16T09:00,-2.6,0,0,0,0.5,5.8,180
Talas,2025-02-16,10:00,2025-02-16T10:00,0.2,0,0,0,0.2,3.6,90
Talas,2025-02-16,11:00,2025-02-16T11:00,1.2,0,0,0,1.5,6.1,30
Talas,2025-02-16,12:00,2025-02-16T12:00,2.6,0,0,0,3.3,8.3,29
Talas,2025-02-16,13:00,2025-02-16T13:00,2.8,0,0,0,4.7,11.5,28
Talas,2025-02-16,14:00,2025-02-16T14:00,3,0,0,0,4.1,11.5,34
Talas,2025-02-16,15:00,2025-02-16T15:00,3.1,0,0,0,3.3,10.4,41
Talas,2025-02-16,16:00,2025-02-16T16:00,3.1,0,0,0,3.1,10.1,36
Talas,2025-02-16,17:00,2025-02-16T17:00,2.2,0,0,0,1.9,8.3,49
Talas,2025-02-16,18:00,2025-02-16T18:00,0.4,0,0,0,1.3,5.4,135
Talas,2025-02-16,19:00,2025-02-16T19:00,-0.9,0,0,0,1.8,4.7,143
Talas,2025-02-16,20:00,2025-02-16T20:00,-1.5,0,0,0,1.9,5,151
Talas,2025-02-16,21:00,2025-02-16T21:00,-2.2,0,0,0,1.8,5.4,156
Talas,2025-02-16,22:00,2025-02-16T22:00,-3.2,0,0,0,2.1,6.1,160
Talas,2025-02-16,23:00,2025-02-16T23:00,-4.1,0,0,0,2.3,6.8,162
Talas,2025-02-17,00:00,2025-02-17T00:00,-4.9,0,0,0,2.9,7.9,158
Talas,2025-02-17,01:00,2025-02-17T01:00,-5.3,0,0,0,3.6,9.7,162
Talas,2025-02-17,02:00,2025-02-17T02:00,-5.6,0,0,0,3.5,10.1,168
Talas,2025-02-17,03:00,2025-02-17T03:00,-5.9,0,0,0,2.9,10.1,169
Talas,2025-02-17,04:00,2025-02-17T04:00,-1.8,0.2,0,0.14,3.8,7.9,149
Talas,2025-02-17,05:00,2025-02-17T05:00,-2.4,0,0,0,3.4,8.3,155
Talas,2025-02-17,06:00,2025-02-17T06:00,-3.9,0,0,0,4.3,10.4,165
Talas,2025-02-17,07:00,2025-02-17T07:00,-4.6,0,0,0,4.2,10.8,173
Talas,2025-02-17,08:00,2025-02-17T08:00,-4.1,0,0,0,4.6,12.2,169
Talas,2025-02-17,09:00,2025-02-17T09:00,-1.6,0,0,0,3.9,12.2,167
Talas,2025-02-17,10:00,2025-02-17T10:00,2.3,0,0,0,0.8,9.4,117
Talas,2025-02-17,11:00,2025-02-17T11:00,3.2,0,0,0,1.7,4.7,49
Talas,2025-02-17,12:00,2025-02-17T12:00,4,0,0,0,2.3,6.1,39
Talas,2025-02-17,13:00,2025-02-17T13:00,4.5,0,0,0,2.9,7.9,43
Talas,2025-02-17,14:00,2025-02-17T14:00,4.9,0,0,0,2.4,7.9,48
Talas,2025-02-17,15:00,2025-02-17T15:00,5.4,0,0,0,1.5,6.8,83
Talas,2025-02-17,16:00,2025-02-17T16:00,5,0,0,0,2.8,7.9,75
Talas,2025-02-17,17:00,2025-02-17T17:00,4.3,0,0,0,1.8,6.8,101
Talas,2025-02-17,18:00,2025-02-17T18:00,1.3,0,0,0,5.4,10.1,138
Talas,2025-02-17,19:00,2025-02-17T19:00,1.5,0,0,0,8.1,16.9,156
Talas,2025-02-17,20:00,2025-02-17T20:00,1.4,0,0,0,7.9,18.7,163
Talas,2025-02-17,21:00,2025-02-17T21:00,0.7,0,0,0,8.9,19.4,159
Talas,2025-02-17,22:00,2025-02-17T22:00,-0.1,0,0,0,9.6,21.2,160
Talas,2025-02-17,23:00,2025-02-17T23:00,-0.9,0,0,0,8.9,21.2,167
Talas,2025-02-18,00:00,2025-02-18T00:00,-1.2,0,0,0,9.4,21.2,169
Talas,2025-02-18,01:00,2025-02-18T01:00,-1.1,0,0,0,9.3,21.6,170
Talas,2025-02-18,02:00,2025-02-18T02:00,-0.7,0,0,0,7.5,20.9,169
Talas,2025-02-18,03:00,2025-02-18T03:00,-0.5,0,0,0,7.3,17.6,163
Talas,2025-02-18,04:00,2025-02-18T04:00,-1,0,0,0,9.4,20.5,167
Talas,2025-02-18,05:00,2025-02-18T05:00,-0.9,0,0,0,9.2,20.9,164
Talas,2025-02-18,06:00,2025-02-18T06:00,-1.1,0,0,0,8.5,19.8,162
Talas,2025-02-18,07:00,2025-02-18T07:00,-1.4,0,0,0,7.5,18.7,160
Talas,2025-02-18,08:00,2025-02-18T08:00,-1.9,0,0,0,7.2,17.3,162
Talas,2025-02-18,09:00,2025-02-18T09:00,0.8,0,0,0,4.9,17.3,170
Talas,2025-02-18,10:00,2025-02-18T10:00,3.8,0,0,0,3.6,11.5,120
Talas,2025-02-18,11:00,2025-02-18T11:00,5,0,0,0,3.3,7.9,131
Talas,2025-02-18,12:00,2025-02-18T12:00,5.7,0,0,0,0.8,6.5,117
Talas,2025-02-18,13:00,2025-02-18T13:00,5.7,0,0,0,1,4.7,45
Talas,2025-02-18,14:00,2025-02-18T14:00,5.7,0,0,0,1.1,5,72
Talas,2025-02-18,15:00,2025-02-18T15:00,5.8,0,0,0,1.1,4.7,81
Talas,2025-02-18,16:00,2025-02-18T16:00,4.7,0.4,0.4,0,4.8,11.9,34
Talas,2025-02-18,17:00,2025-02-18T17:00,3.8,0.4,0.4,0,4.6,13,48
Talas,2025-02-18,18:00,2025-02-18T18:00,3,0.2,0.2,0,2.2,10.4,66
Talas,2025-02-18,19:00,2025-02-18T19:00,2.7,0.1,0.1,0,3,5,104
Talas,2025-02-18,20:00,2025-02-18T20:00,2.7,0.2,0.2,0,2.7,5.8,127
Talas,2025-02-18,21:00,2025-02-18T21:00,2.5,0,0,0,2.4,6.8,132
Talas,2025-02-18,22:00,2025-02-18T22:00,3,0.4,0.3,0.07,4.6,8.6,135
Talas,2025-02-18,23:00,2025-02-18T23:00,3.4,0,0,0,8.2,16.6,139
Talas,2025-02-19,00:00,2025-02-19T00:00,3.4,0,0,0,8.6,19.1,144
Talas,2025-02-19,01:00,2025-02-19T01:00,2.5,0.2,0.2,0,4.6,18.4,135
Talas,2025-02-19,02:00,2025-02-19T02:00,1.9,6.3,0.4,4.13,3,17.3,76
Talas,2025-02-19,03:00,2025-02-19T03:00,2,1.4,0.1,0.91,5.6,10.4,50
Talas,2025-02-19,04:00,2025-02-19T04:00,1.7,0.9,0.2,0.49,6.6,15.8,77
Talas,2025-02-19,05:00,2025-02-19T05:00,1.6,1.7,0.3,0.98,5.1,11.9,73
Talas,2025-02-19,06:00,2025-02-19T06:00,1.5,2.6,0.4,1.54,3.1,9.4,77
Talas,2025-02-19,07:00,2025-02-19T07:00,1.4,2.2,0.4,1.26,0.4,6.5,90
Talas,2025-02-19,08:00,2025-02-19T08:00,1.6,1,0.3,0.49,1.4,6.1,140
Talas,2025-02-19,09:00,2025-02-19T09:00,2.1,0.2,0.2,0,2,6.8,10
Talas,2025-02-19,10:00,2025-02-19T10:00,2.5,0,0,0,3.1,8.3,353
Talas,2025-02-19,11:00,2025-02-19T11:00,2.7,0,0,0,4,11.2,339
Talas,2025-02-19,12:00,2025-02-19T12:00,3,0,0,0,2.9,10.8,313
Talas,2025-02-19,13:00,2025-02-19T13:00,3.4,0.1,0.1,0,6.2,14.4,306
Talas,2025-02-19,14:00,2025-02-19T14:00,3,0.5,0.5,0,10.9,22.7,306
Talas,2025-02-19,15:00,2025-02-19T15:00,2.2,0.8,0.5,0.21,13.4,26.6,298
Talas,2025-02-19,16:00,2025-02-19T16:00,1.4,0.4,0.1,0.21,12.8,25.6,292
Talas,2025-02-19,17:00,2025-02-19T17:00,1.1,0.3,0,0.21,10,25.9,279
Talas,2025-02-19,18:00,2025-02-19T18:00,0.9,0.1,0,0.07,6.3,20.2,272
Talas,2025-02-19,19:00,2025-02-19T19:00,0.7,0.1,0,0.07,6.3,14,283
Talas,2025-02-19,20:00,2025-02-19T20:00,0.4,0.2,0,0.14,9.4,19.4,302
Talas,2025-02-19,21:00,2025-02-19T21:00,-0.2,0.2,0,0.14,8.9,19.4,289
Talas,2025-02-19,22:00,2025-02-19T22:00,-0.5,0.2,0,0.14,8.8,18,275
Talas,2025-02-19,23:00,2025-02-19T23:00,-0.7,0.2,0,0.14,7.2,16.9,270
Talas,2025-02-20,00:00,2025-02-20T00:00,-1.3,0.2,0,0.14,6.5,14.8,283
Talas,2025-02-20,01:00,2025-02-20T01:00,-2.7,0.1,0,0.07,5.5,14.4,293
Talas,2025-02-20,02:00,2025-02-20T02:00,-4.1,0.1,0,0.07,3.7,12.6,299
Talas,2025-02-20,03:00,2025-02-20T03:00,-5.2,0,0,0,3.1,9,3
Talas,2025-02-20,04:00,2025-02-20T04:00,-4.5,0.2,0,0.14,4.8,12.6,34
Talas,2025-02-20,05:00,2025-02-20T05:00,-5.5,0.1,0,0.07,4.9,13.3,54
Talas,2025-02-20,06:00,2025-02-20T06:00,-6.1,0,0,0,5,14.4,52
Talas,2025-02-20,07:00,2025-02-20T07:00,-6.4,0,0,0,3.9,13.3,37
Talas,2025-02-20,08:00,2025-02-20T08:00,-6.6,0,0,0,3.7,11.9,43
Talas,2025-02-20,09:00,2025-02-20T09:00,-6.3,0,0,0,6.9,16.9,53
Talas,2025-02-20,10:00,2025-02-20T10:00,-5.7,0,0,0,7.4,19.4,45
Talas,2025-02-20,11:00,2025-02-20T11:00,-5.3,0,0,0,5.3,18.7,28
Talas,2025-02-20,12:00,2025-02-20T12:00,-4.8,0,0,0,5.1,16.2,8
Talas,2025-02-20,13:00,2025-02-20T13:00,-4.3,0,0,0,4.2,16.6,348
Talas,2025-02-20,14:00,2025-02-20T14:00,-4,0,0,0,5.2,15.5,316
Talas,2025-02-20,15:00,2025-02-20T15:00,-3.7,0,0,0,8,19.1,306
Talas,2025-02-20,16:00,2025-02-20T16:00,-3.6,0.1,0,0.07,6.1,15.5,320
Talas,2025-02-20,17:00,2025-02-20T17:00,-3.8,0.1,0,0.07,8.2,19.1,310
Talas,2025-02-20,18:00,2025-02-20T18:00,-4.6,0.1,0,0.07,9.7,21.2,294
Talas,2025-02-20,19:00,2025-02-20T19:00,-5.9,0,0,0,9.7,21.2,266
Talas,2025-02-20,20:00,2025-02-20T20:00,-7,0,0,0,9.4,19.8,244
Talas,2025-02-20,21:00,2025-02-20T21:00,-7.4,0,0,0,6.9,17.6,240
Talas,2025-02-20,22:00,2025-02-20T22:00,-7.7,0,0,0,4.9,14.4,242
Talas,2025-02-20,23:00,2025-02-20T23:00,-8.8,0,0,0,4.5,11.2,233
Talas,2025-02-21,00:00,2025-02-21T00:00,-8.4,0,0,0,3.5,9.4,215
Talas,2025-02-21,01:00,2025-02-21T01:00,-9.1,0,0,0,0,8.3,270
Talas,2025-02-21,02:00,2025-02-21T02:00,-10.1,0,0,0,4,10.1,87
Talas,2025-02-21,03:00,2025-02-21T03:00,-10.9,0,0,0,4.8,11.9,132
Talas,2025-02-21,04:00,2025-02-21T04:00,-11.7,0,0,0,3.3,8.3,174
Talas,2025-02-21,05:00,2025-02-21T05:00,-11.6,0,0,0,3.3,7.2,171
Talas,2025-02-21,06:00,2025-02-21T06:00,-11.6,0,0,0,3.4,7.2,180
Talas,2025-02-21,07:00,2025-02-21T07:00,-11.9,0,0,0,2.9,6.5,176
Talas,2025-02-21,08:00,2025-02-21T08:00,-12.3,0,0,0,2,6.1,175
Talas,2025-02-21,09:00,2025-02-21T09:00,-10.6,0,0,0,1.1,5.4,180
Talas,2025-02-21,10:00,2025-02-21T10:00,-8.3,0,0,0,2,7.2,350
Talas,2025-02-21,11:00,2025-02-21T11:00,-7.6,0,0,0,4,13,330
Talas,2025-02-21,12:00,2025-02-21T12:00,-6.9,0,0,0,7.1,18.7,333
Talas,2025-02-21,13:00,2025-02-21T13:00,-6.4,0,0,0,9,22.3,331
Talas,2025-02-21,14:00,2025-02-21T14:00,-5.9,0,0,0,10.1,24.5,333
Talas,2025-02-21,15:00,2025-02-21T15:00,-5.8,0,0,0,10.5,24.5,327
Talas,2025-02-21,16:00,2025-02-21T16:00,-6.4,0,0,0,13.6,31,311
Talas,2025-02-21,17:00,2025-02-21T17:00,-6.7,0,0,0,10.5,29.9,305
Talas,2025-02-21,18:00,2025-02-21T18:00,-7.9,0,0,0,5.7,23.4,283
Talas,2025-02-21,19:00,2025-02-21T19:00,-10.2,0,0,0,6.5,13.7,231
Talas,2025-02-21,20:00,2025-02-21T20:00,-11.3,0,0,0,7.8,14.4,226
Talas,2025-02-21,21:00,2025-02-21T21:00,-11.5,0,0,0,8.2,15.5,221
Talas,2025-02-21,22:00,2025-02-21T22:00,-11.7,0,0,0,7.5,15.5,215
Talas,2025-02-21,23:00,2025-02-21T23:00,-12.9,0,0,0,7.1,14.4,207
Talas,2025-02-22,00:00,2025-02-22T00:00,-13,0,0,0,6.6,12.6,209
Talas,2025-02-22,01:00,2025-02-22T01:00,-12.3,0,0,0,5.7,12.2,224
Talas,2025-02-22,02:00,2025-02-22T02:00,-12.6,0,0,0,5.8,11.5,219
Talas,2025-02-22,03:00,2025-02-22T03:00,-13.9,0,0,0,5.7,11.5,215
Talas,2025-02-22,04:00,2025-02-22T04:00,-11.2,0,0,0,6.9,14.4,239
Talas,2025-02-22,05:00,2025-02-22T05:00,-10,0,0,0,8.2,15.8,234
Talas,2025-02-22,06:00,2025-02-22T06:00,-9.4,0.1,0,0.07,8.5,16.6,241
Talas,2025-02-22,07:00,2025-02-22T07:00,-9.3,0,0,0,8.1,16.2,242
Talas,2025-02-22,08:00,2025-02-22T08:00,-9.1,0,0,0,8.2,16.6,256
Talas,2025-02-22,09:00,2025-02-22T09:00,-8.8,0.1,0,0.07,9.2,17.6,264
Talas,2025-02-22,10:00,2025-02-22T10:00,-8.3,0.2,0,0.14,10.9,22.3,279
Talas,2025-02-22,11:00,2025-02-22T11:00,-7.9,0.2,0,0.14,11.7,24.5,287
Talas,2025-02-22,12:00,2025-02-22T12:00,-7.5,0.3,0,0.21,11.1,24.8,292
Talas,2025-02-22,13:00,2025-02-22T13:00,-6.8,0.1,0,0.07,9.1,25.9,319
Talas,2025-02-22,14:00,2025-02-22T14:00,-6.5,0.1,0,0.07,9,24.8,360
Talas,2025-02-22,15:00,2025-02-22T15:00,-6.4,0.1,0,0.07,8.8,24.5,343
Talas,2025-02-22,16:00,2025-02-22T16:00,-6.9,0,0,0,9.5,27,314
Talas,2025-02-22,17:00,2025-02-22T17:00,-7.5,0,0,0,6,24.1,307
Talas,2025-02-22,18:00,2025-02-22T18:00,-10.4,0,0,0,4.8,15.5,295
Talas,2025-02-22,19:00,2025-02-22T19:00,-12.4,0,0,0,3.6,11.9,237
Talas,2025-02-22,20:00,2025-02-22T20:00,-13.1,0,0,0,5,10.1,224
Talas,2025-02-22,21:00,2025-02-22T21:00,-14,0,0,0,7.6,11.2,208
Talas,2025-02-22,22:00,2025-02-22T22:00,-14.7,0,0,0,6.9,11.9,203
Talas,2025-02-22,23:00,2025-02-22T23:00,-14.7,0,0,0,7,12.2,222
Talas,2025-02-23,00:00,2025-02-23T00:00,-12.5,0.1,0,0.07,8.5,15.1,215
Talas,2025-02-23,01:00,2025-02-23T01:00,-12.9,0,0,0,8.6,15.8,211
Talas,2025-02-23,02:00,2025-02-23T02:00,-13.5,0,0,0,8.6,15.8,211
Talas,2025-02-23,03:00,2025-02-23T03:00,-14.2,0,0,0,7.9,15.5,210
Talas,2025-02-23,04:00,2025-02-23T04:00,-14,0,0,0,8.6,15.8,219
Talas,2025-02-23,05:00,2025-02-23T05:00,-14.1,0,0,0,8.4,15.5,215
Talas,2025-02-23,06:00,2025-02-23T06:00,-13.3,0,0,0,8.4,15.5,215
Talas,2025-02-23,07:00,2025-02-23T07:00,-13.1,0,0,0,8.1,14.4,217
Talas,2025-02-23,08:00,2025-02-23T08:00,-12.3,0,0,0,8.9,15.5,218
Talas,2025-02-23,09:00,2025-02-23T09:00,-11.1,0,0,0,8.7,14.8,227
Talas,2025-02-23,10:00,2025-02-23T10:00,-10,0,0,0,8.5,17.6,257
Talas,2025-02-23,11:00,2025-02-23T11:00,-9.1,0,0,0,9,19.8,286
Talas,2025-02-23,12:00,2025-02-23T12:00,-8.3,0,0,0,8.3,21.6,303
Talas,2025-02-23,13:00,2025-02-23T13:00,-7.7,0,0,0,6.6,20.5,303
Talas,2025-02-23,14:00,2025-02-23T14:00,-7.1,0,0,0,5.7,18.4,332
Talas,2025-02-23,15:00,2025-02-23T15:00,-6.8,0,0,0,5.6,17.3,331
Talas,2025-02-23,16:00,2025-02-23T16:00,-7.1,0.1,0,0.07,8,20.9,316
Talas,2025-02-23,17:00,2025-02-23T17:00,-7.6,0,0,0,4.1,19.1,315
Talas,2025-02-23,18:00,2025-02-23T18:00,-10,0,0,0,4.4,11.5,258
Talas,2025-02-23,19:00,2025-02-23T19:00,-10.6,0,0,0,7.1,11.9,221
Talas,2025-02-23,20:00,2025-02-23T20:00,-11.9,0,0,0,8.6,15.1,206
Talas,2025-02-23,21:00,2025-02-23T21:00,-12.5,0,0,0,8.2,15.8,199
Talas,2025-02-23,22:00,2025-02-23T22:00,-13.1,0,0,0,7.2,15.1,194
Talas,2025-02-23,23:00,2025-02-23T23:00,-13.6,0,0,0,6.5,14,194
Talas,2025-02-24,00:00,2025-02-24T00:00,-14.2,0,0,0,6.1,12.6,194
Talas,2025-02-24,01:00,2025-02-24T01:00,-15.2,0,0,0,5.5,11.2,191
Talas,2025-02-24,02:00,2025-02-24T02:00,-15.2,0,0,0,3.8,8.6,199
Talas,2025-02-24,03:00,2025-02-24T03:00,-15.5,0,0,0,3.4,5.8,205
Talas,2025-02-24,04:00,2025-02-24T04:00,-16.4,0,0,0,5.5,9.4,216
Talas,2025-02-24,05:00,2025-02-24T05:00,-16.1,0,0,0,5,9.4,210
Talas,2025-02-24,06:00,2025-02-24T06:00,-16,0,0,0,4.5,8.6,220
Talas,2025-02-24,07:00,2025-02-24T07:00,-16.3,0,0,0,4.6,8.3,216
Talas,2025-02-24,08:00,2025-02-24T08:00,-15.6,0,0,0,4.1,8.3,218
Talas,2025-02-24,09:00,2025-02-24T09:00,-12.7,0,0,0,4.5,8.6,223
Talas,2025-02-24,10:00,2025-02-24T10:00,-10.2,0,0,0,4.8,9.4,228
Talas,2025-02-24,11:00,2025-02-24T11:00,-8.9,0,0,0,4.1,11.5,241
Talas,2025-02-24,12:00,2025-02-24T12:00,-7.9,0,0,0,3.8,12.2,265
Talas,2025-02-24,13:00,2025-02-24T13:00,-7,0,0,0,4.9,13.7,270
Talas,2025-02-24,14:00,2025-02-24T14:00,-6.3,0,0,0,5.1,14.4,280
Talas,2025-02-24,15:00,2025-02-24T15:00,-5.7,0,0,0,5.1,14.4,288
Talas,2025-02-24,16:00,2025-02-24T16:00,-5.7,0,0,0,5.2,14.8,329
Talas,2025-02-24,17:00,2025-02-24T17:00,-6.6,0,0,0,2.5,14.4,352
Talas,2025-02-24,18:00,2025-02-24T18:00,-8.8,0,0,0,0.7,8.3,166
Talas,2025-02-24,19:00,2025-02-24T19:00,-11.4,0,0,0,4.7,8.3,189
Talas,2025-02-24,20:00,2025-02-24T20:00,-11.7,0,0,0,4.7,11.5,187
Talas,2025-02-24,21:00,2025-02-24T21:00,-12.4,0,0,0,5.4,13.3,184
Talas,2025-02-24,22:00,2025-02-24T22:00,-13.3,0,0,0,5.6,14.8,182
Talas,2025-02-24,23:00,2025-02-24T23:00,-13.7,0,0,0,4,14.8,183
Talas,2025-02-25,00:00,2025-02-25T00:00,-13.8,0,0,0,3.2,12.6,183
Talas,2025-02-25,01:00,2025-02-25T01:00,-14.3,0,0,0,4.3,13.3,180
Talas,2025-02-25,02:00,2025-02-25T02:00,-14.7,0,0,0,4.9,14.4,182
Talas,2025-02-25,03:00,2025-02-25T03:00,-14.8,0,0,0,5,14.4,182
Talas,2025-02-25,04:00,2025-02-25T04:00,-14.3,0,0,0,4.9,14,186
Talas,2025-02-25,05:00,2025-02-25T05:00,-14.6,0,0,0,4,13.3,185
Talas,2025-02-25,06:00,2025-02-25T06:00,-15,0,0,0,3.4,11.5,183
Talas,2025-02-25,07:00,2025-02-25T07:00,-15.3,0,0,0,3.6,11.5,177
Talas,2025-02-25,08:00,2025-02-25T08:00,-14.5,0,0,0,3.6,12.2,180
Talas,2025-02-25,09:00,2025-02-25T09:00,-11.1,0,0,0,2,11.5,180
Talas,2025-02-25,10:00,2025-02-25T10:00,-6.9,0,0,0,0.9,6.1,37
Talas,2025-02-25,11:00,2025-02-25T11:00,-5,0,0,0,3.8,10.4,25
Talas,2025-02-25,12:00,2025-02-25T12:00,-3.5,0,0,0,4.6,13.3,21
Talas,2025-02-25,13:00,2025-02-25T13:00,-2,0,0,0,4.4,13.3,351
Talas,2025-02-25,14:00,2025-02-25T14:00,-1,0,0,0,6.1,15.5,315
Talas,2025-02-25,15:00,2025-02-25T15:00,-0.8,0,0,0,8.8,20.2,289
Talas,2025-02-25,16:00,2025-02-25T16:00,-1.7,0,0,0,11.7,25.6,271
Talas,2025-02-25,17:00,2025-02-25T17:00,-2.6,0,0,0,9,25.6,257
Talas,2025-02-25,18:00,2025-02-25T18:00,-5.9,0,0,0,4.9,19.4,219
Talas,2025-02-25,19:00,2025-02-25T19:00,-8.9,0,0,0,5.3,11.9,172
Talas,2025-02-25,20:00,2025-02-25T20:00,-9.6,0,0,0,5.8,14.8,171
Talas,2025-02-25,21:00,2025-02-25T21:00,-10.2,0,0,0,6.5,16.6,172
Talas,2025-02-25,22:00,2025-02-25T22:00,-10.5,0,0,0,6,16.6,171
Talas,2025-02-25,23:00,2025-02-25T23:00,-10.4,0,0,0,5.8,16.2,173
Talas,2025-02-26,00:00,2025-02-26T00:00,-11.1,0,0,0,5.8,16.6,173
Talas,2025-02-26,01:00,2025-02-26T01:00,-12.3,0,0,0,5.4,16.9,172
Talas,2025-02-26,02:00,2025-02-26T02:00,-12.6,0,0,0,5.3,16.9,172
Talas,2025-02-26,03:00,2025-02-26T03:00,-12.3,0,0,0,4.2,16.6,173
Talas,2025-02-26,04:00,2025-02-26T04:00,-10.6,0,0,0,3.1,9.4,173
Talas,2025-02-26,05:00,2025-02-26T05:00,-9.2,0,0,0,3.4,9.7,180
Talas,2025-02-26,06:00,2025-02-26T06:00,-7.5,0,0,0,3.8,10.4,180
Talas,2025-02-26,07:00,2025-02-26T07:00,-7.2,0,0,0,2.9,10.4,180
Talas,2025-02-26,08:00,2025-02-26T08:00,-7.1,0,0,0,2.5,9.4,172
Talas,2025-02-26,09:00,2025-02-26T09:00,-4.5,0,0,0,2.2,8.3,171
Talas,2025-02-26,10:00,2025-02-26T10:00,-1.5,0,0,0,2,7.6,185
Talas,2025-02-26,11:00,2025-02-26T11:00,-0.1,0,0,0,3.5,11.2,325
Talas,2025-02-26,12:00,2025-02-26T12:00,0.8,0,0,0,7,16.6,293
Talas,2025-02-26,13:00,2025-02-26T13:00,1.5,0,0,0,13.1,26.6,277
Talas,2025-02-26,14:00,2025-02-26T14:00,1.7,0,0,0,16.4,33.1,274
Talas,2025-02-26,15:00,2025-02-26T15:00,1.9,0,0,0,15.1,32.4,278
Talas,2025-02-26,16:00,2025-02-26T16:00,2.1,0,0,0,13.6,29.9,259
Talas,2025-02-26,17:00,2025-02-26T17:00,1.4,0,0,0,11,27.4,256
Talas,2025-02-26,18:00,2025-02-26T18:00,-0.2,0,0,0,6.4,22.7,243
Talas,2025-02-26,19:00,2025-02-26T19:00,-2.8,0,0,0,6.4,15.1,196
Talas,2025-02-26,20:00,2025-02-26T20:00,-3.6,0,0,0,7.1,14.4,190
Talas,2025-02-26,21:00,2025-02-26T21:00,-4.2,0,0,0,7.3,14.8,190
Talas,2025-02-26,22:00,2025-02-26T22:00,-4.5,0,0,0,6.7,14.8,186
Talas,2025-02-26,23:00,2025-02-26T23:00,-5.4,0,0,0,5.6,13.7,186
Talas,2025-02-27,00:00,2025-02-27T00:00,-6.1,0,0,0,4.3,12.6,180
Talas,2025-02-27,01:00,2025-02-27T01:00,-6.8,0,0,0,3.5,10.8,171
Talas,2025-02-27,02:00,2025-02-27T02:00,-7,0,0,0,3.3,9.7,167
Talas,2025-02-27,03:00,2025-02-27T03:00,-7.3,0,0,0,3.5,11.2,168
Talas,2025-02-27,04:00,2025-02-27T04:00,-6.6,0,0,0,4.1,11.2,195
Talas,2025-02-27,05:00,2025-02-27T05:00,-7,0,0,0,4.5,11.5,196
Talas,2025-02-27,06:00,2025-02-27T06:00,-7.4,0,0,0,4.6,11.2,193
Talas,2025-02-27,07:00,2025-02-27T07:00,-7.6,0,0,0,4.5,11.2,187
Talas,2025-02-27,08:00,2025-02-27T08:00,-6.9,0,0,0,3.8,10.4,185
Talas,2025-02-27,09:00,2025-02-27T09:00,-3.8,0,0,0,2.2,9,185
Talas,2025-02-27,10:00,2025-02-27T10:00,0,0,0,0,0,6.5,270
Talas,2025-02-27,11:00,2025-02-27T11:00,1.5,0,0,0,1.5,7.6,45
Talas,2025-02-27,12:00,2025-02-27T12:00,2.9,0,0,0,1.3,7.2,34
Talas,2025-02-27,13:00,2025-02-27T13:00,3.6,0,0,0,0.5,6.5,360
Talas,2025-02-27,14:00,2025-02-27T14:00,4,0,0,0,1.2,5.8,297
Talas,2025-02-27,15:00,2025-02-27T15:00,4.1,0,0,0,1.8,6.8,276
Talas,2025-02-27,16:00,2025-02-27T16:00,4.1,0,0,0,4.6,11.2,257
Talas,2025-02-27,17:00,2025-02-27T17:00,3.1,0,0,0,5.3,11.9,237
Talas,2025-02-27,18:00,2025-02-27T18:00,0.4,0,0,0,5.6,10.8,197
Talas,2025-02-27,19:00,2025-02-27T19:00,-2.1,0,0,0,4.5,10.8,182
Talas,2025-02-27,20:00,2025-02-27T20:00,-3.7,0,0,0,4.4,13.3,173
Talas,2025-02-27,21:00,2025-02-27T21:00,-5,0,0,0,5.8,16.2,173
Talas,2025-02-27,22:00,2025-02-27T22:00,-5.7,0,0,0,5.8,16.9,175
Talas,2025-02-27,23:00,2025-02-27T23:00,-6.3,0,0,0,6,17.3,173
Talas,2025-02-28,00:00,2025-02-28T00:00,-6.6,0,0,0,5.8,17.3,175
Talas,2025-02-28,01:00,2025-02-28T01:00,-6.5,0,0,0,5.1,16.9,176
Talas,2025-02-28,02:00,2025-02-28T02:00,-6.5,0,0,0,4.9,15.5,174
Talas,2025-02-28,03:00,2025-02-28T03:00,-6.3,0,0,0,4.9,15.1,176
Talas,2025-02-28,04:00,2025-02-28T04:00,-5.6,0,0,0,4.3,13.7,175
Talas,2025-02-28,05:00,2025-02-28T05:00,-5.2,0,0,0,4.9,14,176
Talas,2025-02-28,06:00,2025-02-28T06:00,-5.5,0,0,0,5.2,14.8,178
Talas,2025-02-28,07:00,2025-02-28T07:00,-5.7,0,0,0,5.4,15.1,180
Talas,2025-02-28,08:00,2025-02-28T08:00,-4.4,0,0,0,5,15.5,182
Talas,2025-02-28,09:00,2025-02-28T09:00,-1.4,0,0,0,3.1,13.7,187
Talas,2025-02-28,10:00,2025-02-28T10:00,2.3,0,0,0,0.7,6.8,194
Talas,2025-02-28,11:00,2025-02-28T11:00,3.5,0,0,0,0.8,4.3,45
Talas,2025-02-28,12:00,2025-02-28T12:00,4.1,0,0,0,1.8,6.5,53
Talas,2025-02-28,13:00,2025-02-28T13:00,4.5,0,0,0,2.1,7.2,52
Talas,2025-02-28,14:00,2025-02-28T14:00,4.7,0,0,0,1.8,7.2,45
Talas,2025-02-28,15:00,2025-02-28T15:00,4.8,0,0,0,1,6.8,45
Talas,2025-02-28,16:00,2025-02-28T16:00,4.3,0,0,0,2.2,6.5,194
Talas,2025-02-28,17:00,2025-02-28T17:00,4.5,0,0,0,0.4,6.1,360
Talas,2025-02-28,18:00,2025-02-28T18:00,3.8,0,0,0,0.8,4.7,63
Talas,2025-02-28,19:00,2025-02-28T19:00,2.4,0,0,0,0.6,4.7,124
Talas,2025-02-28,20:00,2025-02-28T20:00,1.3,0,0,0,0.6,4,162
Talas,2025-02-28,21:00,2025-02-28T21:00,1.6,0,0,0,2,4,175
Talas,2025-02-28,22:00,2025-02-28T22:00,1.6,0,0,0,1.9,4,158
Talas,2025-02-28,23:00,2025-02-28T23:00,1.6,0,0,0,1.7,4.3,148
Talas,2025-03-01,00:00,2025-03-01T00:00,1.2,0,0,0,1.4,4.3,180
Talas,2025-03-01,01:00,2025-03-01T01:00,1,0,0,0,1.2,5,219
Talas,2025-03-01,02:00,2025-03-01T02:00,-0.5,0,0,0,2.3,5.4,203
Talas,2025-03-01,03:00,2025-03-01T03:00,-1.6,0,0,0,3.9,7.6,202
Talas,2025-03-01,04:00,2025-03-01T04:00,-2,0,0,0,5.6,11.2,207
Talas,2025-03-01,05:00,2025-03-01T05:00,-2.4,0,0,0,4.1,9.7,209
Talas,2025-03-01,06:00,2025-03-01T06:00,-2.5,0,0,0,2.7,7.6,212
Talas,2025-03-01,07:00,2025-03-01T07:00,-2.4,0,0,0,3.6,6.1,200
Talas,2025-03-01,08:00,2025-03-01T08:00,-1.6,0,0,0,5,7.6,201
Talas,2025-03-01,09:00,2025-03-01T09:00,0.9,0,0,0,3.3,7.6,221
Talas,2025-03-01,10:00,2025-03-01T10:00,2,0,0,0,1.9,7.6,299
Talas,2025-03-01,11:00,2025-03-01T11:00,2.8,0,0,0,2.4,8.3,312
Talas,2025-03-01,12:00,2025-03-01T12:00,3.5,0,0,0,3.6,10.4,307
Talas,2025-03-01,13:00,2025-03-01T13:00,3.9,0,0,0,4.5,13,310
Talas,2025-03-01,14:00,2025-03-01T14:00,4.3,0,0,0,4.7,13.7,313
Talas,2025-03-01,15:00,2025-03-01T15:00,4.4,0,0,0,3.9,13.3,307
Talas,2025-03-01,16:00,2025-03-01T16:00,4.6,0,0,0,6.8,17.3,299
Talas,2025-03-01,17:00,2025-03-01T17:00,4.1,0,0,0,5,17.3,296
Talas,2025-03-01,18:00,2025-03-01T18:00,3,0,0,0,1.1,13,261
Talas,2025-03-01,19:00,2025-03-01T19:00,1.1,0,0,0,1.7,5.4,162
Talas,2025-03-01,20:00,2025-03-01T20:00,-1,0,0,0,3.5,6.1,165
Talas,2025-03-01,21:00,2025-03-01T21:00,-1.7,0,0,0,4,9,175
Talas,2025-03-01,22:00,2025-03-01T22:00,-1.9,0,0,0,4.5,11.2,175
Talas,2025-03-01,23:00,2025-03-01T23:00,-2.4,0,0,0,4.9,13,172
Talas,2025-03-02,00:00,2025-03-02T00:00,-2.8,0,0,0,4.5,13,173
Talas,2025-03-02,01:00,2025-03-02T01:00,-3.3,0,0,0,4.7,13.7,176
Talas,2025-03-02,02:00,2025-03-02T02:00,-3.7,0,0,0,5.1,14.4,174
Talas,2025-03-02,03:00,2025-03-02T03:00,-4,0,0,0,4.5,14,175
Talas,2025-03-02,04:00,2025-03-02T04:00,-2.7,0,0,0,4.3,10.1,178
Talas,2025-03-02,05:00,2025-03-02T05:00,-2.8,0,0,0,4.3,11.5,175
Talas,2025-03-02,06:00,2025-03-02T06:00,-3.4,0,0,0,4.9,13.3,176
Talas,2025-03-02,07:00,2025-03-02T07:00,-3.6,0,0,0,4.7,13.3,176
Talas,2025-03-02,08:00,2025-03-02T08:00,-2.7,0,0,0,4,13.3,177
Talas,2025-03-02,09:00,2025-03-02T09:00,1.2,0,0,0,2.3,11.5,180
Talas,2025-03-02,10:00,2025-03-02T10:00,3.7,0,0,0,0.2,6.1,360
Talas,2025-03-02,11:00,2025-03-02T11:00,4.8,0,0,0,0.6,6.1,18
Talas,2025-03-02,12:00,2025-03-02T12:00,5.9,0,0,0,0.6,6.5,342
Talas,2025-03-02,13:00,2025-03-02T13:00,6.3,0,0,0,4.2,11.2,288
Talas,2025-03-02,14:00,2025-03-02T14:00,6.8,0,0,0,6.7,15.1,264
Talas,2025-03-02,15:00,2025-03-02T15:00,6.8,0,0,0,6.4,15.5,259
Talas,2025-03-02,16:00,2025-03-02T16:00,6.9,0,0,0,7.5,20.5,255
Talas,2025-03-02,17:00,2025-03-02T17:00,6,0,0,0,6.8,15.8,209
Talas,2025-03-02,18:00,2025-03-02T18:00,5,0,0,0,5.2,13.3,174
Talas,2025-03-02,19:00,2025-03-02T19:00,2.6,0,0,0,4.4,11.2,171
Talas,2025-03-02,20:00,2025-03-02T20:00,0.1,0,0,0,5.7,15.8,169
Talas,2025-03-02,21:00,2025-03-02T21:00,-0.8,0,0,0,5.9,16.9,168
Talas,2025-03-02,22:00,2025-03-02T22:00,-1,0,0,0,5.5,16.9,167
Talas,2025-03-02,23:00,2025-03-02T23:00,-0.8,0,0,0,6.2,16.2,163
Talas,2025-03-03,00:00,2025-03-03T00:00,-0.8,0,0,0,6.5,17.3,167
Talas,2025-03-03,01:00,2025-03-03T01:00,-0.7,0,0,0,6.3,16.6,167
Talas,2025-03-03,02:00,2025-03-03T02:00,-0.3,0,0,0,5.3,16.6,168
Talas,2025-03-03,03:00,2025-03-03T03:00,0.1,0,0,0,6.5,16.6,166
Talas,2025-03-03,04:00,2025-03-03T04:00,0.8,0,0,0,6.6,17.3,163
Talas,2025-03-03,05:00,2025-03-03T05:00,1.4,0,0,0,5.2,15.5,166
Talas,2025-03-03,06:00,2025-03-03T06:00,1.2,0,0,0,2.8,12.2,169
Talas,2025-03-03,07:00,2025-03-03T07:00,1.6,0.1,0.1,0,2,6.8,135
Talas,2025-03-03,08:00,2025-03-03T08:00,2.1,0.2,0.2,0,2.5,6.1,94
Talas,2025-03-03,09:00,2025-03-03T09:00,2.3,1.1,0.1,0.7,4.9,9.4,88
Talas,2025-03-03,10:00,2025-03-03T10:00,2.2,1.3,0.2,0.77,4.1,10.8,41
Talas,2025-03-03,11:00,2025-03-03T11:00,2.2,1.7,0.2,1.05,5,11.9,26
Talas,2025-03-03,12:00,2025-03-03T12:00,2.5,1.4,0.2,0.84,4.4,11.9,21
Talas,2025-03-03,13:00,2025-03-03T13:00,2.6,1,0.3,0.49,3.2,11.5,3
Talas,2025-03-03,14:00,2025-03-03T14:00,2.2,1.2,0.4,0.56,1.5,9.7,330
Talas,2025-03-03,15:00,2025-03-03T15:00,2.5,0.9,0.5,0.28,2,5.8,270
Talas,2025-03-03,16:00,2025-03-03T16:00,4,0,0,0,3.5,11.2,345
Talas,2025-03-03,17:00,2025-03-03T17:00,3.6,0.1,0.1,0,3.1,11.5,357
Talas,2025-03-03,18:00,2025-03-03T18:00,3,0.3,0.3,0,1.6,9,6
Talas,2025-03-03,19:00,2025-03-03T19:00,2.1,0.3,0.3,0,1.5,5.4,30
Talas,2025-03-03,20:00,2025-03-03T20:00,1.8,0.4,0.4,0,0.2,5,90
Talas,2025-03-03,21:00,2025-03-03T21:00,1.5,0.3,0.2,0.07,0.5,3.6,135
Talas,2025-03-03,22:00,2025-03-03T22:00,0.9,0.2,0.1,0.07,2.4,5.4,163
Talas,2025-03-03,23:00,2025-03-03T23:00,0.9,0.1,0,0.07,0.9,5.8,143
Talas,2025-03-04,00:00,2025-03-04T00:00,0.9,0.2,0,0.14,2.7,7.6,118
Talas,2025-03-04,01:00,2025-03-04T01:00,0.5,0.1,0,0.07,1.3,8.3,146
Talas,2025-03-04,02:00,2025-03-04T02:00,-0.6,0,0,0,1.1,5.8,99
Talas,2025-03-04,03:00,2025-03-04T03:00,-0.8,0,0,0,2.6,7.2,129
Talas,2025-03-04,04:00,2025-03-04T04:00,-0.9,0,0,0,2.9,8.3,112
Talas,2025-03-04,05:00,2025-03-04T05:00,-1.6,0,0,0,2.7,7.9,132
Talas,2025-03-04,06:00,2025-03-04T06:00,-1.4,0,0,0,2.9,7.6,169
Talas,2025-03-04,07:00,2025-03-04T07:00,-2.2,0,0,0,3.6,8.6,183
Talas,2025-03-04,08:00,2025-03-04T08:00,-2,0,0,0,3,9,163
Talas,2025-03-04,09:00,2025-03-04T09:00,-0.8,0,0,0,3.2,9.7,133
Talas,2025-03-04,10:00,2025-03-04T10:00,0.1,0,0,0,4.4,12.6,55
Talas,2025-03-04,11:00,2025-03-04T11:00,1.2,0,0,0,4.8,13.3,61
Talas,2025-03-04,12:00,2025-03-04T12:00,2.4,0,0,0,5,14,55
Talas,2025-03-04,13:00,2025-03-04T13:00,3.6,0,0,0,5.8,15.8,70
Talas,2025-03-04,14:00,2025-03-04T14:00,4.3,0,0,0,6.8,18.4,65
Talas,2025-03-04,15:00,2025-03-04T15:00,4.3,0,0,0,7,19.1,61
Talas,2025-03-04,16:00,2025-03-04T16:00,4.2,0,0,0,6.4,19.4,54
Talas,2025-03-04,17:00,2025-03-04T17:00,3.6,0,0,0,5.7,17.6,49
Talas,2025-03-04,18:00,2025-03-04T18:00,1,0,0,0,4.1,15.8,77
Talas,2025-03-04,19:00,2025-03-04T19:00,-0.8,0,0,0,3.8,10.1,139
Talas,2025-03-04,20:00,2025-03-04T20:00,-1.7,0,0,0,4.3,10.1,152
Talas,2025-03-04,21:00,2025-03-04T21:00,-2.2,0,0,0,3.9,10.4,164
Talas,2025-03-04,22:00,2025-03-04T22:00,-2.3,0,0,0,3.5,10.4,171
Talas,2025-03-04,23:00,2025-03-04T23:00,-2.5,0,0,0,2.9,10.4,180
Talas,2025-03-05,00:00,2025-03-05T00:00,-2.6,0,0,0,2.9,10.1,180
Talas,2025-03-05,01:00,2025-03-05T01:00,-2.8,0,0,0,2.5,10.1,184
Talas,2025-03-05,02:00,2025-03-05T02:00,-2.7,0,0,0,2.3,9,184
Talas,2025-03-05,03:00,2025-03-05T03:00,-2.3,0,0,0,1.3,7.9,180
Talas,2025-03-05,04:00,2025-03-05T04:00,-2.2,0,0,0,1.9,9.4,197
Talas,2025-03-05,05:00,2025-03-05T05:00,-1.7,0,0,0,0.7,6.5,180
Talas,2025-03-05,06:00,2025-03-05T06:00,-2,0,0,0,1.3,5,164
Talas,2025-03-05,07:00,2025-03-05T07:00,-2.1,0,0,0,1.5,5.4,166
Talas,2025-03-05,08:00,2025-03-05T08:00,-0.6,0,0,0,1.3,5.8,180
Talas,2025-03-05,09:00,2025-03-05T09:00,2.7,0,0,0,0.6,4.7,288
Talas,2025-03-05,10:00,2025-03-05T10:00,3.8,0,0,0,0.6,5.8,342
Talas,2025-03-05,11:00,2025-03-05T11:00,5.5,0,0,0,0.7,6.5,360
Talas,2025-03-05,12:00,2025-03-05T12:00,6.1,0,0,0,3.4,12.2,357
Talas,2025-03-05,13:00,2025-03-05T13:00,6.6,0,0,0,4,14.4,360
Talas,2025-03-05,14:00,2025-03-05T14:00,7.1,0,0,0,2.4,14.4,13
Talas,2025-03-05,15:00,2025-03-05T15:00,7.8,0,0,0,1,11.5,45
Talas,2025-03-05,16:00,2025-03-05T16:00,7.3,0,0,0,2.4,11.9,63
Talas,2025-03-05,17:00,2025-03-05T17:00,7,0,0,0,1.6,11.5,63
Talas,2025-03-05,18:00,2025-03-05T18:00,5.1,0,0,0,0.9,9.4,127
Talas,2025-03-05,19:00,2025-03-05T19:00,2.5,0,0,0,1.5,6.1,144
Talas,2025-03-05,20:00,2025-03-05T20:00,1,0,0,0,2.9,7.2,158
Talas,2025-03-05,21:00,2025-03-05T21:00,0.6,0,0,0,2.1,6.8,165
Talas,2025-03-05,22:00,2025-03-05T22:00,0.6,0,0,0,1.3,6.1,164
Talas,2025-03-05,23:00,2025-03-05T23:00,0.1,0,0,0,2.7,6.1,180
Talas,2025-03-06,00:00,2025-03-06T00:00,0.7,0,0,0,0.4,6.8,180
Talas,2025-03-06,01:00,2025-03-06T01:00,-0.1,0,0,0,2.5,5.8,184
Talas,2025-03-06,02:00,2025-03-06T02:00,0.3,0,0,0,0.7,6.1,194
Talas,2025-03-06,03:00,2025-03-06T03:00,-0.3,0,0,0,1.9,5.4,197
Talas,2025-03-06,04:00,2025-03-06T04:00,0,0,0,0,1.1,6.5,180
Talas,2025-03-06,05:00,2025-03-06T05:00,-0.6,0,0,0,2.5,6.5,176
Talas,2025-03-06,06:00,2025-03-06T06:00,-0.8,0,0,0,3.6,8.3,183
Talas,2025-03-06,07:00,2025-03-06T07:00,-0.9,0,0,0,4,8.6,180
Talas,2025-03-06,08:00,2025-03-06T08:00,0.3,0,0,0,3.8,9,183
Talas,2025-03-06,09:00,2025-03-06T09:00,3.3,0,0,0,2.4,9,207
Talas,2025-03-06,10:00,2025-03-06T10:00,5,0,0,0,0.8,8.3,243
Talas,2025-03-06,11:00,2025-03-06T11:00,6.4,0,0,0,0.2,8.6,360
Talas,2025-03-06,12:00,2025-03-06T12:00,7.4,0,0,0,0.4,9.4,360
Talas,2025-03-06,13:00,2025-03-06T13:00,10.6,0,0,0,2.4,16.2,36
Talas,2025-03-06,14:00,2025-03-06T14:00,11.4,0,0,0,2.4,16.2,77
Talas,2025-03-06,15:00,2025-03-06T15:00,11.9,0,0,0,3,15.8,76
Talas,2025-03-06,16:00,2025-03-06T16:00,11.8,0,0,0,5.5,18.7,79
Talas,2025-03-06,17:00,2025-03-06T17:00,10.8,0,0,0,5,18.4,92
Talas,2025-03-06,18:00,2025-03-06T18:00,7,0,0,0,4.5,14.4,140
Talas,2025-03-06,19:00,2025-03-06T19:00,3.7,0,0,0,5.2,12.2,149
Talas,2025-03-06,20:00,2025-03-06T20:00,2.3,0,0,0,5.6,13,153
Talas,2025-03-06,21:00,2025-03-06T21:00,1.7,0,0,0,5.5,13,157
Talas,2025-03-06,22:00,2025-03-06T22:00,1.2,0,0,0,4.7,12.6,162
Talas,2025-03-06,23:00,2025-03-06T23:00,1.1,0,0,0,3.1,11.2,167
Talas,2025-03-07,00:00,2025-03-07T00:00,1.3,0,0,0,1.5,9,166
Talas,2025-03-07,01:00,2025-03-07T01:00,1.1,0,0,0,1.1,6.8,171
Talas,2025-03-07,02:00,2025-03-07T02:00,1.1,0,0,0,1.5,6.5,166
Talas,2025-03-07,03:00,2025-03-07T03:00,1.1,0,0,0,1.8,6.8,180
Talas,2025-03-07,04:00,2025-03-07T04:00,1,0,0,0,1.2,7.9,129
Talas,2025-03-07,05:00,2025-03-07T05:00,0.8,0,0,0,1.4,6.5,180
Talas,2025-03-07,06:00,2025-03-07T06:00,0.8,0,0,0,1.2,6.1,219
Talas,2025-03-07,07:00,2025-03-07T07:00,0.5,0,0,0,1,5,211
Talas,2025-03-07,08:00,2025-03-07T08:00,2,0,0,0,1.7,5,198
Talas,2025-03-07,09:00,2025-03-07T09:00,4.5,0,0,0,2.2,10.1,235
Talas,2025-03-07,10:00,2025-03-07T10:00,6.7,0,0,0,2.7,13,312
Talas,2025-03-07,11:00,2025-03-07T11:00,9,0,0,0,3.1,15.8,350
Talas,2025-03-07,12:00,2025-03-07T12:00,10.6,0,0,0,4.1,18,29
Talas,2025-03-07,13:00,2025-03-07T13:00,11.7,0,0,0,5,19.4,49
Talas,2025-03-07,14:00,2025-03-07T14:00,12.5,0,0,0,5.2,19.8,56
Talas,2025-03-07,15:00,2025-03-07T15:00,12.9,0,0,0,5.9,20.2,50
Talas,2025-03-07,16:00,2025-03-07T16:00,13.1,0,0,0,7.4,21.6,64
Talas,2025-03-07,17:00,2025-03-07T17:00,12.1,0,0,0,7.1,21.2,49
Talas,2025-03-07,18:00,2025-03-07T18:00,8.3,0,0,0,3.8,17.6,87
Talas,2025-03-07,19:00,2025-03-07T19:00,4.8,0,0,0,3.7,10.1,145
Talas,2025-03-07,20:00,2025-03-07T20:00,3.3,0,0,0,3.6,9.4,150
Talas,2025-03-07,21:00,2025-03-07T21:00,3,0,0,0,2.5,9,150
Talas,2025-03-07,22:00,2025-03-07T22:00,2.4,0,0,0,2.8,7.2,162
Talas,2025-03-07,23:00,2025-03-07T23:00,2.2,0,0,0,3,7.9,163
Talas,2025-03-08,00:00,2025-03-08T00:00,2,0,0,0,2.8,8.3,165
Talas,2025-03-08,01:00,2025-03-08T01:00,2.2,0,0,0,1.5,7.2,173
Talas,2025-03-08,02:00,2025-03-08T02:00,2.4,0,0,0,0.7,5,180
Talas,2025-03-08,03:00,2025-03-08T03:00,2.3,0,0,0,0.6,3.2,214
Talas,2025-03-08,04:00,2025-03-08T04:00,2.3,0,0,0,0.6,6.5,162
Talas,2025-03-08,05:00,2025-03-08T05:00,1.9,0,0,0,1.1,4.3,171
Talas,2025-03-08,06:00,2025-03-08T06:00,1.8,0,0,0,0.4,3.2,180
Talas,2025-03-08,07:00,2025-03-08T07:00,1.5,0,0,0,0.7,2.9,180
Talas,2025-03-08,08:00,2025-03-08T08:00,3,0,0,0,0.9,2.9,180
Talas,2025-03-08,09:00,2025-03-08T09:00,5,0,0,0,1.1,7.6,279
Talas,2025-03-08,10:00,2025-03-08T10:00,6.9,0,0,0,3.3,14,319
Talas,2025-03-08,11:00,2025-03-08T11:00,8.7,0,0,0,3.7,16.2,321
Talas,2025-03-08,12:00,2025-03-08T12:00,10.2,0,0,0,3.2,16.9,322
Talas,2025-03-08,13:00,2025-03-08T13:00,11.6,0,0,0,2.3,16.6,328
Talas,2025-03-08,14:00,2025-03-08T14:00,12.6,0,0,0,2.6,16.6,326
Talas,2025-03-08,15:00,2025-03-08T15:00,13.1,0,0,0,2.3,16.6,321
Talas,2025-03-08,16:00,2025-03-08T16:00,13.3,0,0,0,1.1,14.4,342
Talas,2025-03-08,17:00,2025-03-08T17:00,12.8,0,0,0,2.2,11.9,76
Talas,2025-03-08,18:00,2025-03-08T18:00,10.1,0,0,0,2,9.7,95
Talas,2025-03-08,19:00,2025-03-08T19:00,6.2,0,0,0,3.3,7.6,135
Talas,2025-03-08,20:00,2025-03-08T20:00,4,0,0,0,3.9,9.7,156
Talas,2025-03-08,21:00,2025-03-08T21:00,2.9,0,0,0,3.7,11.9,169
Talas,2025-03-08,22:00,2025-03-08T22:00,1.7,0,0,0,3.6,13.7,171
Talas,2025-03-08,23:00,2025-03-08T23:00,1,0,0,0,4.2,14.8,170
Talas,2025-03-09,00:00,2025-03-09T00:00,0.6,0,0,0,4,15.5,172
Talas,2025-03-09,01:00,2025-03-09T01:00,0.5,0,0,0,3.8,14.8,172
Talas,2025-03-09,02:00,2025-03-09T02:00,0.5,0,0,0,4.4,15.1,173
Talas,2025-03-09,03:00,2025-03-09T03:00,0.7,0,0,0,4.7,15.5,173
Talas,2025-03-09,04:00,2025-03-09T04:00,0.4,0,0,0,4.3,14.4,165
Talas,2025-03-09,05:00,2025-03-09T05:00,0.9,0,0,0,5.1,15.1,170
Talas,2025-03-09,06:00,2025-03-09T06:00,1.3,0,0,0,5.1,15.1,174
Talas,2025-03-09,07:00,2025-03-09T07:00,1.5,0,0,0,4.5,14.4,178
Talas,2025-03-09,08:00,2025-03-09T08:00,3.9,0,0,0,4.7,13,180
Talas,2025-03-09,09:00,2025-03-09T09:00,7.9,0,0,0,2.3,11.5,212
Talas,2025-03-09,10:00,2025-03-09T10:00,10.4,0,0,0,1.5,11.2,14
Talas,2025-03-09,11:00,2025-03-09T11:00,12.2,0,0,0,2.6,14.8,39
Talas,2025-03-09,12:00,2025-03-09T12:00,13.8,0,0,0,3.2,17.3,47
Talas,2025-03-09,13:00,2025-03-09T13:00,14.9,0,0,0,3.1,18,50
Talas,2025-03-09,14:00,2025-03-09T14:00,15.4,0,0,0,3.5,18,51
Talas,2025-03-09,15:00,2025-03-09T15:00,15.7,0,0,0,4.5,18.7,47
Talas,2025-03-09,16:00,2025-03-09T16:00,16.2,0,0,0,6.9,23.4,31
Talas,2025-03-09,17:00,2025-03-09T17:00,15.3,0,0,0,7.9,21.6,69
Talas,2025-03-09,18:00,2025-03-09T18:00,12.4,0,0,0,6.8,18.7,125
Talas,2025-03-09,19:00,2025-03-09T19:00,8.9,0,0,0,7.7,16.6,171
Talas,2025-03-09,20:00,2025-03-09T20:00,5.7,0,0,0,8,19.1,170
Talas,2025-03-09,21:00,2025-03-09T21:00,3.5,0,0,0,9,22,170
Talas,2025-03-09,22:00,2025-03-09T22:00,2.7,0,0,0,6.5,21.6,172
Talas,2025-03-09,23:00,2025-03-09T23:00,2.6,0,0,0,6.5,18.7,174
Talas,2025-03-10,00:00,2025-03-10T00:00,2.7,0,0,0,5.6,18.4,174
Talas,2025-03-10,01:00,2025-03-10T01:00,2.8,0,0,0,5.6,16.6,176
Talas,2025-03-10,02:00,2025-03-10T02:00,2.9,0,0,0,4.9,16.2,176
Talas,2025-03-10,03:00,2025-03-10T03:00,2.9,0,0,0,4.5,14.8,175
Talas,2025-03-10,04:00,2025-03-10T04:00,2.5,0,0,0,3.4,12.6,177
Talas,2025-03-10,05:00,2025-03-10T05:00,2.3,0,0,0,3.2,11.5,177
Talas,2025-03-10,06:00,2025-03-10T06:00,2.2,0,0,0,3.1,8.6,167
Talas,2025-03-10,07:00,2025-03-10T07:00,2.2,0,0,0,2.8,8.3,169
Talas,2025-03-10,08:00,2025-03-10T08:00,5.1,0,0,0,2.5,7.6,172
Talas,2025-03-10,09:00,2025-03-10T09:00,8.8,0,0,0,1.8,8.3,186
Talas,2025-03-10,10:00,2025-03-10T10:00,11,0,0,0,1,11.2,31
Talas,2025-03-10,11:00,2025-03-10T11:00,12.8,0,0,0,2.2,14.8,360
Talas,2025-03-10,12:00,2025-03-10T12:00,14.4,0,0,0,3,16.9,346
Talas,2025-03-10,13:00,2025-03-10T13:00,15.6,0,0,0,3.8,18.7,341
Talas,2025-03-10,14:00,2025-03-10T14:00,16.4,0,0,0,4.8,19.8,335
Talas,2025-03-10,15:00,2025-03-10T15:00,16.7,0,0,0,5.4,20.5,330
Talas,2025-03-10,16:00,2025-03-10T16:00,17.5,0,0,0,4.2,16.6,280
Talas,2025-03-10,17:00,2025-03-10T17:00,16.7,0,0,0,6.1,16.9,294
Talas,2025-03-10,18:00,2025-03-10T18:00,14.2,0,0,0,2.3,15.5,247
Talas,2025-03-10,19:00,2025-03-10T19:00,11.6,0,0,0,3.2,7.2,183
Talas,2025-03-10,20:00,2025-03-10T20:00,10.6,0,0,0,7.2,13.7,179
Talas,2025-03-10,21:00,2025-03-10T21:00,8.1,0,0,0,7.2,17.6,181
Talas,2025-03-10,22:00,2025-03-10T22:00,6.7,0,0,0,6.1,17.3,183
Talas,2025-03-10,23:00,2025-03-10T23:00,5.4,0,0,0,6.1,16.9,175
Talas,2025-03-11,00:00,2025-03-11T00:00,3.7,0,0,0,7.2,19.4,176
Talas,2025-03-11,01:00,2025-03-11T01:00,3.2,0,0,0,6,19.4,175
Talas,2025-03-11,02:00,2025-03-11T02:00,3.1,0,0,0,6.5,18,174
Talas,2025-03-11,03:00,2025-03-11T03:00,3.1,0,0,0,6.2,18,173
Talas,2025-03-11,04:00,2025-03-11T04:00,5.6,0,0,0,3.3,9.7,174
Talas,2025-03-11,05:00,2025-03-11T05:00,4.9,0,0,0,4,11.9,172
Talas,2025-03-11,06:00,2025-03-11T06:00,4.4,0,0,0,5.3,14.4,172
Talas,2025-03-11,07:00,2025-03-11T07:00,3.8,0,0,0,5.4,15.1,174
Talas,2025-03-11,08:00,2025-03-11T08:00,5.6,0,0,0,5.8,15.1,176
Talas,2025-03-11,09:00,2025-03-11T09:00,10.2,0,0,0,3.4,14,177
Talas,2025-03-11,10:00,2025-03-11T10:00,12.8,0,0,0,1,11.2,22
Talas,2025-03-11,11:00,2025-03-11T11:00,14.7,0,0,0,2.1,14.8,15
Talas,2025-03-11,12:00,2025-03-11T12:00,16.2,0,0,0,2.4,16.6,13
Talas,2025-03-11,13:00,2025-03-11T13:00,17.3,0,0,0,2.4,17.3,17
Talas,2025-03-11,14:00,2025-03-11T14:00,17.8,0,0,0,3.2,18,34
Talas,2025-03-11,15:00,2025-03-11T15:00,18.1,0,0,0,4.7,19.4,40
Talas,2025-03-11,16:00,2025-03-11T16:00,18.1,0,0,0,3.7,17.3,79
Talas,2025-03-11,17:00,2025-03-11T17:00,17.4,0,0,0,5.1,15.8,54
Talas,2025-03-11,18:00,2025-03-11T18:00,14.5,0,0,0,4.8,15.5,59
Talas,2025-03-11,19:00,2025-03-11T19:00,10.7,0,0,0,3.5,11.2,156
Talas,2025-03-11,20:00,2025-03-11T20:00,9.3,0,0,0,6.4,15.5,169
Talas,2025-03-11,21:00,2025-03-11T21:00,6.7,0,0,0,9,21.6,168
Talas,2025-03-11,22:00,2025-03-11T22:00,5.3,0,0,0,8,21.6,170
Talas,2025-03-11,23:00,2025-03-11T23:00,4.8,0,0,0,6.1,20.5,177
Talas,2025-03-12,00:00,2025-03-12T00:00,4.6,0,0,0,6.2,18,173
Talas,2025-03-12,01:00,2025-03-12T01:00,4.5,0,0,0,6.9,18.7,173
Talas,2025-03-12,02:00,2025-03-12T02:00,4.4,0,0,0,6.7,18.7,174
Talas,2025-03-12,03:00,2025-03-12T03:00,4.3,0,0,0,6.5,18,172
Talas,2025-03-12,04:00,2025-03-12T04:00,4.5,0,0,0,5.4,17.6,176
Talas,2025-03-12,05:00,2025-03-12T05:00,4.4,0,0,0,4.7,15.5,176
Talas,2025-03-12,06:00,2025-03-12T06:00,4.4,0,0,0,4.7,14,171
Talas,2025-03-12,07:00,2025-03-12T07:00,4.4,0,0,0,5.3,14.8,168
Talas,2025-03-12,08:00,2025-03-12T08:00,7,0,0,0,6.1,15.1,168
Talas,2025-03-12,09:00,2025-03-12T09:00,11.2,0,0,0,2.7,14,176
Talas,2025-03-12,10:00,2025-03-12T10:00,13.9,0,0,0,0.9,11.2,53
Talas,2025-03-12,11:00,2025-03-12T11:00,16,0,0,0,2,14.8,90
Talas,2025-03-12,12:00,2025-03-12T12:00,17.7,0,0,0,1.2,15.5,117
Talas,2025-03-12,13:00,2025-03-12T13:00,18.5,0,0,0,0.8,15.1,297
Talas,2025-03-12,14:00,2025-03-12T14:00,19.1,0,0,0,3.4,18,3
Talas,2025-03-12,15:00,2025-03-12T15:00,19.3,0,0,0,5.6,20.9,22
Talas,2025-03-12,16:00,2025-03-12T16:00,19.4,0,0,0,8.7,24.5,30
Talas,2025-03-12,17:00,2025-03-12T17:00,18.7,0,0,0,9.5,24.5,44
Talas,2025-03-12,18:00,2025-03-12T18:00,15.7,0,0,0,5.5,23.4,101
Talas,2025-03-12,19:00,2025-03-12T19:00,11.9,0,0,0,10,19.8,163
Talas,2025-03-12,20:00,2025-03-12T20:00,9,0,0,0,11.8,24.5,167
Talas,2025-03-12,21:00,2025-03-12T21:00,7.4,0,0,0,10.8,25.2,170
Talas,2025-03-12,22:00,2025-03-12T22:00,6.1,0,0,0,8.1,23.8,174
Talas,2025-03-12,23:00,2025-03-12T23:00,5.5,0,0,0,7.1,20.5,174
Talas,2025-03-13,00:00,2025-03-13T00:00,5.1,0,0,0,7.4,19.8,173
Talas,2025-03-13,01:00,2025-03-13T01:00,4.9,0,0,0,7.1,19.8,171
Talas,2025-03-13,02:00,2025-03-13T02:00,4.6,0,0,0,6.2,19.1,173
Talas,2025-03-13,03:00,2025-03-13T03:00,4.2,0,0,0,5.6,17.6,174
Talas,2025-03-13,04:00,2025-03-13T04:00,3.8,0,0,0,6.2,17.6,170
Talas,2025-03-13,05:00,2025-03-13T05:00,3.3,0,0,0,6.7,19.1,172
Talas,2025-03-13,06:00,2025-03-13T06:00,2.9,0,0,0,6.3,18.7,173
Talas,2025-03-13,07:00,2025-03-13T07:00,2.6,0,0,0,5.6,18.4,174
Talas,2025-03-13,08:00,2025-03-13T08:00,5.2,0,0,0,5.8,17.3,178
Talas,2025-03-13,09:00,2025-03-13T09:00,11,0,0,0,3.5,15.5,189
Talas,2025-03-13,10:00,2025-03-13T10:00,14.8,0,0,0,1.9,11.2,209
Talas,2025-03-13,11:00,2025-03-13T11:00,16.8,0,0,0,2.9,15.5,259
Talas,2025-03-13,12:00,2025-03-13T12:00,17.9,0,0,0,2,16.9,315
Talas,2025-03-13,13:00,2025-03-13T13:00,19,0,0,0,1.1,16.2,72
Talas,2025-03-13,14:00,2025-03-13T14:00,19.8,0,0,0,1.5,15.5,36
Talas,2025-03-13,15:00,2025-03-13T15:00,20.3,0,0,0,4.1,18.4,23
Talas,2025-03-13,16:00,2025-03-13T16:00,21.1,0,0,0,5,19.1,38
Talas,2025-03-13,17:00,2025-03-13T17:00,20.4,0,0,0,4.9,18.7,62
Talas,2025-03-13,18:00,2025-03-13T18:00,17.2,0,0,0,8.5,16.6,122
Talas,2025-03-13,19:00,2025-03-13T19:00,13,0,0,0,14.8,29.2,156
Talas,2025-03-13,20:00,2025-03-13T20:00,10.2,0,0,0,13,30.6,166
Talas,2025-03-13,21:00,2025-03-13T21:00,8,0,0,0,11.4,27.4,165
Talas,2025-03-13,22:00,2025-03-13T22:00,6.6,0,0,0,10.3,25.2,168
Talas,2025-03-13,23:00,2025-03-13T23:00,6,0,0,0,8.5,24.1,174
Talas,2025-03-14,00:00,2025-03-14T00:00,5.9,0,0,0,8.4,21.6,173
Talas,2025-03-14,01:00,2025-03-14T01:00,5.9,0,0,0,8.7,21.6,172
Talas,2025-03-14,02:00,2025-03-14T02:00,5.8,0,0,0,7.9,21.6,176
Talas,2025-03-14,03:00,2025-03-14T03:00,6.1,0,0,0,6.5,20.5,178
Talas,2025-03-14,04:00,2025-03-14T04:00,5.5,0,0,0,5.8,18.7,178
Talas,2025-03-14,05:00,2025-03-14T05:00,5.3,0,0,0,4.9,16.6,180
Talas,2025-03-14,06:00,2025-03-14T06:00,4.9,0,0,0,3.6,15.1,177
Talas,2025-03-14,07:00,2025-03-14T07:00,4.7,0,0,0,4,13.7,172
Talas,2025-03-14,08:00,2025-03-14T08:00,7,0,0,0,5.6,14.8,173
Talas,2025-03-14,09:00,2025-03-14T09:00,12,0,0,0,3.5,14.4,171
Talas,2025-03-14,10:00,2025-03-14T10:00,15.1,0,0,0,2.3,12.2,72
Talas,2025-03-14,11:00,2025-03-14T11:00,16.8,0,0,0,3.5,15.8,21
Talas,2025-03-14,12:00,2025-03-14T12:00,18,0,0,0,5.6,19.8,2
Talas,2025-03-14,13:00,2025-03-14T13:00,19.4,0,0,0,7.8,24.5,352
Talas,2025-03-14,14:00,2025-03-14T14:00,20.1,0,0,0,9.2,27,353
Talas,2025-03-14,15:00,2025-03-14T15:00,20.3,0,0,0,9.9,27.7,355
Talas,2025-03-14,16:00,2025-03-14T16:00,20.4,0,0,0,8,24.8,346
Talas,2025-03-14,17:00,2025-03-14T17:00,19.9,0,0,0,5.1,22.3,352
Talas,2025-03-14,18:00,2025-03-14T18:00,17.9,0,0,0,0.9,14.4,37
Talas,2025-03-14,19:00,2025-03-14T19:00,15.6,0,0,0,0.2,4.7,180
Talas,2025-03-14,20:00,2025-03-14T20:00,13.5,0,0,0,1.9,4.7,151
Talas,2025-03-14,21:00,2025-03-14T21:00,11.7,0,0,0,5.5,10.8,161
Talas,2025-03-14,22:00,2025-03-14T22:00,10.5,0,0,0,5.1,13,170
Talas,2025-03-14,23:00,2025-03-14T23:00,9.3,0,0,0,4,12.6,175
Talas,2025-03-15,00:00,2025-03-15T00:00,8.6,0,0,0,5.2,14.8,180
Talas,2025-03-15,01:00,2025-03-15T01:00,7.8,0,0,0,5.8,16.6,178
Talas,2025-03-15,02:00,2025-03-15T02:00,7.5,0,0,0,5.1,16.6,176
Talas,2025-03-15,03:00,2025-03-15T03:00,7.5,0,0,0,4.5,15.5,178
Talas,2025-03-15,04:00,2025-03-15T04:00,8.5,0,0,0,4.7,10.4,203
Talas,2025-03-15,05:00,2025-03-15T05:00,8.4,0,0,0,4,8.6,185
Talas,2025-03-15,06:00,2025-03-15T06:00,8.4,0,0,0,2.7,7.9,176
Talas,2025-03-15,07:00,2025-03-15T07:00,7.9,0,0,0,3.6,7.2,162
Talas,2025-03-15,08:00,2025-03-15T08:00,10.5,0,0,0,3.2,7.9,164
Talas,2025-03-15,09:00,2025-03-15T09:00,14.1,0,0,0,1.9,7.9,221
Talas,2025-03-15,10:00,2025-03-15T10:00,16.3,0,0,0,1.9,11.9,331
Talas,2025-03-15,11:00,2025-03-15T11:00,18.2,0,0,0,3.1,16.2,353
Talas,2025-03-15,12:00,2025-03-15T12:00,19.9,0,0,0,4.7,19.4,2
Talas,2025-03-15,13:00,2025-03-15T13:00,21.1,0,0,0,5.3,20.9,10
Talas,2025-03-15,14:00,2025-03-15T14:00,21.9,0,0,0,4.5,20.9,7
Talas,2025-03-15,15:00,2025-03-15T15:00,22.3,0,0,0,5,19.4,2
Talas,2025-03-15,16:00,2025-03-15T16:00,22.1,0,0,0,3.5,16.6,12
Talas,2025-03-15,17:00,2025-03-15T17:00,21.7,0,0,0,4.3,15.1,15
Talas,2025-03-15,18:00,2025-03-15T18:00,19.3,0,0,0,1.1,13,360
Talas,2025-03-15,19:00,2025-03-15T19:00,16.2,0,0,0,0.9,4.7,180
Talas,2025-03-15,20:00,2025-03-15T20:00,13.5,0,0,0,3.8,9,169
Talas,2025-03-15,21:00,2025-03-15T21:00,11.7,0,0,0,5.3,14.4,172
Talas,2025-03-15,22:00,2025-03-15T22:00,9.5,0,0,0,6.5,18,172
Talas,2025-03-15,23:00,2025-03-15T23:00,8.3,0,0,0,7.3,19.8,173
Talas,2025-03-16,00:00,2025-03-16T00:00,7.9,0,0,0,6.7,19.4,174
Talas,2025-03-16,01:00,2025-03-16T01:00,7.6,0,0,0,6.2,19.1,170
Talas,2025-03-16,02:00,2025-03-16T02:00,7.4,0,0,0,5.5,18,169
Talas,2025-03-16,03:00,2025-03-16T03:00,7.3,0,0,0,5.9,17.3,168
Talas,2025-03-16,04:00,2025-03-16T04:00,7.6,0,0,0,4.6,15.1,167
Talas,2025-03-16,05:00,2025-03-16T05:00,7.2,0,0,0,4.2,15.1,170
Talas,2025-03-16,06:00,2025-03-16T06:00,7,0,0,0,4.8,15.1,165
Talas,2025-03-16,07:00,2025-03-16T07:00,6.9,0,0,0,5.2,15.8,168
Talas,2025-03-16,08:00,2025-03-16T08:00,9.6,0,0,0,5.2,15.8,166
Talas,2025-03-16,09:00,2025-03-16T09:00,15.1,0,0,0,2.3,14,157
Talas,2025-03-16,10:00,2025-03-16T10:00,18.4,0,0,0,4.3,15.1,15
Talas,2025-03-16,11:00,2025-03-16T11:00,20.7,0,0,0,6.8,21.2,25
Talas,2025-03-16,12:00,2025-03-16T12:00,22.7,0,0,0,8.4,25.2,15
Talas,2025-03-16,13:00,2025-03-16T13:00,24.1,0,0,0,9.9,28.4,360
Talas,2025-03-16,14:00,2025-03-16T14:00,24.9,0,0,0,9.8,28.8,332
Talas,2025-03-16,15:00,2025-03-16T15:00,25.1,0,0,0,9.8,27.4,298
Talas,2025-03-16,16:00,2025-03-16T16:00,25,0,0,0,7.1,23,297
Talas,2025-03-16,17:00,2025-03-16T17:00,24.5,0,0,0,4.2,19.1,324
Talas,2025-03-16,18:00,2025-03-16T18:00,21.7,0,0,0,3.3,11.9,9
Talas,2025-03-16,19:00,2025-03-16T19:00,17,0,0,0,4.8,9.4,143
Talas,2025-03-16,20:00,2025-03-16T20:00,14.2,0,0,0,10.3,22.7,165
Talas,2025-03-16,21:00,2025-03-16T21:00,11.5,0,0,0,9.7,22.7,165
Talas,2025-03-16,22:00,2025-03-16T22:00,10.1,0,0,0,9.5,23,166
Talas,2025-03-16,23:00,2025-03-16T23:00,9.7,0,0,0,10.7,24.5,164
Talas,2025-03-17,00:00,2025-03-17T00:00,9.9,0,0,0,11.4,26.3,164
Talas,2025-03-17,01:00,2025-03-17T01:00,9.8,0,0,0,9.5,26.3,170
Talas,2025-03-17,02:00,2025-03-17T02:00,9,0,0,0,7.6,22.7,172
Talas,2025-03-17,03:00,2025-03-17T03:00,8.1,0,0,0,5.4,20.2,172
Talas,2025-03-17,04:00,2025-03-17T04:00,8.5,0,0,0,5.8,18,166
Talas,2025-03-17,05:00,2025-03-17T05:00,9,0,0,0,5.1,17.3,163
Talas,2025-03-17,06:00,2025-03-17T06:00,9.5,0,0,0,4.1,15.5,151
Talas,2025-03-17,07:00,2025-03-17T07:00,10.2,0,0,0,6.9,16.2,155
Talas,2025-03-17,08:00,2025-03-17T08:00,11.5,0,0,0,4.9,17.6,172
Talas,2025-03-17,09:00,2025-03-17T09:00,16,0,0,0,7.3,16.9,132
Talas,2025-03-17,10:00,2025-03-17T10:00,20.2,0,0,0,4.7,15.5,106
Talas,2025-03-17,11:00,2025-03-17T11:00,22.4,0,0,0,4.1,16.9,124
Talas,2025-03-17,12:00,2025-03-17T12:00,23.5,0,0,0,6.9,22.7,173
Talas,2025-03-17,13:00,2025-03-17T13:00,23.7,0,0,0,9.5,29.9,165
Talas,2025-03-17,14:00,2025-03-17T14:00,22.9,0.1,0.1,0,12.5,38.9,203
Talas,2025-03-17,15:00,2025-03-17T15:00,19.2,0.3,0.3,0,19.7,41.4,218
Talas,2025-03-17,16:00,2025-03-17T16:00,17.8,0.1,0.1,0,7.7,47.9,106
Talas,2025-03-17,17:00,2025-03-17T17:00,17.5,0,0,0,10.4,23.4,91
Talas,2025-03-17,18:00,2025-03-17T18:00,17,0,0,0,8.8,24.5,110
Talas,2025-03-17,19:00,2025-03-17T19:00,14.7,0,0,0,6,18.4,119
Talas,2025-03-17,20:00,2025-03-17T20:00,13.9,0,0,0,15,29.9,140
Talas,2025-03-17,21:00,2025-03-17T21:00,13.4,0,0,0,16.2,34.9,146
Talas,2025-03-17,22:00,2025-03-17T22:00,13.4,0,0,0,18.4,39.2,158
Talas,2025-03-17,23:00,2025-03-17T23:00,13.1,0,0,0,16.3,40.3,155
Talas,2025-03-18,00:00,2025-03-18T00:00,12.3,0,0,0,15.1,35.3,149
Talas,2025-03-18,01:00,2025-03-18T01:00,11.7,0,0,0,14.8,32.4,147
Talas,2025-03-18,02:00,2025-03-18T02:00,10.6,0,0,0,12.3,31.7,150
Talas,2025-03-18,03:00,2025-03-18T03:00,10.2,0,0,0,10.7,27,149
Talas,2025-03-18,04:00,2025-03-18T04:00,12,0.1,0.1,0,13.4,29.9,141
Talas,2025-03-18,05:00,2025-03-18T05:00,10.9,0,0,0,10.3,30.2,142
Talas,2025-03-18,06:00,2025-03-18T06:00,9.3,0,0,0,6.2,23.8,142
Talas,2025-03-18,07:00,2025-03-18T07:00,8.2,0,0,0,1.1,15.1,162
Talas,2025-03-18,08:00,2025-03-18T08:00,10.4,0,0,0,4.4,10.4,83
Talas,2025-03-18,09:00,2025-03-18T09:00,13.1,0,0,0,8.9,22,353
Talas,2025-03-18,10:00,2025-03-18T10:00,14.5,0,0,0,10.8,27.4,318
Talas,2025-03-18,11:00,2025-03-18T11:00,15.4,0,0,0,13.1,32.8,306
Talas,2025-03-18,12:00,2025-03-18T12:00,16.1,0,0,0,13.2,34.2,309
Talas,2025-03-18,13:00,2025-03-18T13:00,16.8,0,0,0,12,33.8,315
Talas,2025-03-18,14:00,2025-03-18T14:00,17.7,0,0,0,11.3,32.4,314
Talas,2025-03-18,15:00,2025-03-18T15:00,17.3,0.3,0.3,0,13.4,32.4,290
Talas,2025-03-18,16:00,2025-03-18T16:00,16.8,0.2,0.2,0,10.4,34.9,316
Talas,2025-03-18,17:00,2025-03-18T17:00,16.2,0.3,0.3,0,9.9,27.7,312
Talas,2025-03-18,18:00,2025-03-18T18:00,14.7,0,0,0,8.3,25.6,286
Talas,2025-03-18,19:00,2025-03-18T19:00,12.4,0,0,0,5.7,17.6,279
Talas,2025-03-18,20:00,2025-03-18T20:00,11.4,0,0,0,7,19.8,296
Talas,2025-03-18,21:00,2025-03-18T21:00,9.7,0,0,0,4.1,16.2,209
Talas,2025-03-18,22:00,2025-03-18T22:00,10,0,0,0,7.5,13.3,240
Talas,2025-03-18,23:00,2025-03-18T23:00,9.3,0,0,0,11.2,21.2,267
Talas,2025-03-19,00:00,2025-03-19T00:00,7.2,1.3,1,0.21,4.8,20.5,243
Talas,2025-03-19,01:00,2025-03-19T01:00,5.7,1.4,0.8,0.42,5.3,12.6,278
Talas,2025-03-19,02:00,2025-03-19T02:00,4.2,1.6,0.8,0.56,2.6,10.1,196
Talas,2025-03-19,03:00,2025-03-19T03:00,4.4,2.8,0.6,1.54,2.3,8.3,198
Talas,2025-03-19,04:00,2025-03-19T04:00,3.9,1.1,1.1,0,2.7,8.6,20
Talas,2025-03-19,05:00,2025-03-19T05:00,3.7,0.8,0.6,0.14,3.6,10.8,18
Talas,2025-03-19,06:00,2025-03-19T06:00,3.9,0.3,0.3,0,3.4,10.4,25
Talas,2025-03-19,07:00,2025-03-19T07:00,3.6,0.4,0.3,0.07,2.8,9.4,50
Talas,2025-03-19,08:00,2025-03-19T08:00,4,0.1,0.1,0,4.8,13,22
Talas,2025-03-19,09:00,2025-03-19T09:00,3.4,0.3,0.3,0,10.5,24.5,27
Talas,2025-03-19,10:00,2025-03-19T10:00,3.1,0.7,0.3,0.28,9,24.5,30
Talas,2025-03-19,11:00,2025-03-19T11:00,3.2,0.4,0.1,0.21,12.7,30.6,13
Talas,2025-03-19,12:00,2025-03-19T12:00,2.8,0.3,0,0.21,15.2,34.9,34
Talas,2025-03-19,13:00,2025-03-19T13:00,2.4,0.2,0,0.14,16.2,38.2,42
Talas,2025-03-19,14:00,2025-03-19T14:00,2.1,0.2,0,0.14,15,37.8,45
Talas,2025-03-19,15:00,2025-03-19T15:00,1.5,0.4,0,0.28,14.3,35.3,47
Talas,2025-03-19,16:00,2025-03-19T16:00,1.4,0.5,0,0.35,14.5,36.7,39
Talas,2025-03-19,17:00,2025-03-19T17:00,-0.2,1.6,0,1.12,7,32,46
Talas,2025-03-19,18:00,2025-03-19T18:00,-1,1.5,0,1.05,6,18.7,37
Talas,2025-03-19,19:00,2025-03-19T19:00,-1.5,0.5,0,0.35,1.5,17.6,36
Talas,2025-03-19,20:00,2025-03-19T20:00,-2.1,0.2,0,0.14,6.5,20.2,62
Talas,2025-03-19,21:00,2025-03-19T21:00,-2.8,0.4,0,0.28,4.7,19.1,94
Talas,2025-03-19,22:00,2025-03-19T22:00,-3.2,0.5,0,0.35,2,14.4,117
Talas,2025-03-19,23:00,2025-03-19T23:00,-3.8,0.6,0,0.42,1,10.8,158
Talas,2025-03-20,00:00,2025-03-20T00:00,-4.2,0.7,0,0.49,4,10.4,190
Talas,2025-03-20,01:00,2025-03-20T01:00,-4.3,0.7,0,0.49,7.6,12.2,218
Talas,2025-03-20,02:00,2025-03-20T02:00,-4.5,0.8,0,0.56,9,15.8,239
Talas,2025-03-20,03:00,2025-03-20T03:00,-4.9,0.8,0,0.56,10.7,19.4,253
Talas,2025-03-20,04:00,2025-03-20T04:00,-4.8,0.7,0,0.49,8.9,14.8,234
Talas,2025-03-20,05:00,2025-03-20T05:00,-5,0.7,0,0.49,10.4,17.6,242
Talas,2025-03-20,06:00,2025-03-20T06:00,-5.1,0.7,0,0.49,10.8,19.8,249
Talas,2025-03-20,07:00,2025-03-20T07:00,-5.1,0.5,0,0.35,10.7,19.8,245
Talas,2025-03-20,08:00,2025-03-20T08:00,-5,0.4,0,0.28,10.7,19.4,248
Talas,2025-03-20,09:00,2025-03-20T09:00,-4.7,0.3,0,0.21,11.5,21.2,256
Talas,2025-03-20,10:00,2025-03-20T10:00,-4.2,0.3,0,0.21,9.7,22.3,269
Talas,2025-03-20,11:00,2025-03-20T11:00,-4,0.6,0,0.42,9.4,20.5,263
Talas,2025-03-20,12:00,2025-03-20T12:00,-3.5,0.7,0,0.49,7.9,19.4,259
Talas,2025-03-20,13:00,2025-03-20T13:00,-3,0.6,0,0.42,6.6,17.3,286
Talas,2025-03-20,14:00,2025-03-20T14:00,-2.8,0.6,0,0.42,6.7,16.6,276
Talas,2025-03-20,15:00,2025-03-20T15:00,-2.7,0.7,0,0.49,6.8,16.2,287
Talas,2025-03-20,16:00,2025-03-20T16:00,-2.4,0.8,0,0.56,8.8,19.1,287
Talas,2025-03-20,17:00,2025-03-20T17:00,-2.7,0.6,0,0.42,7.8,19.8,278
Talas,2025-03-20,18:00,2025-03-20T18:00,-2.8,0.4,0,0.28,6.7,17.3,254
Talas,2025-03-20,19:00,2025-03-20T19:00,-3.2,0.5,0,0.35,5.6,14,245
Talas,2025-03-20,20:00,2025-03-20T20:00,-3.5,0.3,0,0.21,4.1,11.9,236
Talas,2025-03-20,21:00,2025-03-20T21:00,-3.8,0.3,0,0.21,3.2,10.1,236
Talas,2025-03-20,22:00,2025-03-20T22:00,-3.8,0.3,0,0.21,3.4,9.7,245
Talas,2025-03-20,23:00,2025-03-20T23:00,-4.1,0.6,0,0.42,3,9.4,218
Talas,2025-03-21,00:00,2025-03-21T00:00,-4.3,0.5,0,0.35,5.5,10.8,234
Talas,2025-03-21,01:00,2025-03-21T01:00,-4.6,0.1,0,0.07,8.8,13.3,229
Talas,2025-03-21,02:00,2025-03-21T02:00,-4.7,0.1,0,0.07,10.5,17.3,229
Talas,2025-03-21,03:00,2025-03-21T03:00,-4.7,0.1,0,0.07,11.2,18.4,232
Talas,2025-03-21,04:00,2025-03-21T04:00,-4.2,0.3,0,0.21,9.8,16.2,238
Talas,2025-03-21,05:00,2025-03-21T05:00,-4.4,0.2,0,0.14,10.6,18.7,246
Talas,2025-03-21,06:00,2025-03-21T06:00,-4.3,0.2,0,0.14,10.6,19.4,244
Talas,2025-03-21,07:00,2025-03-21T07:00,-4.2,0.2,0,0.14,11.5,20.2,245
Talas,2025-03-21,08:00,2025-03-21T08:00,-3.8,0.2,0,0.14,11.8,20.5,241
Talas,2025-03-21,09:00,2025-03-21T09:00,-3.3,0.1,0,0.07,11.6,21.2,249
Talas,2025-03-21,10:00,2025-03-21T10:00,-2.8,0.1,0,0.07,10.9,20.9,258
Talas,2025-03-21,11:00,2025-03-21T11:00,-2.3,0.2,0,0.14,10.3,20.9,264
Talas,2025-03-21,12:00,2025-03-21T12:00,-2.1,0.6,0,0.42,11.3,22.7,278
Talas,2025-03-21,13:00,2025-03-21T13:00,-2,0.5,0,0.35,12.3,25.6,291
Talas,2025-03-21,14:00,2025-03-21T14:00,-1.8,0.3,0,0.21,12.8,25.9,292
Talas,2025-03-21,15:00,2025-03-21T15:00,-1.6,0.3,0,0.21,12.4,26.6,294
Talas,2025-03-21,16:00,2025-03-21T16:00,-1.6,0.1,0,0.07,9.5,24.5,303
Talas,2025-03-21,17:00,2025-03-21T17:00,-1.6,0.1,0,0.07,7.8,20.5,266
Talas,2025-03-21,18:00,2025-03-21T18:00,-1.9,0.2,0,0.14,9.7,16.2,231
Talas,2025-03-21,19:00,2025-03-21T19:00,-2.2,0.2,0,0.14,10.6,17.3,224
Talas,2025-03-21,20:00,2025-03-21T20:00,-2.3,0.2,0,0.14,9.4,17.3,225
Talas,2025-03-21,21:00,2025-03-21T21:00,-2.5,0,0,0,8.8,15.8,227
Talas,2025-03-21,22:00,2025-03-21T22:00,-2.4,0,0,0,7.9,14.8,225
Talas,2025-03-21,23:00,2025-03-21T23:00,-2.5,0,0,0,7.1,13,225
Talas,2025-03-22,00:00,2025-03-22T00:00,-2.6,0,0,0,6.7,12.2,232
Talas,2025-03-22,01:00,2025-03-22T01:00,-2.7,0.1,0,0.07,6.7,11.5,216
Talas,2025-03-22,02:00,2025-03-22T02:00,-2.6,0,0,0,5.8,10.1,206
Talas,2025-03-22,03:00,2025-03-22T03:00,-2.7,0,0,0,4.5,9,209
Talas,2025-03-22,04:00,2025-03-22T04:00,-3,0,0,0,8.2,14.8,234
Talas,2025-03-22,05:00,2025-03-22T05:00,-2.8,0,0,0,8.9,15.8,234
Talas,2025-03-22,06:00,2025-03-22T06:00,-2.5,0,0,0,8.6,16.2,237
Talas,2025-03-22,07:00,2025-03-22T07:00,-2.7,0,0,0,7.1,15.1,232
Talas,2025-03-22,08:00,2025-03-22T08:00,-2.4,0,0,0,6.9,12.6,245
Talas,2025-03-22,09:00,2025-03-22T09:00,-1.8,0,0,0,5.9,13,258
Talas,2025-03-22,10:00,2025-03-22T10:00,-1.2,0,0,0,4.4,12.6,279
Talas,2025-03-22,11:00,2025-03-22T11:00,-0.5,0,0,0,4.4,12.6,308
Talas,2025-03-22,12:00,2025-03-22T12:00,-0.3,0,0,0,5,14.4,316
Talas,2025-03-22,13:00,2025-03-22T13:00,0,0,0,0,4.6,14.4,321
Talas,2025-03-22,14:00,2025-03-22T14:00,0.3,0,0,0,4.6,13.7,339
Talas,2025-03-22,15:00,2025-03-22T15:00,0.4,0,0,0,4.8,14.4,338
Talas,2025-03-22,16:00,2025-03-22T16:00,0.5,0,0,0,4,14.4,357
Talas,2025-03-22,17:00,2025-03-22T17:00,0.2,0,0,0,0.8,11.5,117
Talas,2025-03-22,18:00,2025-03-22T18:00,-1,0,0,0,1.5,4.7,120
Talas,2025-03-22,19:00,2025-03-22T19:00,-4.1,0,0,0,2.5,5.4,159
Talas,2025-03-22,20:00,2025-03-22T20:00,-5.2,0,0,0,3.9,7.9,164
Talas,2025-03-22,21:00,2025-03-22T21:00,-5.6,0,0,0,4.1,9.4,165
Talas,2025-03-22,22:00,2025-03-22T22:00,-6,0,0,0,4.1,9,167
Talas,2025-03-22,23:00,2025-03-22T23:00,-5.8,0,0,0,4.3,8.6,163
Talas,2025-03-23,00:00,2025-03-23T00:00,-5.8,0,0,0,4.3,9,158
Talas,2025-03-23,01:00,2025-03-23T01:00,-6,0,0,0,2.5,8.6,172
Talas,2025-03-23,02:00,2025-03-23T02:00,-6.5,0,0,0,2.9,6.5,176
Talas,2025-03-23,03:00,2025-03-23T03:00,-6.6,0,0,0,2.5,6.8,172
Talas,2025-03-23,04:00,2025-03-23T04:00,-4.4,0,0,0,1.7,5,212
Talas,2025-03-23,05:00,2025-03-23T05:00,-5,0,0,0,2.2,5.8,185
Talas,2025-03-23,06:00,2025-03-23T06:00,-5.4,0,0,0,1.8,5.4,169
Talas,2025-03-23,07:00,2025-03-23T07:00,-5.7,0,0,0,2.6,6.1,168
Talas,2025-03-23,08:00,2025-03-23T08:00,-4.2,0,0,0,2.4,6.5,171
Talas,2025-03-23,09:00,2025-03-23T09:00,-0.9,0,0,0,0.6,5.8,162
Talas,2025-03-23,10:00,2025-03-23T10:00,1.1,0,0,0,1.4,6.5,67
Talas,2025-03-23,11:00,2025-03-23T11:00,2.5,0,0,0,2.4,7.9,54
Talas,2025-03-23,12:00,2025-03-23T12:00,3.1,0,0,0,2.9,8.6,60
Talas,2025-03-23,13:00,2025-03-23T13:00,3.6,0,0,0,3.9,10.8,53
Talas,2025-03-23,14:00,2025-03-23T14:00,4.1,0,0,0,4.5,12.2,67
Talas,2025-03-23,15:00,2025-03-23T15:00,4.4,0,0,0,4,12.2,72
Talas,2025-03-23,16:00,2025-03-23T16:00,4.8,0,0,0,2.9,8.6,83
Talas,2025-03-23,17:00,2025-03-23T17:00,4.9,0,0,0,1.4,7.9,90
Talas,2025-03-23,18:00,2025-03-23T18:00,2.5,0,0,0,2.7,5.4,127
Talas,2025-03-23,19:00,2025-03-23T19:00,-0.1,0,0,0,5.4,11.5,160
Talas,2025-03-23,20:00,2025-03-23T20:00,-1.6,0,0,0,7.2,18,166
Talas,2025-03-23,21:00,2025-03-23T21:00,-2.3,0,0,0,7.2,18.7,168
Talas,2025-03-23,22:00,2025-03-23T22:00,-2.6,0,0,0,6.4,18.7,169
Talas,2025-03-23,23:00,2025-03-23T23:00,-2.5,0,0,0,5.5,18,169
Talas,2025-03-24,00:00,2025-03-24T00:00,-1.6,0,0,0,4.8,16.2,169
Talas,2025-03-24,01:00,2025-03-24T01:00,-0.6,0,0,0,3.9,14.8,167
Talas,2025-03-24,02:00,2025-03-24T02:00,0.1,0,0,0,4,13,162
Talas,2025-03-24,03:00,2025-03-24T03:00,0.6,0,0,0,3.6,12.2,160
Talas,2025-03-24,04:00,2025-03-24T04:00,3.2,0,0,0,2,8.6,190
Talas,2025-03-24,05:00,2025-03-24T05:00,2.8,0,0,0,3.4,10.1,196
Talas,2025-03-24,06:00,2025-03-24T06:00,3.1,0,0,0,2.8,10.1,191
Talas,2025-03-24,07:00,2025-03-24T07:00,4.1,0,0,0,1.6,9,186
Talas,2025-03-24,08:00,2025-03-24T08:00,5.4,0,0,0,1.1,7.2,180
Talas,2025-03-24,09:00,2025-03-24T09:00,6.2,0,0,0,1.2,7.2,231
Talas,2025-03-24,10:00,2025-03-24T10:00,6.6,0,0,0,1,7.6,315
Talas,2025-03-24,11:00,2025-03-24T11:00,7,0,0,0,0.7,7.6,346
Talas,2025-03-24,12:00,2025-03-24T12:00,7.9,0,0,0,1.8,9,307
Talas,2025-03-24,13:00,2025-03-24T13:00,9,0,0,0,1.1,8.6,261
Talas,2025-03-24,14:00,2025-03-24T14:00,9.5,0,0,0,2.2,9.4,275
Talas,2025-03-24,15:00,2025-03-24T15:00,9.2,0,0,0,5.8,14.8,254
Talas,2025-03-24,16:00,2025-03-24T16:00,10.1,0,0,0,8.4,23.4,254
Talas,2025-03-24,17:00,2025-03-24T17:00,9.3,0,0,0,6.6,20.5,254
Talas,2025-03-24,18:00,2025-03-24T18:00,12.4,0,0,0,7.3,16.2,226
Talas,2025-03-24,19:00,2025-03-24T19:00,9.5,0,0,0,7.5,14.8,195
Talas,2025-03-24,20:00,2025-03-24T20:00,7.9,0,0,0,6.5,14.4,188
Talas,2025-03-24,21:00,2025-03-24T21:00,6.7,0,0,0,4.6,14,189
Talas,2025-03-24,22:00,2025-03-24T22:00,6.6,0,0,0,5.9,14.4,207
Talas,2025-03-24,23:00,2025-03-24T23:00,5.9,0,0,0,4.7,14,189
Talas,2025-03-25,00:00,2025-03-25T00:00,5.8,0,0,0,5.1,11.5,186
Talas,2025-03-25,01:00,2025-03-25T01:00,5.6,0,0,0,5.2,11.9,192
Talas,2025-03-25,02:00,2025-03-25T02:00,5.6,0,0,0,4.4,12.2,199
Talas,2025-03-25,03:00,2025-03-25T03:00,5.7,0,0,0,1.4,11.5,157
Talas,2025-03-25,04:00,2025-03-25T04:00,7.3,0,0,0,5.4,15.5,228
Talas,2025-03-25,05:00,2025-03-25T05:00,6.9,0,0,0,3.9,12.6,233
Talas,2025-03-25,06:00,2025-03-25T06:00,7.4,0,0,0,3.3,10.8,193
Talas,2025-03-25,07:00,2025-03-25T07:00,6.8,0,0,0,1.6,9,180
Talas,2025-03-25,08:00,2025-03-25T08:00,9.6,0,0,0,1.9,6.5,158
Talas,2025-03-25,09:00,2025-03-25T09:00,12.1,0,0,0,1.3,9.7,16
Talas,2025-03-25,10:00,2025-03-25T10:00,13.4,0,0,0,2.3,14,360
Talas,2025-03-25,11:00,2025-03-25T11:00,13.6,0,0,0,2.4,13.7,13
Talas,2025-03-25,12:00,2025-03-25T12:00,13.9,0,0,0,2.4,12.6,99
Talas,2025-03-25,13:00,2025-03-25T13:00,16.5,0,0,0,1.4,15.5,360
Talas,2025-03-25,14:00,2025-03-25T14:00,18.1,0,0,0,7.5,23,297
Talas,2025-03-25,15:00,2025-03-25T15:00,18.7,0,0,0,11.3,27.7,303
Talas,2025-03-25,16:00,2025-03-25T16:00,18.8,0,0,0,9.9,27,292
Talas,2025-03-25,17:00,2025-03-25T17:00,18.5,0,0,0,10,24.8,283
Talas,2025-03-25,18:00,2025-03-25T18:00,16.9,0,0,0,8.5,22,238
Talas,2025-03-25,19:00,2025-03-25T19:00,14.3,0,0,0,9.4,16.9,197
Talas,2025-03-25,20:00,2025-03-25T20:00,11.9,0,0,0,5.9,16.9,180
Talas,2025-03-25,21:00,2025-03-25T21:00,10.9,0,0,0,6,15.1,171
Talas,2025-03-25,22:00,2025-03-25T22:00,10.1,0,0,0,4.5,14.8,164
Talas,2025-03-25,23:00,2025-03-25T23:00,9.5,0,0,0,5.4,14.4,166
Talas,2025-03-26,00:00,2025-03-26T00:00,8.8,0,0,0,4.7,15.1,162
Talas,2025-03-26,01:00,2025-03-26T01:00,7,0,0,0,5.7,16.6,169
Talas,2025-03-26,02:00,2025-03-26T02:00,6.3,0,0,0,5.5,16.9,167
Talas,2025-03-26,03:00,2025-03-26T03:00,6.4,0,0,0,4.9,16.6,163
Talas,2025-03-26,04:00,2025-03-26T04:00,9.5,0,0,0,1.5,10.1,166
Talas,2025-03-26,05:00,2025-03-26T05:00,9.1,0,0,0,2.8,8.6,165
Talas,2025-03-26,06:00,2025-03-26T06:00,8,0,0,0,3.2,8.6,164
Talas,2025-03-26,07:00,2025-03-26T07:00,8.3,0,0,0,3.3,9,174
Talas,2025-03-26,08:00,2025-03-26T08:00,11.6,0,0,0,4,9.7,170
Talas,2025-03-26,09:00,2025-03-26T09:00,14,0,0,0,1.9,9.4,163
Talas,2025-03-26,10:00,2025-03-26T10:00,16.1,0,0,0,2.1,11.2,15
Talas,2025-03-26,11:00,2025-03-26T11:00,18.4,0,0,0,6.2,20.5,334
Talas,2025-03-26,12:00,2025-03-26T12:00,19.7,0,0,0,8.4,25.2,332
Talas,2025-03-26,13:00,2025-03-26T13:00,20.9,0,0,0,9.3,27,328
Talas,2025-03-26,14:00,2025-03-26T14:00,21.6,0,0,0,12.1,31.3,317
Talas,2025-03-26,15:00,2025-03-26T15:00,21.7,0,0,0,11.1,32,306
Talas,2025-03-26,16:00,2025-03-26T16:00,20.2,0.3,0.3,0,11.6,28.4,291
Talas,2025-03-26,17:00,2025-03-26T17:00,18.6,0.1,0.1,0,10.1,27,317
Talas,2025-03-26,18:00,2025-03-26T18:00,16.5,0,0,0,3,23.4,327
Talas,2025-03-26,19:00,2025-03-26T19:00,14.9,0,0,0,4,7.6,231
Talas,2025-03-26,20:00,2025-03-26T20:00,14.3,0,0,0,7.3,16.6,260
Talas,2025-03-26,21:00,2025-03-26T21:00,12.4,0,0,0,5.5,14,216
Talas,2025-03-26,22:00,2025-03-26T22:00,12,0,0,0,2.8,10.1,207
Talas,2025-03-26,23:00,2025-03-26T23:00,11.5,0,0,0,2.6,6.1,164
Talas,2025-03-27,00:00,2025-03-27T00:00,10.4,0,0,0,3,5.8,147
Talas,2025-03-27,01:00,2025-03-27T01:00,9.4,0,0,0,3.9,8.3,156
Talas,2025-03-27,02:00,2025-03-27T02:00,8.6,0,0,0,4.6,11.2,159
Talas,2025-03-27,03:00,2025-03-27T03:00,8.8,0,0,0,5.7,13.7,167
Talas,2025-03-27,04:00,2025-03-27T04:00,9,0,0,0,3,9,166
Talas,2025-03-27,05:00,2025-03-27T05:00,9.5,0,0,0,4.3,9.4,158
Talas,2025-03-27,06:00,2025-03-27T06:00,8.4,0,0,0,5,11.2,161
Talas,2025-03-27,07:00,2025-03-27T07:00,9.3,0,0,0,4.9,11.9,163
Talas,2025-03-27,08:00,2025-03-27T08:00,11.4,0,0,0,3.2,11.2,177
Talas,2025-03-27,09:00,2025-03-27T09:00,14.1,0,0,0,1.2,8.3,243
Talas,2025-03-27,10:00,2025-03-27T10:00,17,0,0,0,2.3,13.7,23
Talas,2025-03-27,11:00,2025-03-27T11:00,19,0,0,0,4.6,19.1,36
Talas,2025-03-27,12:00,2025-03-27T12:00,20.4,0,0,0,5.1,21.2,32
Talas,2025-03-27,13:00,2025-03-27T13:00,21.1,0,0,0,3.3,20.9,347
Talas,2025-03-27,14:00,2025-03-27T14:00,21.5,0,0,0,4.6,19.1,315
Talas,2025-03-27,15:00,2025-03-27T15:00,21.5,0,0,0,5.5,19.8,343
Talas,2025-03-27,16:00,2025-03-27T16:00,22.3,0,0,0,11.1,28.4,309
Talas,2025-03-27,17:00,2025-03-27T17:00,21.4,0,0,0,9.4,28.4,300
Talas,2025-03-27,18:00,2025-03-27T18:00,19.1,0,0,0,3.7,22.3,337
Talas,2025-03-27,19:00,2025-03-27T19:00,16.4,0,0,0,1.3,9.4,106
Talas,2025-03-27,20:00,2025-03-27T20:00,14.2,0,0,0,3.9,9,146
Talas,2025-03-27,21:00,2025-03-27T21:00,12.8,0,0,0,7.7,16.9,156
Talas,2025-03-27,22:00,2025-03-27T22:00,11.2,0,0,0,10.7,23.4,158
Talas,2025-03-27,23:00,2025-03-27T23:00,10.5,0,0,0,8.8,23.4,165
Talas,2025-03-28,00:00,2025-03-28T00:00,10,0,0,0,9,20.5,165
Talas,2025-03-28,01:00,2025-03-28T01:00,10.1,0,0,0,9.9,22.3,164
Talas,2025-03-28,02:00,2025-03-28T02:00,9.9,0,0,0,9.6,22.7,167
Talas,2025-03-28,03:00,2025-03-28T03:00,9.2,0,0,0,8,22,170
Talas,2025-03-28,04:00,2025-03-28T04:00,8.3,0,0,0,6.4,18.4,172
Talas,2025-03-28,05:00,2025-03-28T05:00,8.3,0,0,0,6.8,18,169
Talas,2025-03-28,06:00,2025-03-28T06:00,9,0,0,0,7,18.4,168
Talas,2025-03-28,07:00,2025-03-28T07:00,9.4,0,0,0,7.1,18,165
Talas,2025-03-28,08:00,2025-03-28T08:00,13,0,0,0,7.9,18,163
Talas,2025-03-28,09:00,2025-03-28T09:00,17.6,0,0,0,5,16.9,136
Talas,2025-03-28,10:00,2025-03-28T10:00,20.4,0,0,0,10,22.7,142
Talas,2025-03-28,11:00,2025-03-28T11:00,22,0,0,0,14.2,31.7,156
Talas,2025-03-28,12:00,2025-03-28T12:00,22.5,0,0,0,12.2,32,152
Talas,2025-03-28,13:00,2025-03-28T13:00,23.4,0,0,0,10.5,29.5,153
Talas,2025-03-28,14:00,2025-03-28T14:00,23.6,0,0,0,13.6,31,169
Talas,2025-03-28,15:00,2025-03-28T15:00,23.6,0,0,0,11.1,31.3,149
Talas,2025-03-28,16:00,2025-03-28T16:00,21.9,0.1,0.1,0,7.7,27.7,159
Talas,2025-03-28,17:00,2025-03-28T17:00,22.2,0,0,0,7.2,20.9,129
Talas,2025-03-28,18:00,2025-03-28T18:00,20,0,0,0,7.3,18.4,123
Talas,2025-03-28,19:00,2025-03-28T19:00,17.9,0,0,0,9.3,20.2,139
Talas,2025-03-28,20:00,2025-03-28T20:00,15.3,0,0,0,7.6,21.2,152
Talas,2025-03-28,21:00,2025-03-28T21:00,13.1,0,0,0,7.2,17.6,152
Talas,2025-03-28,22:00,2025-03-28T22:00,12.9,0,0,0,7.8,19.1,151
Talas,2025-03-28,23:00,2025-03-28T23:00,13.2,0,0,0,8.6,20.5,147
Talas,2025-03-29,00:00,2025-03-29T00:00,12.1,0,0,0,9.7,23.8,149
Talas,2025-03-29,01:00,2025-03-29T01:00,12.6,0,0,0,12,27,145
Talas,2025-03-29,02:00,2025-03-29T02:00,13.8,0,0,0,14.6,32.4,147
Talas,2025-03-29,03:00,2025-03-29T03:00,14.1,0,0,0,18.4,40.7,154
Talas,2025-03-29,04:00,2025-03-29T04:00,14.4,0,0,0,12.1,41,117
Talas,2025-03-29,05:00,2025-03-29T05:00,14.6,0,0,0,15.6,35.3,128
Talas,2025-03-29,06:00,2025-03-29T06:00,15.1,0,0,0,16.5,40.7,139
Talas,2025-03-29,07:00,2025-03-29T07:00,15.2,0,0,0,22.3,47.5,146
Talas,2025-03-29,08:00,2025-03-29T08:00,15.8,0,0,0,27.3,58,148
Talas,2025-03-29,09:00,2025-03-29T09:00,16.7,0,0,0,29.8,63.4,143
Talas,2025-03-29,10:00,2025-03-29T10:00,17.8,0,0,0,28.9,65.2,154
Talas,2025-03-29,11:00,2025-03-29T11:00,17.2,0,0,0,28.4,63,157
Talas,2025-03-29,12:00,2025-03-29T12:00,17.6,0,0,0,26.8,61.6,159
Talas,2025-03-29,13:00,2025-03-29T13:00,17.4,0,0,0,22,58.7,152
Talas,2025-03-29,14:00,2025-03-29T14:00,17,0,0,0,25,57.2,161
Talas,2025-03-29,15:00,2025-03-29T15:00,17.3,0,0,0,26.7,57.6,157
Talas,2025-03-29,16:00,2025-03-29T16:00,17.5,0,0,0,26.2,55.8,152
Talas,2025-03-29,17:00,2025-03-29T17:00,16.4,0,0,0,25.8,55.8,153
Talas,2025-03-29,18:00,2025-03-29T18:00,15.6,0,0,0,20.7,54.7,149
Talas,2025-03-29,19:00,2025-03-29T19:00,13.5,0,0,0,9.4,43.6,133
Talas,2025-03-29,20:00,2025-03-29T20:00,10.5,0,0,0,5.1,22.7,98
Talas,2025-03-29,21:00,2025-03-29T21:00,9.5,0,0,0,5.2,12.2,121
Talas,2025-03-29,22:00,2025-03-29T22:00,9,0,0,0,8,18,142
Talas,2025-03-29,23:00,2025-03-29T23:00,8.7,0,0,0,8.7,19.4,146
Talas,2025-03-30,00:00,2025-03-30T00:00,8.7,0,0,0,9.2,20.5,145
Talas,2025-03-30,01:00,2025-03-30T01:00,9.7,0,0,0,7.2,20.9,148
Talas,2025-03-30,02:00,2025-03-30T02:00,9.2,0,0,0,5.4,15.8,154
Talas,2025-03-30,03:00,2025-03-30T03:00,8.3,0,0,0,5.1,12.6,170
Talas,2025-03-30,04:00,2025-03-30T04:00,9.8,0,0,0,2.7,9.4,172
Talas,2025-03-30,05:00,2025-03-30T05:00,9.7,0.1,0.1,0,2.7,6.5,180
Talas,2025-03-30,06:00,2025-03-30T06:00,9.6,0.1,0.1,0,1,6.5,239
Talas,2025-03-30,07:00,2025-03-30T07:00,9.4,0.2,0.2,0,3.4,6.8,295
Talas,2025-03-30,08:00,2025-03-30T08:00,10.3,0.2,0.2,0,6,13.7,299
Talas,2025-03-30,09:00,2025-03-30T09:00,11.3,0.1,0.1,0,6,16.9,309
Talas,2025-03-30,10:00,2025-03-30T10:00,12,0.2,0.2,0,6.6,20.5,303
Talas,2025-03-30,11:00,2025-03-30T11:00,13.2,0,0,0,9.3,25.9,299
Talas,2025-03-30,12:00,2025-03-30T12:00,14.2,0,0,0,8.9,26.6,336
Talas,2025-03-30,13:00,2025-03-30T13:00,14.2,0.1,0.1,0,5.4,26.3,330
Talas,2025-03-30,14:00,2025-03-30T14:00,15.2,0,0,0,9.8,28.8,31
Talas,2025-03-30,15:00,2025-03-30T15:00,16,0.1,0.1,0,10.4,30.2,28
Talas,2025-03-30,16:00,2025-03-30T16:00,13,0.1,0.1,0,7.5,34.9,30
Talas,2025-03-30,17:00,2025-03-30T17:00,14.6,0,0,0,8.1,22,51
Talas,2025-03-30,18:00,2025-03-30T18:00,14,0,0,0,7,22.3,132
Talas,2025-03-30,19:00,2025-03-30T19:00,10.6,0,0,0,5.8,15.1,158
Talas,2025-03-30,20:00,2025-03-30T20:00,9.4,0.1,0.1,0,9.4,16.9,162
Talas,2025-03-30,21:00,2025-03-30T21:00,7.3,0,0,0,9.3,21.2,170
Talas,2025-03-30,22:00,2025-03-30T22:00,6,0,0,0,8.9,19.1,167
Talas,2025-03-30,23:00,2025-03-30T23:00,5.3,0,0,0,8,18.7,160
Talas,2025-03-31,00:00,2025-03-31T00:00,5,0.1,0.1,0,7.1,17.6,170
Talas,2025-03-31,01:00,2025-03-31T01:00,4.6,0,0,0,4.6,15.5,167
Talas,2025-03-31,02:00,2025-03-31T02:00,4.2,0,0,0,3.9,11.5,158
Talas,2025-03-31,03:00,2025-03-31T03:00,3.6,0,0,0,3.5,10.1,152
Talas,2025-03-31,04:00,2025-03-31T04:00,3.4,0,0,0,2.7,9,143
Talas,2025-03-31,05:00,2025-03-31T05:00,3.4,0,0,0,3.6,9.7,150
Talas,2025-03-31,06:00,2025-03-31T06:00,2.8,0,0,0,5.2,12.6,153
Talas,2025-03-31,07:00,2025-03-31T07:00,3.3,0,0,0,5.4,13,160
Talas,2025-03-31,08:00,2025-03-31T08:00,7.2,0,0,0,4.8,12.6,119
Talas,2025-03-31,09:00,2025-03-31T09:00,10.1,0,0,0,5.5,18,32
Talas,2025-03-31,10:00,2025-03-31T10:00,11.7,0.1,0.1,0,7.3,23.8,16
Talas,2025-03-31,11:00,2025-03-31T11:00,13.3,0.1,0.1,0,9,27.4,5
Talas,2025-03-31,12:00,2025-03-31T12:00,14.6,0,0,0,7,28.1,360
Talas,2025-03-31,13:00,2025-03-31T13:00,15.9,0,0,0,3.8,25.2,11
Talas,2025-03-31,14:00,2025-03-31T14:00,16.5,0,0,0,2,20.5,170
Talas,2025-03-31,15:00,2025-03-31T15:00,16.5,0.2,0.2,0,2.9,16.6,184
Talas,2025-03-31,16:00,2025-03-31T16:00,16.4,0,0,0,3,18,346
Talas,2025-03-31,17:00,2025-03-31T17:00,16.7,0.1,0.1,0,2.4,17.3,17
Talas,2025-03-31,18:00,2025-03-31T18:00,15.2,0.1,0.1,0,1.9,14.4,119
Talas,2025-03-31,19:00,2025-03-31T19:00,11.6,0,0,0,2.3,6.5,129
Talas,2025-03-31,20:00,2025-03-31T20:00,9.9,0,0,0,7.3,15.5,157
Talas,2025-03-31,21:00,2025-03-31T21:00,7.7,0,0,0,5.5,16.6,169
Talas,2025-03-31,22:00,2025-03-31T22:00,6.7,0,0,0,4.3,13.3,163
Talas,2025-03-31,23:00,2025-03-31T23:00,5.7,0,0,0,4.6,13,167
Talas,2025-04-01,00:00,2025-04-01T00:00,5.8,0,0,0,5.5,14,169
Talas,2025-04-01,01:00,2025-04-01T01:00,6.1,0,0,0,6.9,16.2,166
Talas,2025-04-01,02:00,2025-04-01T02:00,5.6,0,0,0,6.2,16.2,165
Talas,2025-04-01,03:00,2025-04-01T03:00,5.1,0,0,0,6.5,15.8,166
Talas,2025-04-01,04:00,2025-04-01T04:00,5.3,0,0,0,7.5,17.3,156
Talas,2025-04-01,05:00,2025-04-01T05:00,5,0,0,0,9.4,21.6,157
Talas,2025-04-01,06:00,2025-04-01T06:00,4.6,0,0,0,7.2,21.6,161
Talas,2025-04-01,07:00,2025-04-01T07:00,5.1,0,0,0,7.3,18,155
Talas,2025-04-01,08:00,2025-04-01T08:00,9.6,0,0,0,9.8,20.2,139
Talas,2025-04-01,09:00,2025-04-01T09:00,13.3,0,0,0,12.1,26.6,128
Talas,2025-04-01,10:00,2025-04-01T10:00,15.1,0,0,0,16.7,36,135
Talas,2025-04-01,11:00,2025-04-01T11:00,16.5,0,0,0,20.3,44.6,142
Talas,2025-04-01,12:00,2025-04-01T12:00,17.1,0,0,0,19.4,44.3,146
Talas,2025-04-01,13:00,2025-04-01T13:00,18.3,0,0,0,22.5,47.9,146
Talas,2025-04-01,14:00,2025-04-01T14:00,17.3,0,0,0,24.9,54,143
Talas,2025-04-01,15:00,2025-04-01T15:00,16.8,0.1,0.1,0,23.9,53.6,148
Talas,2025-04-01,16:00,2025-04-01T16:00,14.8,0,0,0,22.5,50.4,145
Talas,2025-04-01,17:00,2025-04-01T17:00,13.2,0.4,0.4,0,20.2,46.4,139
Talas,2025-04-01,18:00,2025-04-01T18:00,11.3,0.7,0.7,0,16.3,41.4,137
Talas,2025-04-01,19:00,2025-04-01T19:00,10.2,0.2,0.2,0,14.6,32.8,129
Talas,2025-04-01,20:00,2025-04-01T20:00,10.4,0,0,0,15.8,33.1,133
Talas,2025-04-01,21:00,2025-04-01T21:00,10.3,0.1,0.1,0,15.1,35.3,129
Talas,2025-04-01,22:00,2025-04-01T22:00,9,1.7,1.7,0,12.9,33.8,136
Talas,2025-04-01,23:00,2025-04-01T23:00,9.1,0.7,0.7,0,19.3,43.6,158
Talas,2025-04-02,00:00,2025-04-02T00:00,9.2,0.1,0.1,0,12.8,44.3,178
Talas,2025-04-02,01:00,2025-04-02T01:00,8.7,0,0,0,5.2,29.5,155
Talas,2025-04-02,02:00,2025-04-02T02:00,8,0,0,0,5.1,14,144
Talas,2025-04-02,03:00,2025-04-02T03:00,8.2,0,0,0,5.2,13,139
Talas,2025-04-02,04:00,2025-04-02T04:00,9.1,0.2,0.2,0,6,17.6,151
Talas,2025-04-02,05:00,2025-04-02T05:00,8.8,0,0,0,4.3,13.7,138
Talas,2025-04-02,06:00,2025-04-02T06:00,8.8,0.3,0.3,0,8.3,16.6,162
Talas,2025-04-02,07:00,2025-04-02T07:00,8.4,0.9,0.9,0,11.5,22.7,158
Talas,2025-04-02,08:00,2025-04-02T08:00,8.1,2.6,2.5,0.07,9.4,23.8,162
Talas,2025-04-02,09:00,2025-04-02T09:00,8.2,3.1,2.8,0.21,7.5,19.4,111
Talas,2025-04-02,10:00,2025-04-02T10:00,8.5,1.3,1.3,0,7.6,18,94
Talas,2025-04-02,11:00,2025-04-02T11:00,9.4,3.6,3.6,0,1.4,18,360
Talas,2025-04-02,12:00,2025-04-02T12:00,9.5,1.5,1.5,0,4.3,22,57
Talas,2025-04-02,13:00,2025-04-02T13:00,13.1,0.2,0.2,0,10.2,25.2,139
Talas,2025-04-02,14:00,2025-04-02T14:00,14.7,0.1,0.1,0,7.3,26.3,157
Talas,2025-04-02,15:00,2025-04-02T15:00,14.6,0,0,0,6,21.6,127
Talas,2025-04-02,16:00,2025-04-02T16:00,14.4,0.3,0.3,0,7.9,24.1,11
Talas,2025-04-02,17:00,2025-04-02T17:00,13.6,0.1,0.1,0,9,24.5,38
Talas,2025-04-02,18:00,2025-04-02T18:00,11.7,3.2,3.2,0,8.2,25.6,81
Talas,2025-04-02,19:00,2025-04-02T19:00,10.2,2.1,2.1,0,4.9,17.3,107
Talas,2025-04-02,20:00,2025-04-02T20:00,8.7,0,0,0,5,11.2,120
Talas,2025-04-02,21:00,2025-04-02T21:00,7.9,0.6,0.6,0,4.6,13.7,169
Talas,2025-04-02,22:00,2025-04-02T22:00,7.8,3.2,3.2,0,0.6,9.4,236
Talas,2025-04-02,23:00,2025-04-02T23:00,7.1,0,0,0,4.7,10.8,122
Talas,2025-04-03,00:00,2025-04-03T00:00,5.5,0,0,0,3.5,10.1,145
Talas,2025-04-03,01:00,2025-04-03T01:00,4.6,0,0,0,2.6,7.2,168
Talas,2025-04-03,02:00,2025-04-03T02:00,5.1,0,0,0,3.8,7.9,161
Talas,2025-04-03,03:00,2025-04-03T03:00,4.8,0,0,0,6,12.6,153
Talas,2025-04-03,04:00,2025-04-03T04:00,5.5,0.8,0.8,0,4.9,14.4,152
Talas,2025-04-03,05:00,2025-04-03T05:00,5.2,0.4,0.4,0,4.7,12.6,148
Talas,2025-04-03,06:00,2025-04-03T06:00,4.6,0.2,0.2,0,4,10.8,172
Talas,2025-04-03,07:00,2025-04-03T07:00,4.7,0.1,0.1,0,2.8,9,169
Talas,2025-04-03,08:00,2025-04-03T08:00,7.3,0,0,0,3.2,10.4,93
Talas,2025-04-03,09:00,2025-04-03T09:00,8.8,0,0,0,3.8,18.7,25
Talas,2025-04-03,10:00,2025-04-03T10:00,9.5,0.1,0.1,0,3.1,18.4,350
Talas,2025-04-03,11:00,2025-04-03T11:00,11,0.1,0.1,0,1.2,18.7,333
Talas,2025-04-03,12:00,2025-04-03T12:00,12.6,0,0,0,2.1,18.4,329
Talas,2025-04-03,13:00,2025-04-03T13:00,13.8,0.1,0.1,0,8.3,25.2,321
Talas,2025-04-03,14:00,2025-04-03T14:00,13.8,0.1,0.1,0,10.1,27.7,311
Talas,2025-04-03,15:00,2025-04-03T15:00,13,0,0,0,8.5,28.1,302
Talas,2025-04-03,16:00,2025-04-03T16:00,11.7,0.7,0.7,0,9.1,27.4,350
Talas,2025-04-03,17:00,2025-04-03T17:00,10.3,1.3,1.3,0,1.9,25.9,107
Talas,2025-04-03,18:00,2025-04-03T18:00,9.9,0.4,0.4,0,5.5,19.1,117
Talas,2025-04-03,19:00,2025-04-03T19:00,8,3.7,3.7,0,5.9,13,284
Talas,2025-04-03,20:00,2025-04-03T20:00,6.6,2.9,2.9,0,0.6,13,304
Talas,2025-04-03,21:00,2025-04-03T21:00,5.7,0.2,0.2,0,3.9,10.1,66
Talas,2025-04-03,22:00,2025-04-03T22:00,5.6,0,0,0,3.5,10.1,125
Talas,2025-04-03,23:00,2025-04-03T23:00,6,0,0,0,2.2,8.3,156
Talas,2025-04-04,00:00,2025-04-04T00:00,5.5,0.3,0.3,0,1,5,239
Talas,2025-04-04,01:00,2025-04-04T01:00,5.2,1,1,0,0.7,4,194
Talas,2025-04-04,02:00,2025-04-04T02:00,5,0,0,0,1.5,4.3,120
Talas,2025-04-04,03:00,2025-04-04T03:00,4.2,1.4,1.4,0,0.9,4.3,143
Talas,2025-04-04,04:00,2025-04-04T04:00,5.2,1.4,1.4,0,0.4,9.4,207
Talas,2025-04-04,05:00,2025-04-04T05:00,4.6,1.9,1.9,0,2.6,9.4,124
Talas,2025-04-04,06:00,2025-04-04T06:00,4.7,0.3,0.3,0,1.3,6.8,74
Talas,2025-04-04,07:00,2025-04-04T07:00,4.4,0.5,0.5,0,2.6,5.8,146
Talas,2025-04-04,08:00,2025-04-04T08:00,7.2,0.1,0.1,0,3.4,10.4,137
Talas,2025-04-04,09:00,2025-04-04T09:00,9.6,0.6,0.6,0,3.1,13,126
Talas,2025-04-04,10:00,2025-04-04T10:00,11.3,1.5,1.4,0.07,1,13.7,59
Talas,2025-04-04,11:00,2025-04-04T11:00,13,0,0,0,2.6,17.6,348
Talas,2025-04-04,12:00,2025-04-04T12:00,13.3,0.1,0.1,0,4.7,21.6,337
Talas,2025-04-04,13:00,2025-04-04T13:00,13,0.6,0.6,0,8.3,24.8,30
Talas,2025-04-04,14:00,2025-04-04T14:00,13.2,0.9,0.9,0,5.3,27.7,12
Talas,2025-04-04,15:00,2025-04-04T15:00,12.8,0.5,0.5,0,8.9,23.8,297
Talas,2025-04-04,16:00,2025-04-04T16:00,11.3,1.8,1.8,0,8.4,22.7,325
Talas,2025-04-04,17:00,2025-04-04T17:00,11.5,0,0,0,6.7,26.6,333
Talas,2025-04-04,18:00,2025-04-04T18:00,10.4,1.3,1.3,0,7.3,20.2,330
Talas,2025-04-04,19:00,2025-04-04T19:00,8.7,0,0,0,2.1,16.6,15
Talas,2025-04-04,20:00,2025-04-04T20:00,7.9,0,0,0,0.9,6.1,90
Talas,2025-04-04,21:00,2025-04-04T21:00,6.9,0,0,0,0.4,4,153
Talas,2025-04-04,22:00,2025-04-04T22:00,5.5,0,0,0,2.5,5.4,176
Talas,2025-04-04,23:00,2025-04-04T23:00,4.8,0.8,0.8,0,4.6,8.6,219
Talas,2025-04-05,00:00,2025-04-05T00:00,5,1,1,0,1.5,8.6,144
Talas,2025-04-05,01:00,2025-04-05T01:00,4.8,1.9,1.9,0,0.6,5,146
Talas,2025-04-05,02:00,2025-04-05T02:00,4.1,3.3,2.6,0.49,1.5,4.3,135
Talas,2025-04-05,03:00,2025-04-05T03:00,3.7,0.1,0.1,0,2.8,6.1,145
Talas,2025-04-05,04:00,2025-04-05T04:00,4.9,2.3,1.9,0.28,2.2,5.8,284
Talas,2025-04-05,05:00,2025-04-05T05:00,3.3,2.4,1.5,0.63,1,5,202
Talas,2025-04-05,06:00,2025-04-05T06:00,3.4,1,1,0,5.1,11.2,113
Talas,2025-04-05,07:00,2025-04-05T07:00,3.7,0.5,0.5,0,1.9,10.8,146
Talas,2025-04-05,08:00,2025-04-05T08:00,5.4,0.1,0.1,0,5.3,9,102
Talas,2025-04-05,09:00,2025-04-05T09:00,7.9,0,0,0,6.1,18.4,58
Talas,2025-04-05,10:00,2025-04-05T10:00,9.9,0,0,0,6.4,21.6,22
Talas,2025-04-05,11:00,2025-04-05T11:00,11.3,0,0,0,9.2,27.7,356
Talas,2025-04-05,12:00,2025-04-05T12:00,12.4,0.2,0.2,0,8.9,28.1,332
Talas,2025-04-05,13:00,2025-04-05T13:00,12.9,0.2,0.2,0,7.6,26.6,324
Talas,2025-04-05,14:00,2025-04-05T14:00,13.8,0.1,0.1,0,5.2,24.8,27
Talas,2025-04-05,15:00,2025-04-05T15:00,12.9,0.3,0.3,0,6.8,21.6,318
Talas,2025-04-05,16:00,2025-04-05T16:00,13.6,0,0,0,3.1,29.2,3
Talas,2025-04-05,17:00,2025-04-05T17:00,13,0.1,0.1,0,3.2,16.6,71
Talas,2025-04-05,18:00,2025-04-05T18:00,11.7,0.3,0.3,0,3.6,14.4,139
Talas,2025-04-05,19:00,2025-04-05T19:00,8.9,0.8,0.8,0,1.3,10.4,82
Talas,2025-04-05,20:00,2025-04-05T20:00,7.8,2,2,0,3.6,6.5,221
Talas,2025-04-05,21:00,2025-04-05T21:00,7.3,2,2,0,3.1,10.8,28
Talas,2025-04-05,22:00,2025-04-05T22:00,6.5,0.3,0.3,0,3.6,8.6,135
Talas,2025-04-05,23:00,2025-04-05T23:00,5,0,0,0,5.6,12.6,155
Talas,2025-04-06,00:00,2025-04-06T00:00,4.4,0,0,0,4.6,13,162
Talas,2025-04-06,01:00,2025-04-06T01:00,3.8,0,0,0,4.9,11.5,156
Talas,2025-04-06,02:00,2025-04-06T02:00,3,0,0,0,5.5,13.7,163
Talas,2025-04-06,03:00,2025-04-06T03:00,2.3,0,0,0,4.8,13.7,167
Talas,2025-04-06,04:00,2025-04-06T04:00,3.9,0,0,0,4.6,8.6,132
Talas,2025-04-06,05:00,2025-04-06T05:00,4.5,1.1,1.1,0,5.1,14,141
Talas,2025-04-06,06:00,2025-04-06T06:00,4.4,0.4,0.4,0,4.3,15.8,138
Talas,2025-04-06,07:00,2025-04-06T07:00,5,2.7,2.6,0.07,6,13.7,151
Talas,2025-04-06,08:00,2025-04-06T08:00,7.3,0.3,0.3,0,8,14.8,144
Talas,2025-04-06,09:00,2025-04-06T09:00,9.4,0,0,0,6.7,16.2,153
Talas,2025-04-06,10:00,2025-04-06T10:00,11.1,0,0,0,3.6,15.5,139
Talas,2025-04-06,11:00,2025-04-06T11:00,12.5,0.5,0.5,0,2.6,14.8,124
Talas,2025-04-06,12:00,2025-04-06T12:00,13.9,0.8,0.8,0,1.9,19.4,107
Talas,2025-04-06,13:00,2025-04-06T13:00,14.8,0,0,0,4,19.8,126
Talas,2025-04-06,14:00,2025-04-06T14:00,15.2,0,0,0,4.7,22,152
Talas,2025-04-06,15:00,2025-04-06T15:00,14.9,0,0,0,7.3,22,134
Talas,2025-04-06,16:00,2025-04-06T16:00,12.4,0.8,0.8,0,7.5,22.3,110
Talas,2025-04-06,17:00,2025-04-06T17:00,11.1,2.8,2.8,0,4,20.5,150
Talas,2025-04-06,18:00,2025-04-06T18:00,11.2,0,0,0,3.5,10.8,118
Talas,2025-04-06,19:00,2025-04-06T19:00,9.6,0,0,0,3.6,8.6,139
Talas,2025-04-06,20:00,2025-04-06T20:00,8.9,0,0,0,5.9,14,140
Talas,2025-04-06,21:00,2025-04-06T21:00,6.8,0,0,0,6.2,14.8,150
Talas,2025-04-06,22:00,2025-04-06T22:00,6,0,0,0,7.1,17.3,164
Talas,2025-04-06,23:00,2025-04-06T23:00,4.8,0,0,0,5.6,16.9,165
Talas,2025-04-07,00:00,2025-04-07T00:00,3.8,0,0,0,3.2,14.8,177
Talas,2025-04-07,01:00,2025-04-07T01:00,3,0,0,0,1.5,11.9,173
Talas,2025-04-07,02:00,2025-04-07T02:00,2.6,0,0,0,1.1,10.1,171
Talas,2025-04-07,03:00,2025-04-07T03:00,2.4,0,0,0,1.1,9.4,171
Talas,2025-04-07,04:00,2025-04-07T04:00,4.9,0,0,0,0.4,4,153
Talas,2025-04-07,05:00,2025-04-07T05:00,3.8,0,0,0,1.7,5,167
Talas,2025-04-07,06:00,2025-04-07T06:00,3.2,0,0,0,2.1,6.5,165
Talas,2025-04-07,07:00,2025-04-07T07:00,4.2,0,0,0,1.8,6.5,174
Talas,2025-04-07,08:00,2025-04-07T08:00,8.3,0,0,0,1.5,6.5,339
Talas,2025-04-07,09:00,2025-04-07T09:00,11.2,0,0,0,5.2,17.3,354
Talas,2025-04-07,10:00,2025-04-07T10:00,13.4,0,0,0,4.5,20.2,358
Talas,2025-04-07,11:00,2025-04-07T11:00,14.9,0.3,0.3,0,4.2,23.8,320
Talas,2025-04-07,12:00,2025-04-07T12:00,16.5,0.4,0.4,0,2,22.7,360
Talas,2025-04-07,13:00,2025-04-07T13:00,17.8,0.5,0.5,0,5.8,18.4,184
Talas,2025-04-07,14:00,2025-04-07T14:00,17.5,0.2,0.2,0,6.6,21.2,163
Talas,2025-04-07,15:00,2025-04-07T15:00,17.8,0.8,0.8,0,11.6,26.6,156
Talas,2025-04-07,16:00,2025-04-07T16:00,17.8,0,0,0,12,29.5,166
Talas,2025-04-07,17:00,2025-04-07T17:00,16.7,0,0,0,15.8,32.8,153
Talas,2025-04-07,18:00,2025-04-07T18:00,14.9,0,0,0,16.3,33.1,154
Talas,2025-04-07,19:00,2025-04-07T19:00,12.7,0,0,0,11,32.4,138
Talas,2025-04-07,20:00,2025-04-07T20:00,10.2,0,0,0,14.7,29.5,147
Talas,2025-04-07,21:00,2025-04-07T21:00,8.9,0,0,0,10.5,29.9,156
Talas,2025-04-07,22:00,2025-04-07T22:00,7.2,0,0,0,5.6,22,165
Talas,2025-04-07,23:00,2025-04-07T23:00,5.9,0,0,0,4.9,13.7,163
Talas,2025-04-08,00:00,2025-04-08T00:00,4.7,0,0,0,5.7,15.8,171
Talas,2025-04-08,01:00,2025-04-08T01:00,4.1,0,0,0,4.1,15.8,167
Talas,2025-04-08,02:00,2025-04-08T02:00,4,0,0,0,3.8,13.3,177
Talas,2025-04-08,03:00,2025-04-08T03:00,4.2,0,0,0,2.9,13,176
Talas,2025-04-08,04:00,2025-04-08T04:00,4.1,0,0,0,4.3,12.6,175
Talas,2025-04-08,05:00,2025-04-08T05:00,4.2,0,0,0,4.6,13.3,169
Talas,2025-04-08,06:00,2025-04-08T06:00,4.7,0,0,0,5,12.6,165
Talas,2025-04-08,07:00,2025-04-08T07:00,5.6,0,0,0,6.8,14,153
Talas,2025-04-08,08:00,2025-04-08T08:00,8.8,0,0,0,6.4,15.5,140
Talas,2025-04-08,09:00,2025-04-08T09:00,11.5,0,0,0,2.3,14.4,51
Talas,2025-04-08,10:00,2025-04-08T10:00,13.2,0,0,0,5.9,20.5,12
Talas,2025-04-08,11:00,2025-04-08T11:00,14.7,0,0,0,8.3,25.9,1
Talas,2025-04-08,12:00,2025-04-08T12:00,15.9,0,0,0,11.5,32,8
Talas,2025-04-08,13:00,2025-04-08T13:00,16.9,0.1,0.1,0,11.5,33.5,340
Talas,2025-04-08,14:00,2025-04-08T14:00,17.5,0.1,0.1,0,10.7,32.8,337
Talas,2025-04-08,15:00,2025-04-08T15:00,17.5,0.1,0.1,0,7.5,30.6,30
Talas,2025-04-08,16:00,2025-04-08T16:00,18,0,0,0,3.6,22.7,6
Talas,2025-04-08,17:00,2025-04-08T17:00,15.3,0.5,0.5,0,4,15.8,95
Talas,2025-04-08,18:00,2025-04-08T18:00,13.7,0.2,0.2,0,6.2,11.2,172
Talas,2025-04-08,19:00,2025-04-08T19:00,11.7,1.1,1.1,0,1,11.5,149
Talas,2025-04-08,20:00,2025-04-08T20:00,11.3,0,0,0,1.3,3.6,45
Talas,2025-04-08,21:00,2025-04-08T21:00,9.9,0.2,0.2,0,1.3,3.6,270
Talas,2025-04-08,22:00,2025-04-08T22:00,8.9,0,0,0,2,7.6,260
Talas,2025-04-08,23:00,2025-04-08T23:00,7.9,0,0,0,3.1,6.5,306
Talas,2025-04-09,00:00,2025-04-09T00:00,7.9,0,0,0,1.9,6.8,41
Talas,2025-04-09,01:00,2025-04-09T01:00,7.3,0,0,0,1.4,5,90
Talas,2025-04-09,02:00,2025-04-09T02:00,6.4,0,0,0,1,5,225
Talas,2025-04-09,03:00,2025-04-09T03:00,5.6,0,0,0,1.5,5,150
Talas,2025-04-09,04:00,2025-04-09T04:00,6,0,0,0,5.6,12.2,22
Talas,2025-04-09,05:00,2025-04-09T05:00,5.4,0.4,0.4,0,3.9,10.4,77
Talas,2025-04-09,06:00,2025-04-09T06:00,5.2,0,0,0,3.8,7.6,85
Talas,2025-04-09,07:00,2025-04-09T07:00,6.6,0,0,0,6.7,13.7,92
Talas,2025-04-09,08:00,2025-04-09T08:00,7.8,0,0,0,8.1,15.5,339
Talas,2025-04-09,09:00,2025-04-09T09:00,7.5,0.1,0.1,0,12.3,28.4,339
Talas,2025-04-09,10:00,2025-04-09T10:00,8.1,0,0,0,9.8,27,14
Talas,2025-04-09,11:00,2025-04-09T11:00,10.4,0.1,0.1,0,10.8,28.1,355
Talas,2025-04-09,12:00,2025-04-09T12:00,7.5,1.3,1.3,0,12.1,33.5,345
Talas,2025-04-09,13:00,2025-04-09T13:00,7.2,2.3,2.3,0,9.6,25.9,3
Talas,2025-04-09,14:00,2025-04-09T14:00,8.1,3.1,3.1,0,5.9,28.4,47
Talas,2025-04-09,15:00,2025-04-09T15:00,10.3,0.2,0.2,0,7.1,19.1,21
Talas,2025-04-09,16:00,2025-04-09T16:00,11.7,0.5,0.5,0,12.4,29.9,8
Talas,2025-04-09,17:00,2025-04-09T17:00,8.6,3.1,3.1,0,11.9,31,311
Talas,2025-04-09,18:00,2025-04-09T18:00,9,0.3,0.3,0,7.2,25.6,307
Talas,2025-04-09,19:00,2025-04-09T19:00,7.4,0.6,0.6,0,12.9,25.6,313
Talas,2025-04-09,20:00,2025-04-09T20:00,6.1,2.6,2.4,0.14,12,27.7,287
Talas,2025-04-09,21:00,2025-04-09T21:00,5.7,1.1,1.1,0,6.9,24.8,301
Talas,2025-04-09,22:00,2025-04-09T22:00,5.1,1.5,1.5,0,3.5,16.9,309
Talas,2025-04-09,23:00,2025-04-09T23:00,4.4,2.3,1.8,0.35,6.8,14.8,299
Talas,2025-04-10,00:00,2025-04-10T00:00,3.8,1.9,1.9,0,4.7,14.4,310
Talas,2025-04-10,01:00,2025-04-10T01:00,3.1,2.9,1.4,1.05,7.4,15.5,302
Talas,2025-04-10,02:00,2025-04-10T02:00,2.5,1.3,0.7,0.42,8.1,17.6,298
Talas,2025-04-10,03:00,2025-04-10T03:00,2,3,0.3,1.89,7,17.6,288
Talas,2025-04-10,04:00,2025-04-10T04:00,1,3.2,0.1,2.17,11.9,23,266
Talas,2025-04-10,05:00,2025-04-10T05:00,0.5,3,0,2.1,13,23.8,264
Talas,2025-04-10,06:00,2025-04-10T06:00,0.2,0.9,0,0.63,10.7,24.5,248
Talas,2025-04-10,07:00,2025-04-10T07:00,0,0.4,0.1,0.21,10,18.7,252
Talas,2025-04-10,08:00,2025-04-10T08:00,0.3,0.4,0,0.28,6.3,18,267
Talas,2025-04-10,09:00,2025-04-10T09:00,0.4,0.8,0,0.56,7.7,16.6,286
Talas,2025-04-10,10:00,2025-04-10T10:00,0.5,0.9,0,0.63,7.6,17.6,278
Talas,2025-04-10,11:00,2025-04-10T11:00,1.2,0.5,0,0.35,6.2,16.2,287
Talas,2025-04-10,12:00,2025-04-10T12:00,1.5,0.3,0,0.21,8.5,18,291
Talas,2025-04-10,13:00,2025-04-10T13:00,1.6,0.2,0,0.14,10.4,22.7,300
Talas,2025-04-10,14:00,2025-04-10T14:00,2,0,0,0,9.1,22.3,297
Talas,2025-04-10,15:00,2025-04-10T15:00,2.6,0,0,0,8.6,20.9,296
Talas,2025-04-10,16:00,2025-04-10T16:00,3.3,0.1,0,0.07,8,24.5,293
Talas,2025-04-10,17:00,2025-04-10T17:00,3.3,0,0,0,6.6,18.7,279
Talas,2025-04-10,18:00,2025-04-10T18:00,2.4,0,0,0,4.3,15.5,285
Talas,2025-04-10,19:00,2025-04-10T19:00,1.3,0,0,0,2.1,10.8,218
Talas,2025-04-10,20:00,2025-04-10T20:00,0.7,0,0,0,5.1,10.4,207
Talas,2025-04-10,21:00,2025-04-10T21:00,1,0,0,0,6.7,13,216
Talas,2025-04-10,22:00,2025-04-10T22:00,0.7,0,0,0,7.8,14.8,214
Talas,2025-04-10,23:00,2025-04-10T23:00,0,0,0,0,6.4,14.8,202
Talas,2025-04-11,00:00,2025-04-11T00:00,-0.4,0,0,0,3.8,11.9,185
Talas,2025-04-11,01:00,2025-04-11T01:00,-1,0,0,0,1.3,7.2,164
Talas,2025-04-11,02:00,2025-04-11T02:00,-3.9,0,0,0,3.2,7.2,161
Talas,2025-04-11,03:00,2025-04-11T03:00,-4.3,0,0,0,4.5,11.5,166
Talas,2025-04-11,04:00,2025-04-11T04:00,-3.7,0,0,0,3.9,9,158
Talas,2025-04-11,05:00,2025-04-11T05:00,-4.3,0,0,0,4.2,11.5,162
Talas,2025-04-11,06:00,2025-04-11T06:00,-4.9,0,0,0,4.7,13,164
Talas,2025-04-11,07:00,2025-04-11T07:00,-4,0,0,0,4.6,13,167
Talas,2025-04-11,08:00,2025-04-11T08:00,-0.4,0,0,0,2.4,11.9,144
Talas,2025-04-11,09:00,2025-04-11T09:00,2.6,0,0,0,3.5,11.5,55
Talas,2025-04-11,10:00,2025-04-11T10:00,3.6,0,0,0,4.8,15.8,45
Talas,2025-04-11,11:00,2025-04-11T11:00,4.4,0,0,0,3.7,16.9,51
Talas,2025-04-11,12:00,2025-04-11T12:00,5.8,0,0,0,0.4,14.8,360
Talas,2025-04-11,13:00,2025-04-11T13:00,6,0,0,0,3.4,9.4,205
Talas,2025-04-11,14:00,2025-04-11T14:00,6.6,0,0,0,5.7,11.9,215
Talas,2025-04-11,15:00,2025-04-11T15:00,9.1,0,0,0,18.5,32.8,257
Talas,2025-04-11,16:00,2025-04-11T16:00,0.4,1.2,0,0.84,27.3,58.7,276
Talas,2025-04-11,17:00,2025-04-11T17:00,-0.6,1.4,0,0.98,24.6,55.8,284
Talas,2025-04-11,18:00,2025-04-11T18:00,-1.7,1.1,0,0.77,22.5,53.3,270
Talas,2025-04-11,19:00,2025-04-11T19:00,-2.5,0.5,0,0.35,23,52.9,263
Talas,2025-04-11,20:00,2025-04-11T20:00,-2.3,0.1,0,0.07,19.3,47.2,269
Talas,2025-04-11,21:00,2025-04-11T21:00,-2.8,0,0,0,16.5,40,278
Talas,2025-04-11,22:00,2025-04-11T22:00,-3.8,0,0,0,14.8,34.9,280
Talas,2025-04-11,23:00,2025-04-11T23:00,-4.8,0,0,0,8.4,30.6,263
Talas,2025-04-12,00:00,2025-04-12T00:00,-6.1,0,0,0,6.6,18.7,225
Talas,2025-04-12,01:00,2025-04-12T01:00,-7.4,0,0,0,5.4,13.3,201
Talas,2025-04-12,02:00,2025-04-12T02:00,-7.7,0,0,0,3.9,10.4,196
Talas,2025-04-12,03:00,2025-04-12T03:00,-7.7,0,0,0,2,8.3,185
Talas,2025-04-12,04:00,2025-04-12T04:00,-8.8,0,0,0,2.7,10.1,180
Talas,2025-04-12,05:00,2025-04-12T05:00,-8.9,0,0,0,1.8,7.6,174
Talas,2025-04-12,06:00,2025-04-12T06:00,-9.3,0,0,0,2,6.5,170
Talas,2025-04-12,07:00,2025-04-12T07:00,-8.3,0,0,0,1.8,6.5,169
Talas,2025-04-12,08:00,2025-04-12T08:00,-4.7,0,0,0,1.5,6.5,126
Talas,2025-04-12,09:00,2025-04-12T09:00,-2.2,0,0,0,1.9,9.7,41
Talas,2025-04-12,10:00,2025-04-12T10:00,-0.7,0,0,0,2.7,11.9,360
Talas,2025-04-12,11:00,2025-04-12T11:00,0.7,0,0,0,4.4,15.1,333
Talas,2025-04-12,12:00,2025-04-12T12:00,2,0,0,0,6.4,18.4,324
Talas,2025-04-12,13:00,2025-04-12T13:00,3.2,0,0,0,6.5,19.4,314
Talas,2025-04-12,14:00,2025-04-12T14:00,4.2,0,0,0,6.3,19.1,301
Talas,2025-04-12,15:00,2025-04-12T15:00,5,0,0,0,8.7,21.6,292
Talas,2025-04-12,16:00,2025-04-12T16:00,3.5,0,0,0,1.8,13,264
Talas,2025-04-12,17:00,2025-04-12T17:00,3.6,0,0,0,0.8,7.6,315
Talas,2025-04-12,18:00,2025-04-12T18:00,2,0,0,0,1.5,7.6,21
Talas,2025-04-12,19:00,2025-04-12T19:00,0.5,0,0,0,1.7,6.8,131
Talas,2025-04-12,20:00,2025-04-12T20:00,-0.4,0,0,0,1.3,4.3,164
Talas,2025-04-12,21:00,2025-04-12T21:00,-1.6,0,0,0,1.5,3.6,159
Talas,2025-04-12,22:00,2025-04-12T22:00,-3.7,0,0,0,2.6,6.5,164
Talas,2025-04-12,23:00,2025-04-12T23:00,-3.5,0,0,0,3.1,9.7,170
Talas,2025-04-13,00:00,2025-04-13T00:00,-3.4,0,0,0,2,10.4,170
Talas,2025-04-13,01:00,2025-04-13T01:00,-3.5,0,0,0,1.3,9,172
Talas,2025-04-13,02:00,2025-04-13T02:00,-2,0,0,0,0.7,7.2,180
Talas,2025-04-13,03:00,2025-04-13T03:00,-1,0,0,0,2,5.8,207
Talas,2025-04-13,04:00,2025-04-13T04:00,-0.4,0.6,0,0.42,1.4,9.4,23
Talas,2025-04-13,05:00,2025-04-13T05:00,-0.3,1.4,0,0.98,2.3,7.9,225
Talas,2025-04-13,06:00,2025-04-13T06:00,0,1.1,0,0.77,5.5,11.9,261
Talas,2025-04-13,07:00,2025-04-13T07:00,0.2,0.6,0,0.42,7.9,15.1,271
Talas,2025-04-13,08:00,2025-04-13T08:00,0.5,0.2,0,0.14,9.3,20.2,299
Talas,2025-04-13,09:00,2025-04-13T09:00,0.9,0.1,0,0.07,8.6,20.5,301
Talas,2025-04-13,10:00,2025-04-13T10:00,1.5,0,0,0,7.6,19.8,301
Talas,2025-04-13,11:00,2025-04-13T11:00,2.3,0,0,0,5.8,18,306
Talas,2025-04-13,12:00,2025-04-13T12:00,3.1,0,0,0,4.9,15.5,332
Talas,2025-04-13,13:00,2025-04-13T13:00,3.5,0,0,0,2.9,14.8,353
Talas,2025-04-13,14:00,2025-04-13T14:00,3.9,0,0,0,2.4,11.9,347
Talas,2025-04-13,15:00,2025-04-13T15:00,4.5,0,0,0,3.7,13.3,305
Talas,2025-04-13,16:00,2025-04-13T16:00,5.1,0.1,0,0.07,9,24.1,299
Talas,2025-04-13,17:00,2025-04-13T17:00,6.4,0,0,0,11,28.1,304
Talas,2025-04-13,18:00,2025-04-13T18:00,5.5,0,0,0,9.4,25.9,299
Talas,2025-04-13,19:00,2025-04-13T19:00,3.8,0,0,0,4.5,20.2,277
Talas,2025-04-13,20:00,2025-04-13T20:00,2.6,0,0,0,3.6,11.9,279
Talas,2025-04-13,21:00,2025-04-13T21:00,2.4,0,0,0,2.9,10.1,263
Talas,2025-04-13,22:00,2025-04-13T22:00,2.1,0,0,0,9,18,280
Talas,2025-04-13,23:00,2025-04-13T23:00,0.3,0,0,0,9.1,18,234
Talas,2025-04-14,00:00,2025-04-14T00:00,0.2,0,0,0,8.4,16.6,235
Talas,2025-04-14,01:00,2025-04-14T01:00,0,0,0,0,6.9,15.8,255
Talas,2025-04-14,02:00,2025-04-14T02:00,-0.9,0,0,0,6.3,14,235
Talas,2025-04-14,03:00,2025-04-14T03:00,-1.3,0,0,0,6.5,13,228
Talas,2025-04-14,04:00,2025-04-14T04:00,-0.2,0.2,0,0.14,6.8,13,212
Talas,2025-04-14,05:00,2025-04-14T05:00,-0.2,0.9,0,0.63,5.7,12.6,233
Talas,2025-04-14,06:00,2025-04-14T06:00,-0.7,0.8,0,0.56,6.4,11.2,212
Talas,2025-04-14,07:00,2025-04-14T07:00,-0.6,0.8,0,0.56,6,13.3,254
Talas,2025-04-14,08:00,2025-04-14T08:00,-0.1,0.6,0,0.42,7.9,17.3,270
Talas,2025-04-14,09:00,2025-04-14T09:00,0.4,0.4,0,0.28,8.1,21.6,294
Talas,2025-04-14,10:00,2025-04-14T10:00,0.9,0.3,0,0.21,8.1,21.6,288
Talas,2025-04-14,11:00,2025-04-14T11:00,1.3,0.2,0,0.14,8.5,20.5,272
Talas,2025-04-14,12:00,2025-04-14T12:00,1.7,0.1,0,0.07,7.7,20.5,269
Talas,2025-04-14,13:00,2025-04-14T13:00,2.1,0.2,0,0.14,9.2,21.6,271
Talas,2025-04-14,14:00,2025-04-14T14:00,2.7,0.2,0,0.14,8.1,23.4,288
Talas,2025-04-14,15:00,2025-04-14T15:00,3.1,0.4,0,0.28,9.8,24.1,302
Talas,2025-04-14,16:00,2025-04-14T16:00,3.1,3.2,0,2.24,8.9,32.4,289
Talas,2025-04-14,17:00,2025-04-14T17:00,2.6,1.2,0,0.84,9.4,25.6,1
Talas,2025-04-14,18:00,2025-04-14T18:00,2.3,0.5,0,0.35,2,23,265
Talas,2025-04-14,19:00,2025-04-14T19:00,1.1,1,0,0.7,1.9,9,287
Talas,2025-04-14,20:00,2025-04-14T20:00,1.5,0.2,0,0.14,4.8,14,312
Talas,2025-04-14,21:00,2025-04-14T21:00,1.6,0.4,0,0.28,7,16.9,296
Talas,2025-04-14,22:00,2025-04-14T22:00,1.3,0.2,0,0.14,8.5,18,277
Talas,2025-04-14,23:00,2025-04-14T23:00,1,0.2,0,0.14,10,21.2,279
Talas,2025-04-15,00:00,2025-04-15T00:00,0.9,0.3,0,0.21,10.4,22,284
Talas,2025-04-15,01:00,2025-04-15T01:00,0.7,0.2,0,0.14,10.8,22.3,280
Talas,2025-04-15,02:00,2025-04-15T02:00,0.5,0,0,0,12.3,24.5,274
Talas,2025-04-15,03:00,2025-04-15T03:00,0.3,0.1,0.1,0,12.6,25.2,269
Talas,2025-04-15,04:00,2025-04-15T04:00,0.2,0.2,0.1,0.07,12.6,24.5,256
Talas,2025-04-15,05:00,2025-04-15T05:00,0.3,0.1,0,0.07,14,26.3,248
Talas,2025-04-15,06:00,2025-04-15T06:00,0.5,0.2,0.1,0.07,13.3,26.3,249
Talas,2025-04-15,07:00,2025-04-15T07:00,0.7,0.6,0,0.42,14.2,25.9,240
Talas,2025-04-15,08:00,2025-04-15T08:00,1.2,0.2,0,0.14,15.5,28.1,241
Talas,2025-04-15,09:00,2025-04-15T09:00,1.7,0.1,0,0.07,15.3,29.9,252
Talas,2025-04-15,10:00,2025-04-15T10:00,2.3,0.1,0,0.07,12.3,28.4,260
Talas,2025-04-15,11:00,2025-04-15T11:00,3.3,0,0,0,10.1,24.1,271
Talas,2025-04-15,12:00,2025-04-15T12:00,4.6,0,0,0,8.7,21.6,300
Talas,2025-04-15,13:00,2025-04-15T13:00,5.5,0,0,0,9.5,24.5,302
Talas,2025-04-15,14:00,2025-04-15T14:00,6.7,0,0,0,9.8,25.6,301
Talas,2025-04-15,15:00,2025-04-15T15:00,9.7,0,0,0,16.8,37.1,313
Talas,2025-04-15,16:00,2025-04-15T16:00,11,0,0,0,16.9,40.7,316
Talas,2025-04-15,17:00,2025-04-15T17:00,11.3,0,0,0,13.9,38.2,314
Talas,2025-04-15,18:00,2025-04-15T18:00,11,0,0,0,13.6,33.8,325
Talas,2025-04-15,19:00,2025-04-15T19:00,8.4,0,0,0,7.3,29.9,293
Talas,2025-04-15,20:00,2025-04-15T20:00,6.2,0,0,0,7.1,18.4,260
Talas,2025-04-15,21:00,2025-04-15T21:00,5.9,0,0,0,9,18,235
Talas,2025-04-15,22:00,2025-04-15T22:00,5.3,0,0,0,11.8,22.3,230
Talas,2025-04-15,23:00,2025-04-15T23:00,4.8,0,0,0,10.1,22.7,230
Talas,2025-04-16,00:00,2025-04-16T00:00,4.2,0,0,0,9.2,20.2,230
Talas,2025-04-16,01:00,2025-04-16T01:00,3.7,0,0,0,9.2,18.4,228
Talas,2025-04-16,02:00,2025-04-16T02:00,3.5,0,0,0,9.4,18.4,228
Talas,2025-04-16,03:00,2025-04-16T03:00,3.2,0,0,0,9.7,18.7,225
Talas,2025-04-16,04:00,2025-04-16T04:00,3,0,0,0,10,20.9,237
Talas,2025-04-16,05:00,2025-04-16T05:00,2.8,0,0,0,10.1,20.2,229
Talas,2025-04-16,06:00,2025-04-16T06:00,3.2,0,0,0,9.2,20.2,220
Talas,2025-04-16,07:00,2025-04-16T07:00,4,0,0,0,7.4,17.6,214
Talas,2025-04-16,08:00,2025-04-16T08:00,6.1,0,0,0,7.7,16.9,245
Talas,2025-04-16,09:00,2025-04-16T09:00,7.8,0,0,0,8.3,21.6,266
Talas,2025-04-16,10:00,2025-04-16T10:00,9.3,0,0,0,9.9,25.6,270
Talas,2025-04-16,11:00,2025-04-16T11:00,10.9,0,0,0,11.3,30.2,299
Talas,2025-04-16,12:00,2025-04-16T12:00,11.3,0,0,0,12.2,31.7,323
Talas,2025-04-16,13:00,2025-04-16T13:00,11.5,0,0,0,12.4,32.8,332
Talas,2025-04-16,14:00,2025-04-16T14:00,11.7,0,0,0,12.9,33.1,332
Talas,2025-04-16,15:00,2025-04-16T15:00,11.5,0,0,0,10.5,32.8,327
Talas,2025-04-16,16:00,2025-04-16T16:00,11.5,0,0,0,9.1,23.4,295
Talas,2025-04-16,17:00,2025-04-16T17:00,11.7,0,0,0,8.9,24.8,288
Talas,2025-04-16,18:00,2025-04-16T18:00,11.1,0,0,0,7.1,22.3,261
Talas,2025-04-16,19:00,2025-04-16T19:00,8.5,0,0,0,4.8,15.1,236
Talas,2025-04-16,20:00,2025-04-16T20:00,7.1,0,0,0,2.3,10.4,209
Talas,2025-04-16,21:00,2025-04-16T21:00,6.5,0,0,0,3.9,6.1,193
Talas,2025-04-16,22:00,2025-04-16T22:00,6,0,0,0,4.2,6.5,187
Talas,2025-04-16,23:00,2025-04-16T23:00,5.9,0,0,0,2.7,6.5,157
Talas,2025-04-17,00:00,2025-04-17T00:00,5.4,0,0,0,2.4,6.5,144
Talas,2025-04-17,01:00,2025-04-17T01:00,5.1,0,0,0,1.7,5.8,162
Talas,2025-04-17,02:00,2025-04-17T02:00,4.5,0,0,0,1.5,4.3,159
Talas,2025-04-17,03:00,2025-04-17T03:00,4.1,0,0,0,1.3,4,172
Talas,2025-04-17,04:00,2025-04-17T04:00,3.8,0,0,0,2.5,6.5,135
Talas,2025-04-17,05:00,2025-04-17T05:00,3.5,0,0,0,1.6,6.1,153
Talas,2025-04-17,06:00,2025-04-17T06:00,3,0,0,0,1.2,4.3,153
Talas,2025-04-17,07:00,2025-04-17T07:00,4.4,0,0,0,3.3,6.5,158
Talas,2025-04-17,08:00,2025-04-17T08:00,7.7,0,0,0,2.8,9.4,215
Talas,2025-04-17,09:00,2025-04-17T09:00,9.4,0,0,0,1.7,11.9,302
Talas,2025-04-17,10:00,2025-04-17T10:00,11.2,0,0,0,1.2,13.3,321
Talas,2025-04-17,11:00,2025-04-17T11:00,13.1,0,0,0,2.3,15.8,309
Talas,2025-04-17,12:00,2025-04-17T12:00,14.7,0,0,0,3.1,17.6,294
Talas,2025-04-17,13:00,2025-04-17T13:00,16.1,0,0,0,3.5,18,305
Talas,2025-04-17,14:00,2025-04-17T14:00,17.1,0,0,0,5,19.8,322
Talas,2025-04-17,15:00,2025-04-17T15:00,17.6,0,0,0,6.9,22,321
Talas,2025-04-17,16:00,2025-04-17T16:00,18,0,0,0,8.3,23.8,321
Talas,2025-04-17,17:00,2025-04-17T17:00,17.6,0,0,0,6.8,23,310
Talas,2025-04-17,18:00,2025-04-17T18:00,16.5,0,0,0,3.7,18.4,284
Talas,2025-04-17,19:00,2025-04-17T19:00,13.3,0,0,0,3.8,10.1,225
Talas,2025-04-17,20:00,2025-04-17T20:00,11.2,0,0,0,4.9,8.3,197
Talas,2025-04-17,21:00,2025-04-17T21:00,10.7,0,0,0,6.3,13.7,185
Talas,2025-04-17,22:00,2025-04-17T22:00,9.4,0,0,0,7.2,16.6,180
Talas,2025-04-17,23:00,2025-04-17T23:00,9,0,0,0,6.3,16.6,177
Talas,2025-04-18,00:00,2025-04-18T00:00,8.6,0,0,0,5,14.8,178
Talas,2025-04-18,01:00,2025-04-18T01:00,8,0,0,0,4.1,11.9,178
Talas,2025-04-18,02:00,2025-04-18T02:00,7.5,0,0,0,3.8,10.1,172
Talas,2025-04-18,03:00,2025-04-18T03:00,7.3,0,0,0,3.6,9.4,171
Talas,2025-04-18,04:00,2025-04-18T04:00,8,0,0,0,2.9,6.8,180
Talas,2025-04-18,05:00,2025-04-18T05:00,7.8,0,0,0,3.1,6.5,177
Talas,2025-04-18,06:00,2025-04-18T06:00,7.6,0,0,0,2.9,6.5,176
Talas,2025-04-18,07:00,2025-04-18T07:00,9.2,0,0,0,3.3,7.2,174
Talas,2025-04-18,08:00,2025-04-18T08:00,12.3,0,0,0,3.8,9.7,183
Talas,2025-04-18,09:00,2025-04-18T09:00,14.6,0,0,0,1.3,11.2,56
Talas,2025-04-18,10:00,2025-04-18T10:00,16.2,0,0,0,3.3,15.8,354
Talas,2025-04-18,11:00,2025-04-18T11:00,17.6,0,0,0,5.7,20.2,342
Talas,2025-04-18,12:00,2025-04-18T12:00,18.8,0,0,0,7.3,23,332
Talas,2025-04-18,13:00,2025-04-18T13:00,19.6,0,0,0,9.3,26.6,331
Talas,2025-04-18,14:00,2025-04-18T14:00,20,0,0,0,9.6,27,330
Talas,2025-04-18,15:00,2025-04-18T15:00,20.4,0,0,0,9,26.3,327
Talas,2025-04-18,16:00,2025-04-18T16:00,20.5,0,0,0,10.7,27.7,325
Talas,2025-04-18,17:00,2025-04-18T17:00,20.1,0,0,0,7.4,26.3,321
Talas,2025-04-18,18:00,2025-04-18T18:00,19.1,0,0,0,0.4,18,90
Talas,2025-04-18,19:00,2025-04-18T19:00,15.5,0,0,0,4.1,6.8,151
Talas,2025-04-18,20:00,2025-04-18T20:00,13.1,0,0,0,6.5,15.1,166
Talas,2025-04-18,21:00,2025-04-18T21:00,10.2,0,0,0,5.9,16.6,166
Talas,2025-04-18,22:00,2025-04-18T22:00,9.1,0,0,0,7.2,18.7,168
Talas,2025-04-18,23:00,2025-04-18T23:00,8.2,0,0,0,5.5,18.7,167
Talas,2025-04-19,00:00,2025-04-19T00:00,7.2,0,0,0,6.1,18,166
Talas,2025-04-19,01:00,2025-04-19T01:00,7,0,0,0,7.2,19.8,166
Talas,2025-04-19,02:00,2025-04-19T02:00,7.2,0,0,0,6.8,19.8,168
Talas,2025-04-19,03:00,2025-04-19T03:00,7.2,0,0,0,6.6,18.7,171
Talas,2025-04-19,04:00,2025-04-19T04:00,7.3,0,0,0,5.5,17.3,167
Talas,2025-04-19,05:00,2025-04-19T05:00,7.3,0,0,0,5.2,16.6,166
Talas,2025-04-19,06:00,2025-04-19T06:00,7.6,0,0,0,5.8,16.2,164
Talas,2025-04-19,07:00,2025-04-19T07:00,9.6,0,0,0,6,16.2,164
Talas,2025-04-19,08:00,2025-04-19T08:00,14.2,0,0,0,5.6,14.8,153
Talas,2025-04-19,09:00,2025-04-19T09:00,17.9,0,0,0,4,13.7,54
Talas,2025-04-19,10:00,2025-04-19T10:00,19.1,0,0,0,8.4,23.8,19
Talas,2025-04-19,11:00,2025-04-19T11:00,19.3,0,0,0,1.7,25.9,18
Talas,2025-04-19,12:00,2025-04-19T12:00,21.8,0,0,0,8.9,23.8,130
Talas,2025-04-19,13:00,2025-04-19T13:00,22.8,0,0,0,8.9,27.4,119
Talas,2025-04-19,14:00,2025-04-19T14:00,16.3,0.4,0.4,0,13.5,41.8,268
Talas,2025-04-19,15:00,2025-04-19T15:00,16,2,2,0,4.2,29.9,211
Talas,2025-04-19,16:00,2025-04-19T16:00,17.9,0,0,0,3.1,23,234
Talas,2025-04-19,17:00,2025-04-19T17:00,16.1,0.3,0.3,0,8.6,22.7,90
Talas,2025-04-19,18:00,2025-04-19T18:00,17.1,0,0,0,9.7,27.7,118
Talas,2025-04-19,19:00,2025-04-19T19:00,14.3,0,0,0,3.3,20.2,135
Talas,2025-04-19,20:00,2025-04-19T20:00,11.7,0,0,0,3.9,7.9,152
Talas,2025-04-19,21:00,2025-04-19T21:00,11.3,0,0,0,7.3,16.9,163
Talas,2025-04-19,22:00,2025-04-19T22:00,10.1,0,0,0,9.3,21.2,165
Talas,2025-04-19,23:00,2025-04-19T23:00,9.2,0,0,0,10.1,23,164
Talas,2025-04-20,00:00,2025-04-20T00:00,8.7,0,0,0,9.7,23,162
Talas,2025-04-20,01:00,2025-04-20T01:00,8,0,0,0,8.9,22,161
Talas,2025-04-20,02:00,2025-04-20T02:00,7.4,0,0,0,8.3,20.9,162
Talas,2025-04-20,03:00,2025-04-20T03:00,6.9,0,0,0,7.5,20.2,163
Talas,2025-04-20,04:00,2025-04-20T04:00,6.2,0,0,0,5.1,16.6,163
Talas,2025-04-20,05:00,2025-04-20T05:00,6.4,0,0,0,4.9,14.4,163
Talas,2025-04-20,06:00,2025-04-20T06:00,6.3,0,0,0,4.8,14.4,165
Talas,2025-04-20,07:00,2025-04-20T07:00,8,0,0,0,3.3,14,174
Talas,2025-04-20,08:00,2025-04-20T08:00,12.5,0,0,0,2.2,10.1,360
Talas,2025-04-20,09:00,2025-04-20T09:00,14.3,0,0,0,7.4,20.9,4
Talas,2025-04-20,10:00,2025-04-20T10:00,15.5,0,0,0,10.6,28.1,9
Talas,2025-04-20,11:00,2025-04-20T11:00,17,0,0,0,12.3,32,357
Talas,2025-04-20,12:00,2025-04-20T12:00,18,0.1,0.1,0,13.5,34.9,346
Talas,2025-04-20,13:00,2025-04-20T13:00,18.8,0.1,0.1,0,13.9,35.6,346
Talas,2025-04-20,14:00,2025-04-20T14:00,19.6,0.1,0.1,0,11.8,35.3,332
Talas,2025-04-20,15:00,2025-04-20T15:00,19.7,0.1,0.1,0,12.1,31.3,319
Talas,2025-04-20,16:00,2025-04-20T16:00,19.2,0.1,0.1,0,11.9,32,325
Talas,2025-04-20,17:00,2025-04-20T17:00,18.7,0,0,0,9.5,29.5,339
Talas,2025-04-20,18:00,2025-04-20T18:00,17.7,0,0,0,1.7,23,32
Talas,2025-04-20,19:00,2025-04-20T19:00,15.4,0,0,0,8.6,14,168
Talas,2025-04-20,20:00,2025-04-20T20:00,13.6,0,0,0,3,18,194
Talas,2025-04-20,21:00,2025-04-20T21:00,11.6,0,0,0,2,6.5,190
Talas,2025-04-20,22:00,2025-04-20T22:00,10.6,0,0,0,3.3,8.3,167
Talas,2025-04-20,23:00,2025-04-20T23:00,9.5,0,0,0,3.5,9.7,168
Talas,2025-04-21,00:00,2025-04-21T00:00,8.7,0,0,0,3.5,9.7,168
Talas,2025-04-21,01:00,2025-04-21T01:00,8.1,0,0,0,2.8,9.7,169
Talas,2025-04-21,02:00,2025-04-21T02:00,7.5,0,0,0,2.6,8.6,168
Talas,2025-04-21,03:00,2025-04-21T03:00,7.3,0,0,0,2.4,7.2,171
Talas,2025-04-21,04:00,2025-04-21T04:00,8.4,0,0,0,0.6,3.6,198
Talas,2025-04-21,05:00,2025-04-21T05:00,7.9,0,0,0,0.9,3.6,191
Talas,2025-04-21,06:00,2025-04-21T06:00,7.6,0,0,0,0.5,3.6,180
Talas,2025-04-21,07:00,2025-04-21T07:00,9.3,0,0,0,1.1,2.9,171
Talas,2025-04-21,08:00,2025-04-21T08:00,11.9,0,0,0,0.9,7.6,11
Talas,2025-04-21,09:00,2025-04-21T09:00,13.8,0,0,0,3.4,14.8,360
Talas,2025-04-21,10:00,2025-04-21T10:00,15.5,0,0,0,6,20.5,3
Talas,2025-04-21,11:00,2025-04-21T11:00,16.9,0,0,0,7.8,24.5,353
Talas,2025-04-21,12:00,2025-04-21T12:00,17.8,0,0,0,9.5,27.7,339
Talas,2025-04-21,13:00,2025-04-21T13:00,18.6,0,0,0,9.1,27.7,324
Talas,2025-04-21,14:00,2025-04-21T14:00,19.2,0,0,0,9.4,27,322
Talas,2025-04-21,15:00,2025-04-21T15:00,19.6,0,0,0,9.1,27.4,326
Talas,2025-04-21,16:00,2025-04-21T16:00,19.7,0,0,0,7.5,22,310
Talas,2025-04-21,17:00,2025-04-21T17:00,19.4,0,0,0,8.8,22.7,325
Talas,2025-04-21,18:00,2025-04-21T18:00,18,0,0,0,8.8,23.4,351
Talas,2025-04-21,19:00,2025-04-21T19:00,15.1,0,0,0,2.4,19.8,103
Talas,2025-04-21,20:00,2025-04-21T20:00,13.2,0,0,0,4.9,10.8,163
Talas,2025-04-21,21:00,2025-04-21T21:00,11.6,0,0,0,5.4,13.7,166
Talas,2025-04-21,22:00,2025-04-21T22:00,9.8,0,0,0,6,15.8,170
Talas,2025-04-21,23:00,2025-04-21T23:00,9,0,0,0,6.4,16.9,170
Talas,2025-04-22,00:00,2025-04-22T00:00,8.7,0,0,0,6.4,16.9,170
Talas,2025-04-22,01:00,2025-04-22T01:00,8.5,0,0,0,6,16.6,171
Talas,2025-04-22,02:00,2025-04-22T02:00,8.3,0,0,0,5.2,16.2,176
Talas,2025-04-22,03:00,2025-04-22T03:00,8.4,0,0,0,4.5,15.1,178
Talas,2025-04-22,04:00,2025-04-22T04:00,9,0,0,0,4.5,13.3,173
Talas,2025-04-22,05:00,2025-04-22T05:00,8.9,0,0,0,4.4,12.6,171
Talas,2025-04-22,06:00,2025-04-22T06:00,9,0,0,0,5.5,13.7,169
Talas,2025-04-22,07:00,2025-04-22T07:00,10.7,0,0,0,8,16.9,171
Talas,2025-04-22,08:00,2025-04-22T08:00,14.1,0.1,0.1,0,7.8,19.4,175
Talas,2025-04-22,09:00,2025-04-22T09:00,17.1,0.2,0.2,0,3.7,15.1,119
Talas,2025-04-22,10:00,2025-04-22T10:00,19.5,0,0,0,5.8,19.4,54
Talas,2025-04-22,11:00,2025-04-22T11:00,19.8,0,0,0,2.3,21.2,238
Talas,2025-04-22,12:00,2025-04-22T12:00,19.6,0,0,0,7.7,24.8,342
Talas,2025-04-22,13:00,2025-04-22T13:00,20,0,0,0,12.7,33.8,33
Talas,2025-04-22,14:00,2025-04-22T14:00,19.5,0,0,0,6,33.1,303
Talas,2025-04-22,15:00,2025-04-22T15:00,19.4,0,0,0,7.1,21.2,21
Talas,2025-04-22,16:00,2025-04-22T16:00,21.3,0,0,0,14.1,30.6,163
Talas,2025-04-22,17:00,2025-04-22T17:00,21.3,0,0,0,8.3,30.2,153
Talas,2025-04-22,18:00,2025-04-22T18:00,20,0.3,0.3,0,6.8,18,48
Talas,2025-04-22,19:00,2025-04-22T19:00,16.7,0.1,0.1,0,5.3,16.9,102
Talas,2025-04-22,20:00,2025-04-22T20:00,14.9,0.3,0.3,0,5.5,12.2,167
Talas,2025-04-22,21:00,2025-04-22T21:00,12.3,0,0,0,8.3,17.6,176
Talas,2025-04-22,22:00,2025-04-22T22:00,11.1,0,0,0,6.4,19.4,172
Talas,2025-04-22,23:00,2025-04-22T23:00,10.2,0,0,0,5.6,16.6,180
Talas,2025-04-23,00:00,2025-04-23T00:00,9.6,0,0,0,4,15.5,162
Talas,2025-04-23,01:00,2025-04-23T01:00,9.2,0,0,0,5.4,15.5,165
Talas,2025-04-23,02:00,2025-04-23T02:00,9.7,0,0,0,7.5,18.4,163
Talas,2025-04-23,03:00,2025-04-23T03:00,9.4,0,0,0,6.4,18.4,172
Talas,2025-04-23,04:00,2025-04-23T04:00,9.8,0,0,0,5.6,14.4,195
Talas,2025-04-23,05:00,2025-04-23T05:00,10,0.1,0.1,0,8.3,23.4,174
Talas,2025-04-23,06:00,2025-04-23T06:00,9,0,0,0,4.4,18.4,161
Talas,2025-04-23,07:00,2025-04-23T07:00,10.4,0,0,0,2.9,11.2,180
Talas,2025-04-23,08:00,2025-04-23T08:00,14,0,0,0,1.5,9,60
Talas,2025-04-23,09:00,2025-04-23T09:00,16,0,0,0,5.1,16.6,343
Talas,2025-04-23,10:00,2025-04-23T10:00,17,0,0,0,7.2,22.3,348
Talas,2025-04-23,11:00,2025-04-23T11:00,18.5,0,0,0,6.6,22.7,339
Talas,2025-04-23,12:00,2025-04-23T12:00,19.8,0,0,0,6.1,28.8,341
Talas,2025-04-23,13:00,2025-04-23T13:00,19.3,0,0,0,10.2,26.6,239
Talas,2025-04-23,14:00,2025-04-23T14:00,20,0.1,0.1,0,5.8,26.6,74
Talas,2025-04-23,15:00,2025-04-23T15:00,19.2,0,0,0,5.2,26.3,286
Talas,2025-04-23,16:00,2025-04-23T16:00,21.6,0.1,0.1,0,5,20.9,92
Talas,2025-04-23,17:00,2025-04-23T17:00,21.2,0.3,0.3,0,5.3,18.7,45
Talas,2025-04-23,18:00,2025-04-23T18:00,19.8,0,0,0,10.2,21.2,73
Talas,2025-04-23,19:00,2025-04-23T19:00,17.1,0,0,0,6.7,22.7,110
Talas,2025-04-23,20:00,2025-04-23T20:00,14.8,0,0,0,8.9,16.9,162
Talas,2025-04-23,21:00,2025-04-23T21:00,12.7,0,0,0,8.5,21.2,167
Talas,2025-04-23,22:00,2025-04-23T22:00,11.4,0,0,0,7.9,19.1,169
Talas,2025-04-23,23:00,2025-04-23T23:00,10.9,0,0,0,8.5,22,176
Talas,2025-04-24,00:00,2025-04-24T00:00,10.1,0,0,0,4,18.7,159
Talas,2025-04-24,01:00,2025-04-24T01:00,10.2,0,0,0,4.2,15.8,173
Talas,2025-04-24,02:00,2025-04-24T02:00,9.2,0,0,0,3.4,10.8,227
Talas,2025-04-24,03:00,2025-04-24T03:00,8.9,0,0,0,2.9,7.2,150
Talas,2025-04-24,04:00,2025-04-24T04:00,9.4,0,0,0,5.9,12.2,160
Talas,2025-04-24,05:00,2025-04-24T05:00,8.7,0,0,0,4.1,13,157
Talas,2025-04-24,06:00,2025-04-24T06:00,8.2,0,0,0,2.8,10.1,165
Talas,2025-04-24,07:00,2025-04-24T07:00,10.9,0,0,0,3.1,7.6,170
Talas,2025-04-24,08:00,2025-04-24T08:00,14.4,0,0,0,2.5,10.1,111
Talas,2025-04-24,09:00,2025-04-24T09:00,17.1,0,0,0,2.8,14.4,50
Talas,2025-04-24,10:00,2025-04-24T10:00,18.9,0.1,0.1,0,2.9,16.9,30
Talas,2025-04-24,11:00,2025-04-24T11:00,20.3,0.3,0.3,0,4,19.1,21
Talas,2025-04-24,12:00,2025-04-24T12:00,21.2,0,0,0,4.6,20.5,31
Talas,2025-04-24,13:00,2025-04-24T13:00,21.9,0,0,0,4,20.5,95
Talas,2025-04-24,14:00,2025-04-24T14:00,21.9,0,0,0,9.5,24.1,147
Talas,2025-04-24,15:00,2025-04-24T15:00,21,0,0,0,14.1,31,161
Talas,2025-04-24,16:00,2025-04-24T16:00,20.9,0,0,0,17.3,36.7,149
Talas,2025-04-24,17:00,2025-04-24T17:00,19.2,0,0,0,25.2,51.1,157
Talas,2025-04-24,18:00,2025-04-24T18:00,17.2,0,0,0,25.3,56.2,161
Talas,2025-04-24,19:00,2025-04-24T19:00,15.6,0,0,0,21.2,51.1,166
Talas,2025-04-24,20:00,2025-04-24T20:00,14.6,0,0,0,17.8,44.3,172
Talas,2025-04-24,21:00,2025-04-24T21:00,14.3,0,0,0,15.7,38.2,176
Talas,2025-04-24,22:00,2025-04-24T22:00,13.2,0,0,0,7,32.4,154
Talas,2025-04-24,23:00,2025-04-24T23:00,12.2,0,0,0,3.8,15.5,177
Talas,2025-04-25,00:00,2025-04-25T00:00,11.8,0,0,0,0.9,6.1,127
Talas,2025-04-25,01:00,2025-04-25T01:00,11.2,0,0,0,3.6,7.6,135
Talas,2025-04-25,02:00,2025-04-25T02:00,10.9,0,0,0,10.1,20.5,149
Talas,2025-04-25,03:00,2025-04-25T03:00,10.8,0,0,0,8.2,21.2,151
Talas,2025-04-25,04:00,2025-04-25T04:00,8.9,0,0,0,5.2,13,117
Talas,2025-04-25,05:00,2025-04-25T05:00,8.7,0.5,0.5,0,4.5,11.2,124
Talas,2025-04-25,06:00,2025-04-25T06:00,9.1,0,0,0,7.4,14,146
Talas,2025-04-25,07:00,2025-04-25T07:00,10.3,0,0,0,8.5,14.8,153
Talas,2025-04-25,08:00,2025-04-25T08:00,12.1,0,0,0,8.5,19.1,136
Talas,2025-04-25,09:00,2025-04-25T09:00,13.4,0,0,0,8.9,28.4,133
Talas,2025-04-25,10:00,2025-04-25T10:00,14.9,0,0,0,4.1,27.4,131
Talas,2025-04-25,11:00,2025-04-25T11:00,16.7,0.2,0.2,0,1.2,21.2,153
Talas,2025-04-25,12:00,2025-04-25T12:00,15.7,0,0,0,4.2,23.4,170
Talas,2025-04-25,13:00,2025-04-25T13:00,16.5,0,0,0,9.8,23.8,218
Talas,2025-04-25,14:00,2025-04-25T14:00,17.6,0.1,0.1,0,12.8,27.4,232
Talas,2025-04-25,15:00,2025-04-25T15:00,17.5,0,0,0,8.2,28.1,256
Talas,2025-04-25,16:00,2025-04-25T16:00,17.2,0.2,0.2,0,18.6,40.3,276
Talas,2025-04-25,17:00,2025-04-25T17:00,16,0,0,0,15.4,41,299
Talas,2025-04-25,18:00,2025-04-25T18:00,15.4,0.3,0.3,0,12.6,33.5,297
Talas,2025-04-25,19:00,2025-04-25T19:00,13.3,0.5,0.5,0,0.5,26.3,90
Talas,2025-04-25,20:00,2025-04-25T20:00,11.8,0.3,0.3,0,7.2,16.9,145
Talas,2025-04-25,21:00,2025-04-25T21:00,11,0.1,0.1,0,6.7,18,160
Talas,2025-04-25,22:00,2025-04-25T22:00,9.4,0,0,0,4.8,13.7,169
Talas,2025-04-25,23:00,2025-04-25T23:00,8.2,0,0,0,4.1,11.2,167
Talas,2025-04-26,00:00,2025-04-26T00:00,7.6,0,0,0,3.6,10.4,174
Talas,2025-04-26,01:00,2025-04-26T01:00,7.3,0,0,0,3.9,9.7,167
Talas,2025-04-26,02:00,2025-04-26T02:00,7,0.3,0.3,0,4,10.4,172
Talas,2025-04-26,03:00,2025-04-26T03:00,6.6,0.1,0.1,0,4.6,10.4,171
Talas,2025-04-26,04:00,2025-04-26T04:00,7.2,0.1,0.1,0,1.9,4.7,163
Talas,2025-04-26,05:00,2025-04-26T05:00,7.9,0.2,0.2,0,3.5,7.6,129
Talas,2025-04-26,06:00,2025-04-26T06:00,8.4,1.2,1.2,0,1.1,7.9,108
Talas,2025-04-26,07:00,2025-04-26T07:00,8.8,1.8,1.8,0,1.2,6.8,63
Talas,2025-04-26,08:00,2025-04-26T08:00,9.5,2,2,0,1.7,7.9,288
Talas,2025-04-26,09:00,2025-04-26T09:00,11,0,0,0,2.8,12.2,288
Talas,2025-04-26,10:00,2025-04-26T10:00,12.7,0.1,0.1,0,8,22,312
Talas,2025-04-26,11:00,2025-04-26T11:00,13,0.4,0.4,0,10.5,28.1,338
Talas,2025-04-26,12:00,2025-04-26T12:00,13.5,0.8,0.8,0,7.2,28.1,19
Talas,2025-04-26,13:00,2025-04-26T13:00,13,3.7,3.7,0,10.7,27.4,37
Talas,2025-04-26,14:00,2025-04-26T14:00,12.8,1.9,1.9,0,8.8,28.1,23
Talas,2025-04-26,15:00,2025-04-26T15:00,12.9,0.6,0.6,0,9.5,30.6,36
Talas,2025-04-26,16:00,2025-04-26T16:00,14.6,0,0,0,10.9,29.2,322
Talas,2025-04-26,17:00,2025-04-26T17:00,14.3,0,0,0,9.8,29.2,314
Talas,2025-04-26,18:00,2025-04-26T18:00,14.1,0,0,0,8.1,25.2,299
Talas,2025-04-26,19:00,2025-04-26T19:00,12.1,0,0,0,4.9,19.4,298
Talas,2025-04-26,20:00,2025-04-26T20:00,10.5,0,0,0,1.1,11.9,252
Talas,2025-04-26,21:00,2025-04-26T21:00,9.1,0,0,0,1.9,6.1,158
Talas,2025-04-26,22:00,2025-04-26T22:00,8.1,0,0,0,3.8,9,172
Talas,2025-04-26,23:00,2025-04-26T23:00,7,0,0,0,4.7,11.9,176
Talas,2025-04-27,00:00,2025-04-27T00:00,6.3,0,0,0,6,14.8,175
Talas,2025-04-27,01:00,2025-04-27T01:00,6,0,0,0,3.6,14,171
Talas,2025-04-27,02:00,2025-04-27T02:00,6.2,0,0,0,3.4,10.4,177
Talas,2025-04-27,03:00,2025-04-27T03:00,6,0,0,0,3.1,9,170
Talas,2025-04-27,04:00,2025-04-27T04:00,6.7,0,0,0,3.8,8.6,191
Talas,2025-04-27,05:00,2025-04-27T05:00,7,0,0,0,1.8,7.9,180
Talas,2025-04-27,06:00,2025-04-27T06:00,7,0,0,0,1.3,5,172
Talas,2025-04-27,07:00,2025-04-27T07:00,9,0,0,0,1,4.7,135
Talas,2025-04-27,08:00,2025-04-27T08:00,10.9,0,0,0,1.1,9,270
Talas,2025-04-27,09:00,2025-04-27T09:00,12.6,0,0,0,2.8,14.8,325
Talas,2025-04-27,10:00,2025-04-27T10:00,13.9,0,0,0,5.4,19.8,339
Talas,2025-04-27,11:00,2025-04-27T11:00,14.8,0,0,0,6.8,23,343
Talas,2025-04-27,12:00,2025-04-27T12:00,15.7,0,0,0,5.2,23.4,326
Talas,2025-04-27,13:00,2025-04-27T13:00,16.3,0,0,0,4.5,20.5,326
Talas,2025-04-27,14:00,2025-04-27T14:00,17.2,0,0,0,6.4,22,331
Talas,2025-04-27,15:00,2025-04-27T15:00,17.2,0,0,0,4.2,23,317
Talas,2025-04-27,16:00,2025-04-27T16:00,16.7,0,0,0,8,23.4,335
Talas,2025-04-27,17:00,2025-04-27T17:00,16.5,0,0,0,7.1,24.1,315
Talas,2025-04-27,18:00,2025-04-27T18:00,15.7,0.1,0.1,0,7.5,20.5,343
Talas,2025-04-27,19:00,2025-04-27T19:00,13.5,0,0,0,5.8,19.4,2
Talas,2025-04-27,20:00,2025-04-27T20:00,11.6,0,0,0,2.3,14.4,4
Talas,2025-04-27,21:00,2025-04-27T21:00,10.1,0,0,0,4,9.7,108
Talas,2025-04-27,22:00,2025-04-27T22:00,8.9,0,0,0,4.4,10.4,150
Talas,2025-04-27,23:00,2025-04-27T23:00,8.2,0,0,0,4.1,10.8,157
Talas,2025-04-28,00:00,2025-04-28T00:00,8.2,0,0,0,2.4,10.1,99
Talas,2025-04-28,01:00,2025-04-28T01:00,7.3,0,0,0,2,8.3,100
Talas,2025-04-28,02:00,2025-04-28T02:00,6.4,0,0,0,2.1,7.6,110
Talas,2025-04-28,03:00,2025-04-28T03:00,5.8,0,0,0,1.8,7.6,135
Talas,2025-04-28,04:00,2025-04-28T04:00,5.9,0,0,0,1.1,6.1,108
Talas,2025-04-28,05:00,2025-04-28T05:00,5.7,0,0,0,1.1,6.1,108
Talas,2025-04-28,06:00,2025-04-28T06:00,5.7,0,0,0,1.3,6.1,74
Talas,2025-04-28,07:00,2025-04-28T07:00,6.9,0,0,0,6.5,15.5,60
Talas,2025-04-28,08:00,2025-04-28T08:00,8.3,0,0,0,9.1,22.3,63
Talas,2025-04-28,09:00,2025-04-28T09:00,10.1,0,0,0,9.9,26.3,58
Talas,2025-04-28,10:00,2025-04-28T10:00,11.9,0,0,0,10.8,29.9,52
Talas,2025-04-28,11:00,2025-04-28T11:00,13.6,0,0,0,11.4,31.7,41
Talas,2025-04-28,12:00,2025-04-28T12:00,14.9,0,0,0,11.5,31.7,25
Talas,2025-04-28,13:00,2025-04-28T13:00,16,0,0,0,10.1,32.8,27
Talas,2025-04-28,14:00,2025-04-28T14:00,16.2,0,0,0,8.6,30.2,16
Talas,2025-04-28,15:00,2025-04-28T15:00,16.7,0,0,0,9.3,27,10
Talas,2025-04-28,16:00,2025-04-28T16:00,16.9,0,0,0,9.8,29.2,17
Talas,2025-04-28,17:00,2025-04-28T17:00,17.2,0,0,0,9.3,26.6,46
Talas,2025-04-28,18:00,2025-04-28T18:00,15.4,0,0,0,15.3,33.8,46
Talas,2025-04-28,19:00,2025-04-28T19:00,12.7,0,0,0,10.5,33.8,57
Talas,2025-04-28,20:00,2025-04-28T20:00,10.1,0,0,0,6.5,23.8,77
Talas,2025-04-28,21:00,2025-04-28T21:00,8.2,0,0,0,4.5,15.5,95
Talas,2025-04-28,22:00,2025-04-28T22:00,7.3,0,0,0,4.6,11.5,81
Talas,2025-04-28,23:00,2025-04-28T23:00,6.8,0,0,0,3.5,11.2,75
Talas,2025-04-29,00:00,2025-04-29T00:00,6.2,0,0,0,2.1,9.4,75
Talas,2025-04-29,01:00,2025-04-29T01:00,5.6,0,0,0,1.1,6.8,81
Talas,2025-04-29,02:00,2025-04-29T02:00,4.8,0,0,0,0.8,5,135
Talas,2025-04-29,03:00,2025-04-29T03:00,4.3,0,0,0,0.6,4.3,162
Talas,2025-04-29,04:00,2025-04-29T04:00,4.3,0,0,0,0.6,5.4,108
Talas,2025-04-29,05:00,2025-04-29T05:00,3.9,0,0,0,0.2,3.2,180
Talas,2025-04-29,06:00,2025-04-29T06:00,3.6,0,0,0,0.4,2.9,180
Talas,2025-04-29,07:00,2025-04-29T07:00,5.9,0,0,0,2.2,6.8,256
Talas,2025-04-29,08:00,2025-04-29T08:00,7.1,3.6,3.6,0,1,10.1,315
Talas,2025-04-29,09:00,2025-04-29T09:00,7.7,4.7,4.7,0,3.2,11.5,27
Talas,2025-04-29,10:00,2025-04-29T10:00,10.7,1.3,1.3,0,2,12.2,45
Talas,2025-04-29,11:00,2025-04-29T11:00,12.2,2.7,2.7,0,3,13.7,52
Talas,2025-04-29,12:00,2025-04-29T12:00,11.4,3.7,3.7,0,6.3,18,5
Talas,2025-04-29,13:00,2025-04-29T13:00,13.2,0.3,0.3,0,4.6,19.4,51
Talas,2025-04-29,14:00,2025-04-29T14:00,13.9,0.1,0.1,0,9.8,25.6,17
Talas,2025-04-29,15:00,2025-04-29T15:00,14.7,0.1,0.1,0,12.3,33.1,18
Talas,2025-04-29,16:00,2025-04-29T16:00,14.2,0,0,0,3.6,20.5,127
Talas,2025-04-29,17:00,2025-04-29T17:00,14.7,0,0,0,6.7,15.1,156
Talas,2025-04-29,18:00,2025-04-29T18:00,13.4,0.4,0.4,0,6,16.2,279
Talas,2025-04-29,19:00,2025-04-29T19:00,11,2.1,2.1,0,1,17.3,31
Talas,2025-04-29,20:00,2025-04-29T20:00,10,0,0,0,3.1,9,152
Talas,2025-04-29,21:00,2025-04-29T21:00,9.6,0,0,0,1.4,9,180
Talas,2025-04-29,22:00,2025-04-29T22:00,9.5,0,0,0,2.8,8.3,145
Talas,2025-04-29,23:00,2025-04-29T23:00,8.8,0,0,0,1.7,7.6,162
Talas,2025-04-30,00:00,2025-04-30T00:00,8.3,0,0,0,2.2,5.8,171
Talas,2025-04-30,01:00,2025-04-30T01:00,7.5,0,0,0,1.7,5.4,167
Talas,2025-04-30,02:00,2025-04-30T02:00,7.1,0,0,0,0.7,4.7,180
Talas,2025-04-30,03:00,2025-04-30T03:00,7.2,0,0,0,1,2.9,202
Talas,2025-04-30,04:00,2025-04-30T04:00,7.1,0,0,0,0.7,6.1,104
Talas,2025-04-30,05:00,2025-04-30T05:00,6.5,0,0,0,1,3.6,149
Talas,2025-04-30,06:00,2025-04-30T06:00,6.6,0,0,0,1.5,4.7,135
Talas,2025-04-30,07:00,2025-04-30T07:00,8.9,0,0,0,1.8,5.4,143
Talas,2025-04-30,08:00,2025-04-30T08:00,10.9,0,0,0,1.9,8.6,331
Talas,2025-04-30,09:00,2025-04-30T09:00,13.3,0,0,0,4.2,16.2,20
Talas,2025-04-30,10:00,2025-04-30T10:00,15.9,0,0,0,5.4,21.2,48
Talas,2025-04-30,11:00,2025-04-30T11:00,17.7,0.1,0.1,0,6.5,23.4,46
Talas,2025-04-30,12:00,2025-04-30T12:00,19.2,0.1,0.1,0,8.1,23.8,107
Talas,2025-04-30,13:00,2025-04-30T13:00,19.7,0,0,0,10.3,25.2,142
Talas,2025-04-30,14:00,2025-04-30T14:00,19.8,0,0,0,6.8,25.2,162
Talas,2025-04-30,15:00,2025-04-30T15:00,20.1,0,0,0,1.3,18.4,214
Talas,2025-04-30,16:00,2025-04-30T16:00,21.3,0,0,0,6.8,21.6,112
Talas,2025-04-30,17:00,2025-04-30T17:00,20.1,0,0,0,8.3,21.2,175
Talas,2025-04-30,18:00,2025-04-30T18:00,18.7,0.1,0.1,0,1.6,16.2,243
Talas,2025-04-30,19:00,2025-04-30T19:00,15.2,0.1,0.1,0,2.2,10.8,265
Talas,2025-04-30,20:00,2025-04-30T20:00,12.8,0,0,0,0.7,4,104
Talas,2025-04-30,21:00,2025-04-30T21:00,11.3,0,0,0,4.6,11.2,149
Talas,2025-04-30,22:00,2025-04-30T22:00,10.4,0,0,0,6.5,16.9,156
Talas,2025-04-30,23:00,2025-04-30T23:00,10.2,0,0,0,8,19.1,155
Talas,2025-05-01,00:00,2025-05-01T00:00,10.5,0,0,0,8.5,19.8,145
Talas,2025-05-01,01:00,2025-05-01T01:00,11.6,0,0,0,12.6,25.9,163
Talas,2025-05-01,02:00,2025-05-01T02:00,10.6,1.1,1.1,0,5,25.9,142
Talas,2025-05-01,03:00,2025-05-01T03:00,9.9,0.4,0.4,0,3,20.5,166
Talas,2025-05-01,04:00,2025-05-01T04:00,10.6,0.8,0.8,0,4.4,21.6,81
Talas,2025-05-01,05:00,2025-05-01T05:00,10.8,1.7,1.7,0,10.7,22.7,97
Talas,2025-05-01,06:00,2025-05-01T06:00,10.5,0,0,0,13.7,30.2,117
Talas,2025-05-01,07:00,2025-05-01T07:00,11.3,0.4,0.4,0,10.2,31.7,114
Talas,2025-05-01,08:00,2025-05-01T08:00,12.1,0.8,0.8,0,8.5,26.3,117
Talas,2025-05-01,09:00,2025-05-01T09:00,13.6,0.8,0.8,0,11.7,24.5,124
Talas,2025-05-01,10:00,2025-05-01T10:00,14.7,0.7,0.7,0,16.3,33.5,131
Talas,2025-05-01,11:00,2025-05-01T11:00,14.5,1.4,1.4,0,22.5,47.5,141
Talas,2025-05-01,12:00,2025-05-01T12:00,15.6,1.1,1.1,0,21.7,51.8,152
Talas,2025-05-01,13:00,2025-05-01T13:00,15.8,0.7,0.7,0,16.9,46.8,158
Talas,2025-05-01,14:00,2025-05-01T14:00,16.4,0.2,0.2,0,10.8,36.4,154
Talas,2025-05-01,15:00,2025-05-01T15:00,16.3,0.5,0.5,0,9.4,25.6,145
Talas,2025-05-01,16:00,2025-05-01T16:00,15.2,0.2,0.2,0,7.7,22.3,126
Talas,2025-05-01,17:00,2025-05-01T17:00,16.6,0,0,0,10.6,23,145
Talas,2025-05-01,18:00,2025-05-01T18:00,15.8,0,0,0,12.8,29.2,145
Talas,2025-05-01,19:00,2025-05-01T19:00,13.7,0,0,0,8.5,27,138
Talas,2025-05-01,20:00,2025-05-01T20:00,11.3,0,0,0,8.6,19.8,143
Talas,2025-05-01,21:00,2025-05-01T21:00,9.7,0,0,0,10.6,22,159
Talas,2025-05-01,22:00,2025-05-01T22:00,8.4,0,0,0,9.6,22.7,163
Talas,2025-05-01,23:00,2025-05-01T23:00,6.9,0,0,0,7.6,21.2,166
Talas,2025-05-02,00:00,2025-05-02T00:00,6,0,0,0,7.8,19.4,173
Talas,2025-05-02,01:00,2025-05-02T01:00,5.3,0,0,0,6.3,19.1,180
Talas,2025-05-02,02:00,2025-05-02T02:00,4.9,0,0,0,4.9,17.3,186
Talas,2025-05-02,03:00,2025-05-02T03:00,4.6,0,0,0,3.6,15.1,183
Talas,2025-05-02,04:00,2025-05-02T04:00,5,0,0,0,4.5,14,175
Talas,2025-05-02,05:00,2025-05-02T05:00,5,0,0,0,3.8,14.4,172
Talas,2025-05-02,06:00,2025-05-02T06:00,5.2,0,0,0,2.5,12.2,172
Talas,2025-05-02,07:00,2025-05-02T07:00,8.1,0,0,0,2.4,9.7,193
Talas,2025-05-02,08:00,2025-05-02T08:00,11,0,0,0,3.5,11.5,305
Talas,2025-05-02,09:00,2025-05-02T09:00,12.9,0,0,0,5.7,19.1,328
Talas,2025-05-02,10:00,2025-05-02T10:00,14.5,0,0,0,8.8,25.6,334
Talas,2025-05-02,11:00,2025-05-02T11:00,15.5,0,0,0,10.6,29.2,336
Talas,2025-05-02,12:00,2025-05-02T12:00,15,0.6,0.6,0,6.4,30.6,288
Talas,2025-05-02,13:00,2025-05-02T13:00,16.2,0,0,0,6.1,21.6,5
Talas,2025-05-02,14:00,2025-05-02T14:00,17,0,0,0,10.8,30.2,15
Talas,2025-05-02,15:00,2025-05-02T15:00,15.1,1.5,1.5,0,9.8,30.2,229
Talas,2025-05-02,16:00,2025-05-02T16:00,15.5,0,0,0,8.5,25.2,277
Talas,2025-05-02,17:00,2025-05-02T17:00,15.8,0,0,0,6.6,21.2,286
Talas,2025-05-02,18:00,2025-05-02T18:00,14.1,0,0,0,13.1,27,299
Talas,2025-05-02,19:00,2025-05-02T19:00,11.4,1.1,1.1,0,5.1,29.5,247
Talas,2025-05-02,20:00,2025-05-02T20:00,9.3,1.4,1.4,0,0.6,8.3,252
Talas,2025-05-02,21:00,2025-05-02T21:00,9,0,0,0,1.5,6.5,144
Talas,2025-05-02,22:00,2025-05-02T22:00,8,0,0,0,0.4,4.7,153
Talas,2025-05-02,23:00,2025-05-02T23:00,7.2,0,0,0,0.4,2.2,180
Talas,2025-05-03,00:00,2025-05-03T00:00,6.9,0,0,0,0.7,2.2,194
Talas,2025-05-03,01:00,2025-05-03T01:00,6.6,0.1,0.1,0,0.5,2.9,180
Talas,2025-05-03,02:00,2025-05-03T02:00,6.5,0.2,0.2,0,1.2,3.2,141
Talas,2025-05-03,03:00,2025-05-03T03:00,6.6,0,0,0,1.5,4.3,144
Talas,2025-05-03,04:00,2025-05-03T04:00,7.3,0.1,0.1,0,2.2,6.8,175
Talas,2025-05-03,05:00,2025-05-03T05:00,6.6,0,0,0,3.1,6.5,156
Talas,2025-05-03,06:00,2025-05-03T06:00,6.6,0,0,0,2.5,6.5,120
Talas,2025-05-03,07:00,2025-05-03T07:00,8.2,0,0,0,2.3,7.9,119
Talas,2025-05-03,08:00,2025-05-03T08:00,9.4,0,0,0,3.5,13,348
Talas,2025-05-03,09:00,2025-05-03T09:00,11.2,0.1,0.1,0,7.4,22.3,18
Talas,2025-05-03,10:00,2025-05-03T10:00,12.4,0.2,0.2,0,7.7,24.1,30
Talas,2025-05-03,11:00,2025-05-03T11:00,13.4,0.2,0.2,0,6,23.8,46
Talas,2025-05-03,12:00,2025-05-03T12:00,14.8,0,0,0,7.1,23.8,21
Talas,2025-05-03,13:00,2025-05-03T13:00,14.9,0.1,0.1,0,11.2,29.9,11
Talas,2025-05-03,14:00,2025-05-03T14:00,13.7,0.4,0.4,0,9.3,30.2,313
Talas,2025-05-03,15:00,2025-05-03T15:00,13.9,0.2,0.2,0,5.9,24.1,203
Talas,2025-05-03,16:00,2025-05-03T16:00,13.7,0.1,0.1,0,2.4,22,207
Talas,2025-05-03,17:00,2025-05-03T17:00,13.3,0.3,0.3,0,6.9,20.5,203
Talas,2025-05-03,18:00,2025-05-03T18:00,12.3,0.3,0.3,0,3.5,15.1,298
Talas,2025-05-03,19:00,2025-05-03T19:00,10.8,1.5,1.5,0,1.7,11.5,131
Talas,2025-05-03,20:00,2025-05-03T20:00,10,0.7,0.7,0,5.7,9.7,189
Talas,2025-05-03,21:00,2025-05-03T21:00,8.8,0.1,0.1,0,3,9.7,163
Talas,2025-05-03,22:00,2025-05-03T22:00,7.8,0,0,0,1.7,6.8,148
Talas,2025-05-03,23:00,2025-05-03T23:00,7.6,0,0,0,1.7,4.7,148
Talas,2025-05-04,00:00,2025-05-04T00:00,7.5,0,0,0,1.6,5,153
Talas,2025-05-04,01:00,2025-05-04T01:00,7.1,0,0,0,1,4.7,158
Talas,2025-05-04,02:00,2025-05-04T02:00,6.6,0,0,0,0.6,3.6,198
Talas,2025-05-04,03:00,2025-05-04T03:00,6.3,0,0,0,0.7,2.2,194
Talas,2025-05-04,04:00,2025-05-04T04:00,6.4,0.1,0.1,0,0.8,3.6,153
Talas,2025-05-04,05:00,2025-05-04T05:00,6.3,0.1,0.1,0,0.4,3.2,117
Talas,2025-05-04,06:00,2025-05-04T06:00,6.3,0,0,0,0.3,2.9,135
Talas,2025-05-04,07:00,2025-05-04T07:00,7.9,0.5,0.5,0,0.6,2.5,236
Talas,2025-05-04,08:00,2025-05-04T08:00,9.2,0.2,0.2,0,2.7,11.5,360
Talas,2025-05-04,09:00,2025-05-04T09:00,11.1,0,0,0,4.7,16.9,351
Talas,2025-05-04,10:00,2025-05-04T10:00,12.9,0,0,0,7.4,23.4,359
Talas,2025-05-04,11:00,2025-05-04T11:00,13.5,1.7,1.7,0,7.2,26.3,360
Talas,2025-05-04,12:00,2025-05-04T12:00,14.5,0.6,0.6,0,5.5,22.3,337
Talas,2025-05-04,13:00,2025-05-04T13:00,15.6,0.3,0.3,0,10.1,27.7,360
Talas,2025-05-04,14:00,2025-05-04T14:00,14.4,2.8,2.8,0,9.9,31.3,357
Talas,2025-05-04,15:00,2025-05-04T15:00,13,2.4,2.4,0,2.6,25.9,102
Talas,2025-05-04,16:00,2025-05-04T16:00,13.9,0.5,0.5,0,4.1,17.3,360
Talas,2025-05-04,17:00,2025-05-04T17:00,11.8,2.7,2.7,0,7.7,20.5,108
Talas,2025-05-04,18:00,2025-05-04T18:00,11.9,0.5,0.5,0,9.5,26.6,158
Talas,2025-05-04,19:00,2025-05-04T19:00,11.5,0,0,0,0.9,18,90
Talas,2025-05-04,20:00,2025-05-04T20:00,9.3,0,0,0,2.9,5.4,158
Talas,2025-05-04,21:00,2025-05-04T21:00,9.3,0,0,0,1.1,6.8,171
Talas,2025-05-04,22:00,2025-05-04T22:00,9.1,0,0,0,1.5,3.6,150
Talas,2025-05-04,23:00,2025-05-04T23:00,8.3,0,0,0,2.7,5.8,152
Talas,2025-05-05,00:00,2025-05-05T00:00,8.1,0,0,0,1.2,5.8,153
Talas,2025-05-05,01:00,2025-05-05T01:00,7.7,0,0,0,1.1,3.2,171
Talas,2025-05-05,02:00,2025-05-05T02:00,7.6,0,0,0,0.9,2.5,180
Talas,2025-05-05,03:00,2025-05-05T03:00,7.2,0,0,0,0.7,2.9,194
Talas,2025-05-05,04:00,2025-05-05T04:00,7.3,0,0,0,2.2,6.8,194
Talas,2025-05-05,05:00,2025-05-05T05:00,7.2,0,0,0,2.3,4.3,176
Talas,2025-05-05,06:00,2025-05-05T06:00,7.3,0,0,0,2,4.7,153
Talas,2025-05-05,07:00,2025-05-05T07:00,9.8,0,0,0,2.4,4.7,197
Talas,2025-05-05,08:00,2025-05-05T08:00,11.2,0,0,0,2.9,11.2,263
Talas,2025-05-05,09:00,2025-05-05T09:00,12.9,0,0,0,2.2,13.7,284
Talas,2025-05-05,10:00,2025-05-05T10:00,14.6,0,0,0,4.4,18,322
Talas,2025-05-05,11:00,2025-05-05T11:00,15.8,0,0,0,7.8,23,314
Talas,2025-05-05,12:00,2025-05-05T12:00,16.5,0,0,0,11,28.8,308
Talas,2025-05-05,13:00,2025-05-05T13:00,17.5,0,0,0,12.2,31,297
Talas,2025-05-05,14:00,2025-05-05T14:00,17.9,0,0,0,13.1,33.5,297
Talas,2025-05-05,15:00,2025-05-05T15:00,18.3,0,0,0,11.8,33.8,303
Talas,2025-05-05,16:00,2025-05-05T16:00,19.1,0,0,0,9.6,31.7,300
Talas,2025-05-05,17:00,2025-05-05T17:00,18.8,0,0,0,11.4,27.7,327
Talas,2025-05-05,18:00,2025-05-05T18:00,17.7,0,0,0,5.4,26.6,307
Talas,2025-05-05,19:00,2025-05-05T19:00,15.6,0,0,0,5.6,14.8,315
Talas,2025-05-05,20:00,2025-05-05T20:00,14.2,0,0,0,0.7,14,90
Talas,2025-05-05,21:00,2025-05-05T21:00,12.2,0,0,0,3.6,5.8,180
Talas,2025-05-05,22:00,2025-05-05T22:00,11.2,0,0,0,5.3,9.7,190
Talas,2025-05-05,23:00,2025-05-05T23:00,10.5,0,0,0,5.9,10.4,191
Talas,2025-05-06,00:00,2025-05-06T00:00,9.6,0,0,0,5.3,11.2,192
Talas,2025-05-06,01:00,2025-05-06T01:00,8.9,0,0,0,4.9,10.8,188
Talas,2025-05-06,02:00,2025-05-06T02:00,8.6,0,0,0,5.4,12.2,195
Talas,2025-05-06,03:00,2025-05-06T03:00,8.2,0,0,0,3.6,11.9,177
Talas,2025-05-06,04:00,2025-05-06T04:00,8.1,0,0,0,2.6,9.4,168
Talas,2025-05-06,05:00,2025-05-06T05:00,7.3,0,0,0,2.7,8.3,157
Talas,2025-05-06,06:00,2025-05-06T06:00,7.7,0,0,0,3.4,10.4,162
Talas,2025-05-06,07:00,2025-05-06T07:00,9.5,0,0,0,3.1,11.2,156
Talas,2025-05-06,08:00,2025-05-06T08:00,14.1,0,0,0,1.5,9.4,60
Talas,2025-05-06,09:00,2025-05-06T09:00,16.4,0,0,0,6,18.4,353
Talas,2025-05-06,10:00,2025-05-06T10:00,18.2,0,0,0,10.4,26.6,321
Talas,2025-05-06,11:00,2025-05-06T11:00,19.3,0,0,0,13.9,33.5,297
Talas,2025-05-06,12:00,2025-05-06T12:00,20.4,0,0,0,13.9,34.6,294
Talas,2025-05-06,13:00,2025-05-06T13:00,21.3,0,0,0,14.1,34.6,287
Talas,2025-05-06,14:00,2025-05-06T14:00,21.7,0,0,0,14.3,34.2,293
Talas,2025-05-06,15:00,2025-05-06T15:00,21.5,0,0,0,11,33.8,285
Talas,2025-05-06,16:00,2025-05-06T16:00,21.7,0,0,0,12,28.8,296
Talas,2025-05-06,17:00,2025-05-06T17:00,20.4,0.1,0.1,0,10,28.4,283
Talas,2025-05-06,18:00,2025-05-06T18:00,19.5,0,0,0,6.1,22.3,337
Talas,2025-05-06,19:00,2025-05-06T19:00,17.1,0,0,0,3.9,14.8,37
Talas,2025-05-06,20:00,2025-05-06T20:00,15.6,0,0,0,0.6,9,146
Talas,2025-05-06,21:00,2025-05-06T21:00,14.6,0,0,0,1.3,3.6,164
Talas,2025-05-06,22:00,2025-05-06T22:00,13,0,0,0,3.3,7.9,171
Talas,2025-05-06,23:00,2025-05-06T23:00,12.1,0,0,0,4,11.2,170
Talas,2025-05-07,00:00,2025-05-07T00:00,10.7,0,0,0,4.7,13.7,171
Talas,2025-05-07,01:00,2025-05-07T01:00,11,0,0,0,3.1,13.7,173
Talas,2025-05-07,02:00,2025-05-07T02:00,10.4,0,0,0,1.6,9.4,153
Talas,2025-05-07,03:00,2025-05-07T03:00,10.1,0,0,0,4.3,11.9,158
Talas,2025-05-07,04:00,2025-05-07T04:00,10.1,0,0,0,2.9,8.6,158
Talas,2025-05-07,05:00,2025-05-07T05:00,9.3,0,0,0,2.5,10.1,159
Talas,2025-05-07,06:00,2025-05-07T06:00,9.3,0,0,0,2.8,10.8,162
Talas,2025-05-07,07:00,2025-05-07T07:00,11.9,0,0,0,2.7,10.8,157
Talas,2025-05-07,08:00,2025-05-07T08:00,16.2,0,0,0,2.1,10.1,52
Talas,2025-05-07,09:00,2025-05-07T09:00,18.2,0,0,0,6,19.1,343
Talas,2025-05-07,10:00,2025-05-07T10:00,19.6,0,0,0,10.2,27.4,300
Talas,2025-05-07,11:00,2025-05-07T11:00,20.7,0,0,0,13.3,32.4,293
Talas,2025-05-07,12:00,2025-05-07T12:00,21.4,0,0,0,13.1,33.1,289
Talas,2025-05-07,13:00,2025-05-07T13:00,22.2,0,0,0,10.9,32,292
Talas,2025-05-07,14:00,2025-05-07T14:00,23,0,0,0,9.6,28.1,311
Talas,2025-05-07,15:00,2025-05-07T15:00,23.6,0,0,0,8.2,26.3,306
Talas,2025-05-07,16:00,2025-05-07T16:00,23.8,0,0,0,7.6,20.5,274
Talas,2025-05-07,17:00,2025-05-07T17:00,23.1,0,0,0,7.2,24.5,289
Talas,2025-05-07,18:00,2025-05-07T18:00,21,0.3,0.3,0,2.2,20.5,194
Talas,2025-05-07,19:00,2025-05-07T19:00,17.6,0,0,0,11.5,27,343
Talas,2025-05-07,20:00,2025-05-07T20:00,15.6,0,0,0,6.1,34.2,168
Talas,2025-05-07,21:00,2025-05-07T21:00,14.1,0,0,0,2.8,11.5,145
Talas,2025-05-07,22:00,2025-05-07T22:00,13.1,0,0,0,6.6,16.2,169
Talas,2025-05-07,23:00,2025-05-07T23:00,12,0,0,0,7.6,15.1,168
Talas,2025-05-08,00:00,2025-05-08T00:00,11.4,0,0,0,5.7,18.7,167
Talas,2025-05-08,01:00,2025-05-08T01:00,10.3,0,0,0,8.5,21.6,238
Talas,2025-05-08,02:00,2025-05-08T02:00,12.2,0,0,0,11.6,29.2,164
Talas,2025-05-08,03:00,2025-05-08T03:00,10.7,0,0,0,8,23,157
Talas,2025-05-08,04:00,2025-05-08T04:00,12.7,0,0,0,0.5,9.7,135
Talas,2025-05-08,05:00,2025-05-08T05:00,12.2,0,0,0,2.3,8.3,157
Talas,2025-05-08,06:00,2025-05-08T06:00,12.6,0,0,0,2.9,8.6,173
Talas,2025-05-08,07:00,2025-05-08T07:00,15.1,0,0,0,1.8,7.6,156
Talas,2025-05-08,08:00,2025-05-08T08:00,17.7,0,0,0,1.5,9,14
Talas,2025-05-08,09:00,2025-05-08T09:00,19.4,0,0,0,5,16.2,334
Talas,2025-05-08,10:00,2025-05-08T10:00,20.7,0,0,0,10.7,27,295
Talas,2025-05-08,11:00,2025-05-08T11:00,21.6,0,0,0,14,32.8,279
Talas,2025-05-08,12:00,2025-05-08T12:00,22.4,0,0,0,11.9,32.8,280
Talas,2025-05-08,13:00,2025-05-08T13:00,19.6,0.8,0.8,0,21.2,44.3,280
Talas,2025-05-08,14:00,2025-05-08T14:00,18.1,0.3,0.3,0,15.8,45.4,229
Talas,2025-05-08,15:00,2025-05-08T15:00,18.2,0.1,0.1,0,13.5,32,251
Talas,2025-05-08,16:00,2025-05-08T16:00,15.3,0.8,0.8,0,13.1,46.8,241
Talas,2025-05-08,17:00,2025-05-08T17:00,15.2,1.3,1.3,0,6.2,24.5,120
Talas,2025-05-08,18:00,2025-05-08T18:00,15.8,0,0,0,8.1,21.2,107
Talas,2025-05-08,19:00,2025-05-08T19:00,14.8,0,0,0,2.7,17.6,67
Talas,2025-05-08,20:00,2025-05-08T20:00,12.6,0,0,0,1.2,6.8,141
Talas,2025-05-08,21:00,2025-05-08T21:00,11.5,0,0,0,4.8,10.1,155
Talas,2025-05-08,22:00,2025-05-08T22:00,10.8,0,0,0,5.1,11.5,157
Talas,2025-05-08,23:00,2025-05-08T23:00,10.3,0,0,0,4.5,11.5,166
Talas,2025-05-09,00:00,2025-05-09T00:00,9.9,0,0,0,4.5,11.5,166
Talas,2025-05-09,01:00,2025-05-09T01:00,9.6,0,0,0,4.5,12.6,166
Talas,2025-05-09,02:00,2025-05-09T02:00,9.3,0,0,0,4.5,12.6,166
Talas,2025-05-09,03:00,2025-05-09T03:00,9.3,0,0,0,5,13.7,167
Talas,2025-05-09,04:00,2025-05-09T04:00,9.5,0,0,0,4.2,13,162
Talas,2025-05-09,05:00,2025-05-09T05:00,9.4,0,0,0,3.8,11.9,163
Talas,2025-05-09,06:00,2025-05-09T06:00,9.6,0,0,0,2.9,10.4,169
Talas,2025-05-09,07:00,2025-05-09T07:00,13,0,0,0,2.5,9,172
Talas,2025-05-09,08:00,2025-05-09T08:00,16.7,0,0,0,2.2,9.4,35
Talas,2025-05-09,09:00,2025-05-09T09:00,19,0,0,0,5.4,17.6,20
Talas,2025-05-09,10:00,2025-05-09T10:00,20.7,0,0,0,7.2,22.3,3
Talas,2025-05-09,11:00,2025-05-09T11:00,22.3,0,0,0,9.1,26.3,350
Talas,2025-05-09,12:00,2025-05-09T12:00,23.5,0,0,0,11.4,30.6,349
Talas,2025-05-09,13:00,2025-05-09T13:00,24.2,0,0,0,12.9,33.1,347
Talas,2025-05-09,14:00,2025-05-09T14:00,24.6,0,0,0,10.3,33.1,359
Talas,2025-05-09,15:00,2025-05-09T15:00,24,0,0,0,6.8,28.4,25
Talas,2025-05-09,16:00,2025-05-09T16:00,25.7,0,0,0,12.6,29.2,323
Talas,2025-05-09,17:00,2025-05-09T17:00,24.8,0,0,0,9.7,29.9,286
Talas,2025-05-09,18:00,2025-05-09T18:00,23.1,0,0,0,6.7,20.9,276
Talas,2025-05-09,19:00,2025-05-09T19:00,20.7,0,0,0,1.3,16.6,172
Talas,2025-05-09,20:00,2025-05-09T20:00,17.6,0,0,0,4,8.3,159
Talas,2025-05-09,21:00,2025-05-09T21:00,15.8,0,0,0,6.1,14.4,177
Talas,2025-05-09,22:00,2025-05-09T22:00,14.2,0,0,0,7.6,18,173
Talas,2025-05-09,23:00,2025-05-09T23:00,13.7,0,0,0,7.8,18.4,167
Talas,2025-05-10,00:00,2025-05-10T00:00,13.3,0,0,0,5.6,17.6,173
Talas,2025-05-10,01:00,2025-05-10T01:00,12.8,0,0,0,5.1,14.4,174
Talas,2025-05-10,02:00,2025-05-10T02:00,12.2,0,0,0,4.7,13.7,173
Talas,2025-05-10,03:00,2025-05-10T03:00,11.6,0,0,0,4,13.3,175
Talas,2025-05-10,04:00,2025-05-10T04:00,10.9,0,0,0,3.6,13.3,177
Talas,2025-05-10,05:00,2025-05-10T05:00,10.6,0,0,0,3.5,10.4,168
Talas,2025-05-10,06:00,2025-05-10T06:00,11.2,0,0,0,4.4,11.2,161
Talas,2025-05-10,07:00,2025-05-10T07:00,14.2,0,0,0,5.3,12.2,172
Talas,2025-05-10,08:00,2025-05-10T08:00,17.7,0,0,0,1.2,11.2,231
Talas,2025-05-10,09:00,2025-05-10T09:00,20.1,0,0,0,2.1,11.9,15
Talas,2025-05-10,10:00,2025-05-10T10:00,22,0,0,0,3.4,15.5,47
Talas,2025-05-10,11:00,2025-05-10T11:00,24,0,0,0,3.9,17.6,68
Talas,2025-05-10,12:00,2025-05-10T12:00,25.4,0,0,0,0.2,18.4,360
Talas,2025-05-10,13:00,2025-05-10T13:00,26,0,0,0,5.5,19.1,229
Talas,2025-05-10,14:00,2025-05-10T14:00,26.8,0,0,0,6.6,20.2,235
Talas,2025-05-10,15:00,2025-05-10T15:00,26.7,0,0,0,5.3,23,262
Talas,2025-05-10,16:00,2025-05-10T16:00,25.6,0,0,0,4.7,28.4,344
Talas,2025-05-10,17:00,2025-05-10T17:00,24.4,0,0,0,7.6,23.8,338
Talas,2025-05-10,18:00,2025-05-10T18:00,21.1,0,0,0,9,18.7,179
Talas,2025-05-10,19:00,2025-05-10T19:00,18.4,0.3,0.3,0,12.3,25.9,162
Talas,2025-05-10,20:00,2025-05-10T20:00,16.2,1.4,1.4,0,17.5,40.3,236
Talas,2025-05-10,21:00,2025-05-10T21:00,15.2,0.7,0.7,0,1,32.4,158
Talas,2025-05-10,22:00,2025-05-10T22:00,14.3,0.1,0.1,0,6.2,10.8,128
Talas,2025-05-10,23:00,2025-05-10T23:00,12.8,0,0,0,7.9,16.2,145
Talas,2025-05-11,00:00,2025-05-11T00:00,12,0,0,0,5.8,16.2,158
Talas,2025-05-11,01:00,2025-05-11T01:00,11.4,0,0,0,5.2,13.3,160
Talas,2025-05-11,02:00,2025-05-11T02:00,11.2,0,0,0,4.8,13.3,160
Talas,2025-05-11,03:00,2025-05-11T03:00,11.4,0,0,0,4.1,13,167
Talas,2025-05-11,04:00,2025-05-11T04:00,11.2,0,0,0,7.9,18.7,164
Talas,2025-05-11,05:00,2025-05-11T05:00,10.1,0,0,0,6.8,18,168
Talas,2025-05-11,06:00,2025-05-11T06:00,10.4,0,0,0,7.1,18,165
Talas,2025-05-11,07:00,2025-05-11T07:00,13.8,0,0,0,8.4,18,161
Talas,2025-05-11,08:00,2025-05-11T08:00,18.5,0,0,0,2.8,17.3,125
Talas,2025-05-11,09:00,2025-05-11T09:00,20.8,0,0,0,0.6,11.2,304
Talas,2025-05-11,10:00,2025-05-11T10:00,21.9,0.1,0.1,0,1.1,23,108
Talas,2025-05-11,11:00,2025-05-11T11:00,21.6,0.1,0.1,0,6.9,27.7,194
Talas,2025-05-11,12:00,2025-05-11T12:00,23,0,0,0,10.6,33.5,203
Talas,2025-05-11,13:00,2025-05-11T13:00,22.1,0.1,0.1,0,8.7,31.3,138
Talas,2025-05-11,14:00,2025-05-11T14:00,22.8,0,0,0,16.4,37.4,241
Talas,2025-05-11,15:00,2025-05-11T15:00,23,0,0,0,8.3,33.8,268
Talas,2025-05-11,16:00,2025-05-11T16:00,19.8,0,0,0,8.4,25.9,115
Talas,2025-05-11,17:00,2025-05-11T17:00,21.9,0,0,0,7.4,27,167
Talas,2025-05-11,18:00,2025-05-11T18:00,16.9,0.2,0.2,0,6.5,21.6,66
Talas,2025-05-11,19:00,2025-05-11T19:00,16.5,0,0,0,0.2,17.6,270
Talas,2025-05-11,20:00,2025-05-11T20:00,14.9,0,0,0,3.1,6.1,103
Talas,2025-05-11,21:00,2025-05-11T21:00,13.4,0,0,0,2.4,4.7,107
Talas,2025-05-11,22:00,2025-05-11T22:00,12.4,0,0,0,2.6,7.2,129
Talas,2025-05-11,23:00,2025-05-11T23:00,11.5,0,0,0,3.3,6.5,144
Talas,2025-05-12,00:00,2025-05-12T00:00,10.7,0,0,0,3.1,9,149
Talas,2025-05-12,01:00,2025-05-12T01:00,9.9,0,0,0,2.6,8.3,155
Talas,2025-05-12,02:00,2025-05-12T02:00,9.7,0,0,0,3.1,10.4,156
Talas,2025-05-12,03:00,2025-05-12T03:00,9.4,0,0,0,2.4,10.4,163
Talas,2025-05-12,04:00,2025-05-12T04:00,10.9,0,0,0,8.1,20.5,159
Talas,2025-05-12,05:00,2025-05-12T05:00,10.2,0,0,0,5.3,17.3,162
Talas,2025-05-12,06:00,2025-05-12T06:00,10.7,0,0,0,6.3,14.4,153
Talas,2025-05-12,07:00,2025-05-12T07:00,13.3,0,0,0,7.7,15.8,150
Talas,2025-05-12,08:00,2025-05-12T08:00,16.9,0,0,0,3.5,15.1,99
Talas,2025-05-12,09:00,2025-05-12T09:00,19.4,0,0,0,5.9,18.7,72
Talas,2025-05-12,10:00,2025-05-12T10:00,21.1,0,0,0,2.2,19.8,114
Talas,2025-05-12,11:00,2025-05-12T11:00,21.7,0,0,0,2,18.4,5
Talas,2025-05-12,12:00,2025-05-12T12:00,19,0,0,0,9.7,26.6,199
Talas,2025-05-12,13:00,2025-05-12T13:00,19.7,0,0,0,9.3,27.4,351
Talas,2025-05-12,14:00,2025-05-12T14:00,15.8,6.2,6.2,0,12.1,32,20
Talas,2025-05-12,15:00,2025-05-12T15:00,17.9,0.1,0.1,0,8.9,28.8,69
Talas,2025-05-12,16:00,2025-05-12T16:00,17.3,0.5,0.5,0,14.1,32.4,320
Talas,2025-05-12,17:00,2025-05-12T17:00,15.4,1.1,1.1,0,5.9,32,133
Talas,2025-05-12,18:00,2025-05-12T18:00,16.2,0,0,0,4.3,18.4,118
Talas,2025-05-12,19:00,2025-05-12T19:00,15.7,0,0,0,3.1,13.3,103
Talas,2025-05-12,20:00,2025-05-12T20:00,13.7,0,0,0,2.1,8.3,110
Talas,2025-05-12,21:00,2025-05-12T21:00,12.8,1.5,1.5,0,4.4,18.7,189
Talas,2025-05-12,22:00,2025-05-12T22:00,12.4,4,4,0,4.3,11.9,197
Talas,2025-05-12,23:00,2025-05-12T23:00,12.3,0.3,0.3,0,3.5,10.1,201
Talas,2025-05-13,00:00,2025-05-13T00:00,12.4,1,1,0,1.9,5,197
Talas,2025-05-13,01:00,2025-05-13T01:00,11.8,0.7,0.7,0,3.8,9,275
Talas,2025-05-13,02:00,2025-05-13T02:00,11.2,0.7,0.7,0,3.6,9,290
Talas,2025-05-13,03:00,2025-05-13T03:00,11.3,0.5,0.5,0,2.5,10.8,94
Talas,2025-05-13,04:00,2025-05-13T04:00,10.9,0,0,0,0.4,13.3,180
Talas,2025-05-13,05:00,2025-05-13T05:00,9.6,0,0,0,4.1,9.4,311
Talas,2025-05-13,06:00,2025-05-13T06:00,9.2,0,0,0,3.1,9.4,267
Talas,2025-05-13,07:00,2025-05-13T07:00,10.8,0.1,0.1,0,7.6,17.6,278
Talas,2025-05-13,08:00,2025-05-13T08:00,11.5,0.2,0.2,0,9.2,20.5,286
Talas,2025-05-13,09:00,2025-05-13T09:00,12.2,0,0,0,11.1,28.1,286
Talas,2025-05-13,10:00,2025-05-13T10:00,13.2,0.1,0.1,0,10.9,28.4,294
Talas,2025-05-13,11:00,2025-05-13T11:00,14.5,0,0,0,10.2,30.2,312
Talas,2025-05-13,12:00,2025-05-13T12:00,15.4,0,0,0,11.3,31.7,316
Talas,2025-05-13,13:00,2025-05-13T13:00,16.1,0,0,0,12,32.4,310
Talas,2025-05-13,14:00,2025-05-13T14:00,15.8,0,0,0,11.5,33.8,309
Talas,2025-05-13,15:00,2025-05-13T15:00,16.5,0,0,0,9.5,31,299
Talas,2025-05-13,16:00,2025-05-13T16:00,15.1,0,0,0,12.3,35.3,309
Talas,2025-05-13,17:00,2025-05-13T17:00,15.2,0.1,0.1,0,12.9,31,317
Talas,2025-05-13,18:00,2025-05-13T18:00,14.5,0,0,0,11.1,31.3,314
Talas,2025-05-13,19:00,2025-05-13T19:00,13.2,0,0,0,4.4,25.9,322
Talas,2025-05-13,20:00,2025-05-13T20:00,11.6,0.1,0.1,0,0.9,11.5,79
Talas,2025-05-13,21:00,2025-05-13T21:00,10.6,0,0,0,4.5,10.8,74
Talas,2025-05-13,22:00,2025-05-13T22:00,10.4,0,0,0,7.7,18.7,62
Talas,2025-05-13,23:00,2025-05-13T23:00,8.4,0,0,0,3.7,18,47
Talas,2025-05-14,00:00,2025-05-14T00:00,7,0,0,0,1.8,10.1,79
Talas,2025-05-14,01:00,2025-05-14T01:00,6.4,0,0,0,1,7.2,135
Talas,2025-05-14,02:00,2025-05-14T02:00,5.4,0,0,0,0.9,5.4,180
Talas,2025-05-14,03:00,2025-05-14T03:00,4.7,0,0,0,0.5,4,180
Talas,2025-05-14,04:00,2025-05-14T04:00,4.9,0,0,0,0.4,3.6,63
Talas,2025-05-14,05:00,2025-05-14T05:00,4.2,0,0,0,1.1,3.6,180
Talas,2025-05-14,06:00,2025-05-14T06:00,4.6,0,0,0,1.1,3.2,171
Talas,2025-05-14,07:00,2025-05-14T07:00,6.6,0,0,0,0.4,6.1,333
Talas,2025-05-14,08:00,2025-05-14T08:00,8.7,0,0,0,3.1,14,357
Talas,2025-05-14,09:00,2025-05-14T09:00,10.8,0,0,0,4.6,18.7,11
Talas,2025-05-14,10:00,2025-05-14T10:00,12.5,0,0,0,6,22.3,7
Talas,2025-05-14,11:00,2025-05-14T11:00,13.9,0,0,0,6.5,23.8,352
Talas,2025-05-14,12:00,2025-05-14T12:00,14.9,0,0,0,7.5,25.6,345
Talas,2025-05-14,13:00,2025-05-14T13:00,15.8,0,0,0,4.8,25.2,329
Talas,2025-05-14,14:00,2025-05-14T14:00,16.7,0,0,0,4.4,20.9,325
Talas,2025-05-14,15:00,2025-05-14T15:00,17.1,0,0,0,5.1,20.5,318
Talas,2025-05-14,16:00,2025-05-14T16:00,16.7,0,0,0,6.6,24.1,331
Talas,2025-05-14,17:00,2025-05-14T17:00,15.9,0,0,0,6.3,21.6,307
Talas,2025-05-14,18:00,2025-05-14T18:00,14.8,0,0,0,2.1,18.7,200
Talas,2025-05-14,19:00,2025-05-14T19:00,13.6,0,0,0,7.1,13.7,153
Talas,2025-05-14,20:00,2025-05-14T20:00,11.5,0,0,0,4.9,13.7,172
Talas,2025-05-14,21:00,2025-05-14T21:00,10.4,0,0,0,6.6,11.9,193
Talas,2025-05-14,22:00,2025-05-14T22:00,9.9,1,1,0,17.8,33.8,252
Talas,2025-05-14,23:00,2025-05-14T23:00,8.7,0,0,0,9.2,32.4,254
Talas,2025-05-15,00:00,2025-05-15T00:00,7.5,1,1,0,5.9,18,256
Talas,2025-05-15,01:00,2025-05-15T01:00,7.7,0.3,0.3,0,3.4,13.7,276
Talas,2025-05-15,02:00,2025-05-15T02:00,7.1,0,0,0,3.5,10.4,235
Talas,2025-05-15,03:00,2025-05-15T03:00,7.1,0.1,0.1,0,3.2,8.3,308
Talas,2025-05-15,04:00,2025-05-15T04:00,8.2,0.2,0.2,0,4.2,13,258
Talas,2025-05-15,05:00,2025-05-15T05:00,7.3,0,0,0,4.4,10.4,305
Talas,2025-05-15,06:00,2025-05-15T06:00,7,0,0,0,3.6,10.1,264
Talas,2025-05-15,07:00,2025-05-15T07:00,8.3,0,0,0,6.3,13.7,255
Talas,2025-05-15,08:00,2025-05-15T08:00,9.3,0,0,0,7.2,19.4,284
Talas,2025-05-15,09:00,2025-05-15T09:00,10.6,0,0,0,6.3,22,305
Talas,2025-05-15,10:00,2025-05-15T10:00,11.7,0.1,0.1,0,7.3,24.1,306
Talas,2025-05-15,11:00,2025-05-15T11:00,12.8,0.2,0.2,0,11.2,28.4,300
Talas,2025-05-15,12:00,2025-05-15T12:00,14,0.1,0.1,0,14,34.2,302
Talas,2025-05-15,13:00,2025-05-15T13:00,14.8,0.7,0.7,0,14.5,36.4,302
Talas,2025-05-15,14:00,2025-05-15T14:00,15.2,0.1,0.1,0,14.6,36,308
Talas,2025-05-15,15:00,2025-05-15T15:00,15.8,0,0,0,14.5,36,304
Talas,2025-05-15,16:00,2025-05-15T16:00,15.6,0.1,0.1,0,14.4,33.5,302
Talas,2025-05-15,17:00,2025-05-15T17:00,15,0,0,0,14.5,34.6,311
Talas,2025-05-15,18:00,2025-05-15T18:00,14.6,0,0,0,9.7,32.8,320
Talas,2025-05-15,19:00,2025-05-15T19:00,13.5,0,0,0,2.7,22.7,302
Talas,2025-05-15,20:00,2025-05-15T20:00,11.4,0,0,0,1.5,7.6,166
Talas,2025-05-15,21:00,2025-05-15T21:00,10,0,0,0,3.4,6.5,155
Talas,2025-05-15,22:00,2025-05-15T22:00,9.2,0,0,0,3.6,7.6,162
Talas,2025-05-15,23:00,2025-05-15T23:00,8.7,0,0,0,3.9,9.4,164
Talas,2025-05-16,00:00,2025-05-16T00:00,7.6,0,0,0,5.2,13.7,164
Talas,2025-05-16,01:00,2025-05-16T01:00,6.4,0,0,0,5.4,14.8,166
Talas,2025-05-16,02:00,2025-05-16T02:00,6.1,0,0,0,4.7,14.4,171
Talas,2025-05-16,03:00,2025-05-16T03:00,6.1,0,0,0,5,13.7,167
Talas,2025-05-16,04:00,2025-05-16T04:00,5.9,0,0,0,3.5,11.2,168
Talas,2025-05-16,05:00,2025-05-16T05:00,6,0,0,0,3.9,10.4,164
Talas,2025-05-16,06:00,2025-05-16T06:00,7,0,0,0,5,11.9,161
Talas,2025-05-16,07:00,2025-05-16T07:00,10.3,0,0,0,6.5,13,150
Talas,2025-05-16,08:00,2025-05-16T08:00,13.8,0,0,0,3.2,13,90
Talas,2025-05-16,09:00,2025-05-16T09:00,16.2,0,0,0,6.2,19.4,60
Talas,2025-05-16,10:00,2025-05-16T10:00,18.4,0,0,0,8.7,24.8,73
Talas,2025-05-16,11:00,2025-05-16T11:00,20.3,0,0,0,10.2,28.1,83
Talas,2025-05-16,12:00,2025-05-16T12:00,21.7,0,0,0,7.9,28.1,73
Talas,2025-05-16,13:00,2025-05-16T13:00,22.8,0,0,0,3.8,25.2,73
Talas,2025-05-16,14:00,2025-05-16T14:00,23.7,0,0,0,4.6,19.8,11
Talas,2025-05-16,15:00,2025-05-16T15:00,24,0,0,0,5.5,22,27
Talas,2025-05-16,16:00,2025-05-16T16:00,24.5,0,0,0,5.5,20.2,46
Talas,2025-05-16,17:00,2025-05-16T17:00,23.7,0,0,0,6.8,20.2,101
Talas,2025-05-16,18:00,2025-05-16T18:00,21.7,0,0,0,13.9,28.8,153
Talas,2025-05-16,19:00,2025-05-16T19:00,19.5,0,0,0,10,28.1,144
Talas,2025-05-16,20:00,2025-05-16T20:00,16.4,0,0,0,11.5,23.4,151
Talas,2025-05-16,21:00,2025-05-16T21:00,15,0,0,0,12.6,26.6,155
Talas,2025-05-16,22:00,2025-05-16T22:00,14.4,0,0,0,11.8,26.6,159
Talas,2025-05-16,23:00,2025-05-16T23:00,13.7,0,0,0,11.9,25.9,160
Talas,2025-05-17,00:00,2025-05-17T00:00,13,0,0,0,11.1,25.9,158
Talas,2025-05-17,01:00,2025-05-17T01:00,12.6,0,0,0,10.8,24.5,159
Talas,2025-05-17,02:00,2025-05-17T02:00,12.3,0,0,0,11.4,24.8,157
Talas,2025-05-17,03:00,2025-05-17T03:00,12.1,0,0,0,9.7,25.2,158
Talas,2025-05-17,04:00,2025-05-17T04:00,12.8,0,0,0,9.2,23.4,152
Talas,2025-05-17,05:00,2025-05-17T05:00,12.6,0,0,0,9.5,21.2,151
Talas,2025-05-17,06:00,2025-05-17T06:00,13.3,0,0,0,10.5,23,151
Talas,2025-05-17,07:00,2025-05-17T07:00,16.4,0,0,0,12.1,24.8,150
Talas,2025-05-17,08:00,2025-05-17T08:00,20.6,0,0,0,10,24.8,146
Talas,2025-05-17,09:00,2025-05-17T09:00,23.1,0,0,0,9.2,20.9,135
Talas,2025-05-17,10:00,2025-05-17T10:00,24.5,0,0,0,11.6,27,127
Talas,2025-05-17,11:00,2025-05-17T11:00,25.5,0,0,0,15,32.4,151
Talas,2025-05-17,12:00,2025-05-17T12:00,26.3,0,0,0,15.4,35.6,145
Talas,2025-05-17,13:00,2025-05-17T13:00,27.5,0,0,0,13.3,34.6,138
Talas,2025-05-17,14:00,2025-05-17T14:00,27.1,0,0,0,16.3,36.4,147
Talas,2025-05-17,15:00,2025-05-17T15:00,27.6,0,0,0,16.3,36.4,161
Talas,2025-05-17,16:00,2025-05-17T16:00,26.7,0,0,0,20.8,44.3,158
Talas,2025-05-17,17:00,2025-05-17T17:00,24.9,0,0,0,23.9,47.5,156
Talas,2025-05-17,18:00,2025-05-17T18:00,24.1,0,0,0,19,50.4,149
Talas,2025-05-17,19:00,2025-05-17T19:00,21.6,0,0,0,18.1,39.6,151
Talas,2025-05-17,20:00,2025-05-17T20:00,19.4,0,0,0,17,37.8,154
Talas,2025-05-17,21:00,2025-05-17T21:00,18.3,0,0,0,14.6,36.4,153
Talas,2025-05-17,22:00,2025-05-17T22:00,17.8,0,0,0,11.8,31.3,157
Talas,2025-05-17,23:00,2025-05-17T23:00,16.5,0,0,0,10.5,25.9,153
Talas,2025-05-18,00:00,2025-05-18T00:00,16.2,0,0,0,11.4,24.5,152
Talas,2025-05-18,01:00,2025-05-18T01:00,15.9,0,0,0,6.9,24.1,149
Talas,2025-05-18,02:00,2025-05-18T02:00,13.5,0,0,0,5.5,15.8,153
Talas,2025-05-18,03:00,2025-05-18T03:00,11.8,0,0,0,7.3,16.9,155
Talas,2025-05-18,04:00,2025-05-18T04:00,13.5,0,0,0,6.6,14,123
Talas,2025-05-18,05:00,2025-05-18T05:00,12,0,0,0,6.5,15.5,136
Talas,2025-05-18,06:00,2025-05-18T06:00,12,0,0,0,5.8,15.5,146
Talas,2025-05-18,07:00,2025-05-18T07:00,14.9,0,0,0,3.7,13.7,166
Talas,2025-05-18,08:00,2025-05-18T08:00,18.3,0,0,0,4.6,14,351
Talas,2025-05-18,09:00,2025-05-18T09:00,19.6,0,0,0,7.6,22,352
Talas,2025-05-18,10:00,2025-05-18T10:00,21.2,0,0,0,9.7,27.4,348
Talas,2025-05-18,11:00,2025-05-18T11:00,22.3,0.1,0.1,0,10.7,31,340
Talas,2025-05-18,12:00,2025-05-18T12:00,22.9,0.8,0.8,0,8.7,30.2,338
Talas,2025-05-18,13:00,2025-05-18T13:00,22.8,1.4,1.4,0,5.5,25.6,36
Talas,2025-05-18,14:00,2025-05-18T14:00,23.8,1.3,1.3,0,8.1,24.8,18
Talas,2025-05-18,15:00,2025-05-18T15:00,24.9,0.5,0.5,0,8.8,29.5,19
Talas,2025-05-18,16:00,2025-05-18T16:00,26.3,0,0,0,17.6,36.4,264
Talas,2025-05-18,17:00,2025-05-18T17:00,24.7,0,0,0,19.9,43.6,294
Talas,2025-05-18,18:00,2025-05-18T18:00,22.4,0,0,0,13.2,43.9,304
Talas,2025-05-18,19:00,2025-05-18T19:00,19.8,0,0,0,2.7,29.5,122
Talas,2025-05-18,20:00,2025-05-18T20:00,17,0,0,0,7.2,12.6,168
Talas,2025-05-18,21:00,2025-05-18T21:00,15.2,0.6,0.6,0,11,22,268
Talas,2025-05-18,22:00,2025-05-18T22:00,13.5,0,0,0,10.2,23.8,225
Talas,2025-05-18,23:00,2025-05-18T23:00,12.8,0,0,0,10.7,19.8,217
Talas,2025-05-19,00:00,2025-05-19T00:00,12.2,0,0,0,10.2,19.1,212
Talas,2025-05-19,01:00,2025-05-19T01:00,11.7,0,0,0,7.1,18,221
Talas,2025-05-19,02:00,2025-05-19T02:00,10.7,0,0,0,5.8,13.3,234
Talas,2025-05-19,03:00,2025-05-19T03:00,10.1,0,0,0,6.5,12.6,228
Talas,2025-05-19,04:00,2025-05-19T04:00,10.2,0,0,0,9.2,17.3,237
Talas,2025-05-19,05:00,2025-05-19T05:00,9.4,0,0,0,10.2,19.8,231
Talas,2025-05-19,06:00,2025-05-19T06:00,9.3,0,0,0,9.4,19.1,225
Talas,2025-05-19,07:00,2025-05-19T07:00,11.1,0,0,0,7.8,17.3,255
Talas,2025-05-19,08:00,2025-05-19T08:00,12.7,0,0,0,6.8,18.7,281
Talas,2025-05-19,09:00,2025-05-19T09:00,14.2,0,0,0,7.6,22,298
Talas,2025-05-19,10:00,2025-05-19T10:00,15.8,0,0,0,8,23.8,301
Talas,2025-05-19,11:00,2025-05-19T11:00,17.2,0,0,0,9.1,27,302
Talas,2025-05-19,12:00,2025-05-19T12:00,18.5,0,0,0,10.1,28.8,303
Talas,2025-05-19,13:00,2025-05-19T13:00,19.4,0,0,0,10.7,29.9,300
Talas,2025-05-19,14:00,2025-05-19T14:00,20.1,0,0,0,11.3,30.6,301
Talas,2025-05-19,15:00,2025-05-19T15:00,20.4,0,0,0,11.1,30.6,304
Talas,2025-05-19,16:00,2025-05-19T16:00,20.2,0,0,0,9.8,27,319
Talas,2025-05-19,17:00,2025-05-19T17:00,19.9,0,0,0,9.6,27,332
Talas,2025-05-19,18:00,2025-05-19T18:00,19.1,0,0,0,8.7,25.6,339
Talas,2025-05-19,19:00,2025-05-19T19:00,16.8,0,0,0,4,21.6,360
Talas,2025-05-19,20:00,2025-05-19T20:00,14.9,0,0,0,2.2,10.4,76
Talas,2025-05-19,21:00,2025-05-19T21:00,13.4,0,0,0,3.6,7.6,147
Talas,2025-05-19,22:00,2025-05-19T22:00,11.7,0,0,0,4.3,9.7,156
Talas,2025-05-19,23:00,2025-05-19T23:00,10.6,0,0,0,5.2,13,160
Talas,2025-05-20,00:00,2025-05-20T00:00,9.5,0,0,0,5.9,14.8,166
Talas,2025-05-20,01:00,2025-05-20T01:00,8.8,0,0,0,6.4,16.6,172
Talas,2025-05-20,02:00,2025-05-20T02:00,8.4,0,0,0,5.1,16.6,174
Talas,2025-05-20,03:00,2025-05-20T03:00,8.4,0,0,0,3.3,14.4,174
Talas,2025-05-20,04:00,2025-05-20T04:00,8.7,0,0,0,1.3,5.8,164
Talas,2025-05-20,05:00,2025-05-20T05:00,8.1,0,0,0,1.9,5,158
Talas,2025-05-20,06:00,2025-05-20T06:00,8.2,0,0,0,2.8,6.8,165
Talas,2025-05-20,07:00,2025-05-20T07:00,11.9,0,0,0,3.6,7.6,177
Talas,2025-05-20,08:00,2025-05-20T08:00,15.3,0,0,0,1.1,9.4,342
Talas,2025-05-20,09:00,2025-05-20T09:00,17.5,0,0,0,3.5,15.8,21
Talas,2025-05-20,10:00,2025-05-20T10:00,19.6,0,0,0,5.9,21.2,14
Talas,2025-05-20,11:00,2025-05-20T11:00,21,0,0,0,9.7,28.1,349
Talas,2025-05-20,12:00,2025-05-20T12:00,21.9,0,0,0,14.6,36.4,340
Talas,2025-05-20,13:00,2025-05-20T13:00,22.4,0,0,0,16.9,41.4,322
Talas,2025-05-20,14:00,2025-05-20T14:00,23.9,0,0,0,12,40.7,343
Talas,2025-05-20,15:00,2025-05-20T15:00,23.8,0,0,0,14.5,36,328
Talas,2025-05-20,16:00,2025-05-20T16:00,22.9,0,0,0,18.3,43.6,304
Talas,2025-05-20,17:00,2025-05-20T17:00,24.6,0,0,0,13.1,41,333
Talas,2025-05-20,18:00,2025-05-20T18:00,21.7,0,0,0,21.2,50,310
Talas,2025-05-20,19:00,2025-05-20T19:00,19.9,0,0,0,9.3,44.3,286
Talas,2025-05-20,20:00,2025-05-20T20:00,17.5,0,0,0,9.3,23.4,316
Talas,2025-05-20,21:00,2025-05-20T21:00,14.8,0,0,0,4.5,22.7,236
Talas,2025-05-20,22:00,2025-05-20T22:00,14.9,0,0,0,8.4,15.5,222
Talas,2025-05-20,23:00,2025-05-20T23:00,14,0,0,0,6.2,16.9,240
Talas,2025-05-21,00:00,2025-05-21T00:00,13,0,0,0,7.4,13.3,219
Talas,2025-05-21,01:00,2025-05-21T01:00,11.8,0,0,0,6.9,13.7,217
Talas,2025-05-21,02:00,2025-05-21T02:00,10.5,0,0,0,6,13,196
Talas,2025-05-21,03:00,2025-05-21T03:00,10.3,0,0,0,3,10.4,205
Talas,2025-05-21,04:00,2025-05-21T04:00,9.3,0,0,0,2.1,8.3,195
Talas,2025-05-21,05:00,2025-05-21T05:00,9.3,0,0,0,1.1,5,189
Talas,2025-05-21,06:00,2025-05-21T06:00,9.1,0,0,0,2.5,6.5,249
Talas,2025-05-21,07:00,2025-05-21T07:00,11.4,0,0,0,3,8.6,287
Talas,2025-05-21,08:00,2025-05-21T08:00,13.3,0,0,0,2.7,12.6,340
Talas,2025-05-21,09:00,2025-05-21T09:00,15.2,0,0,0,5.7,19.8,336
Talas,2025-05-21,10:00,2025-05-21T10:00,17.2,0,0,0,8,24.5,322
Talas,2025-05-21,11:00,2025-05-21T11:00,19,0,0,0,11.3,30.6,312
Talas,2025-05-21,12:00,2025-05-21T12:00,20.4,0,0,0,13,33.8,303
Talas,2025-05-21,13:00,2025-05-21T13:00,21.4,0,0,0,12.7,34.2,303
Talas,2025-05-21,14:00,2025-05-21T14:00,22.2,0,0,0,12.3,33.8,299
Talas,2025-05-21,15:00,2025-05-21T15:00,22.6,0,0,0,11.4,32.8,301
Talas,2025-05-21,16:00,2025-05-21T16:00,22.9,0,0,0,10,27.7,298
Talas,2025-05-21,17:00,2025-05-21T17:00,22.5,0,0,0,9.8,27.4,322
Talas,2025-05-21,18:00,2025-05-21T18:00,21.6,0,0,0,10.5,26.3,340
Talas,2025-05-21,19:00,2025-05-21T19:00,19.9,0,0,0,6.3,25.9,357
Talas,2025-05-21,20:00,2025-05-21T20:00,17.5,0,0,0,1.3,16.6,34
Talas,2025-05-21,21:00,2025-05-21T21:00,16,0,0,0,3,6.5,155
Talas,2025-05-21,22:00,2025-05-21T22:00,14.6,0,0,0,5,10.1,165
Talas,2025-05-21,23:00,2025-05-21T23:00,13.4,0,0,0,4.3,10.8,165
Talas,2025-05-22,00:00,2025-05-22T00:00,12.5,0,0,0,4.3,11.2,165
Talas,2025-05-22,01:00,2025-05-22T01:00,11.3,0,0,0,2.8,10.8,162
Talas,2025-05-22,02:00,2025-05-22T02:00,11.7,0,0,0,1.6,6.8,153
Talas,2025-05-22,03:00,2025-05-22T03:00,11.6,0,0,0,1.1,4.3,162
Talas,2025-05-22,04:00,2025-05-22T04:00,10.1,0,0,0,1.1,3.2,162
Talas,2025-05-22,05:00,2025-05-22T05:00,9,0,0,0,2.4,6.1,163
Talas,2025-05-22,06:00,2025-05-22T06:00,9.3,0,0,0,2.1,6.5,165
Talas,2025-05-22,07:00,2025-05-22T07:00,13.3,0,0,0,1.3,5.8,214
Talas,2025-05-22,08:00,2025-05-22T08:00,15.7,0,0,0,3.2,12.6,3
Talas,2025-05-22,09:00,2025-05-22T09:00,18.1,0,0,0,4.4,17.3,7
Talas,2025-05-22,10:00,2025-05-22T10:00,20.3,0,0,0,6,21.6,5
Talas,2025-05-22,11:00,2025-05-22T11:00,22.1,0,0,0,7.5,25.2,8
Talas,2025-05-22,12:00,2025-05-22T12:00,23.3,0,0,0,7.6,27,14
Talas,2025-05-22,13:00,2025-05-22T13:00,24.4,0,0,0,7.1,26.3,7
Talas,2025-05-22,14:00,2025-05-22T14:00,25.2,0,0,0,7.6,25.9,7
Talas,2025-05-22,15:00,2025-05-22T15:00,25.6,0,0,0,9,27.7,6
Talas,2025-05-22,16:00,2025-05-22T16:00,25.7,0,0,0,9.5,27.4,351
Talas,2025-05-22,17:00,2025-05-22T17:00,25.2,0,0,0,9.1,27.4,345
Talas,2025-05-22,18:00,2025-05-22T18:00,24.5,0,0,0,6.6,24.8,334
Talas,2025-05-22,19:00,2025-05-22T19:00,22.7,0,0,0,3.6,18.4,315
Talas,2025-05-22,20:00,2025-05-22T20:00,20.8,0,0,0,2.3,9.4,328
Talas,2025-05-22,21:00,2025-05-22T21:00,19.9,0,0,0,1.4,7.6,157
Talas,2025-05-22,22:00,2025-05-22T22:00,18,0,0,0,5.3,9.4,172
Talas,2025-05-22,23:00,2025-05-22T23:00,16.7,0,0,0,4.5,9.7,166
Talas,2025-05-23,00:00,2025-05-23T00:00,15.9,0,0,0,3.6,9.4,160
Talas,2025-05-23,01:00,2025-05-23T01:00,15.9,0,0,0,1.9,7.2,151
Talas,2025-05-23,02:00,2025-05-23T02:00,15.4,0,0,0,1.8,4.7,156
Talas,2025-05-23,03:00,2025-05-23T03:00,15,0,0,0,1.3,4.3,146
Talas,2025-05-23,04:00,2025-05-23T04:00,13.4,0,0,0,1.5,3.6,126
Talas,2025-05-23,05:00,2025-05-23T05:00,12.5,0,0,0,3.6,7.2,143
Talas,2025-05-23,06:00,2025-05-23T06:00,12.8,0,0,0,3.5,7.9,152
Talas,2025-05-23,07:00,2025-05-23T07:00,16.2,0,0,0,1.8,7.6,180
Talas,2025-05-23,08:00,2025-05-23T08:00,19,0,0,0,2.7,10.4,318
Talas,2025-05-23,09:00,2025-05-23T09:00,20.7,0,0,0,4.3,16.9,336
Talas,2025-05-23,10:00,2025-05-23T10:00,22.6,0,0,0,4.3,19.1,360
Talas,2025-05-23,11:00,2025-05-23T11:00,24.4,0,0,0,7.2,24.1,6
Talas,2025-05-23,12:00,2025-05-23T12:00,25.6,0,0,0,8.6,27.7,358
Talas,2025-05-23,13:00,2025-05-23T13:00,26.4,0,0,0,9.1,28.4,346
Talas,2025-05-23,14:00,2025-05-23T14:00,27,0,0,0,9.7,28.8,326
Talas,2025-05-23,15:00,2025-05-23T15:00,27.5,0,0,0,5.1,28.4,262
Talas,2025-05-23,16:00,2025-05-23T16:00,27.9,0,0,0,6.4,21.2,333
Talas,2025-05-23,17:00,2025-05-23T17:00,27.4,0,0,0,11.2,29.2,349
Talas,2025-05-23,18:00,2025-05-23T18:00,26.5,0,0,0,11.8,30.6,354
Talas,2025-05-23,19:00,2025-05-23T19:00,24.5,0,0,0,6.6,28.8,9
Talas,2025-05-23,20:00,2025-05-23T20:00,21.7,0,0,0,3.3,17.3,84
Talas,2025-05-23,21:00,2025-05-23T21:00,20.4,0,0,0,6.6,12.2,164
Talas,2025-05-23,22:00,2025-05-23T22:00,18.5,0,0,0,5.5,13.3,171
Talas,2025-05-23,23:00,2025-05-23T23:00,16.9,0,0,0,2.7,12.6,176
Talas,2025-05-24,00:00,2025-05-24T00:00,15.9,0,0,0,2.4,9.4,167
Talas,2025-05-24,01:00,2025-05-24T01:00,15.4,0,0,0,2.6,7.6,168
Talas,2025-05-24,02:00,2025-05-24T02:00,15.2,0,0,0,3.1,8.3,170
Talas,2025-05-24,03:00,2025-05-24T03:00,14.4,0,0,0,2.6,7.9,164
Talas,2025-05-24,04:00,2025-05-24T04:00,15.1,0,0,0,1.1,3.2,171
Talas,2025-05-24,05:00,2025-05-24T05:00,14.7,0,0,0,0.7,3.2,166
Talas,2025-05-24,06:00,2025-05-24T06:00,14.8,0,0,0,1.3,4,164
Talas,2025-05-24,07:00,2025-05-24T07:00,17.9,0,0,0,1,4,158
Talas,2025-05-24,08:00,2025-05-24T08:00,20.3,0,0,0,2.3,10.8,18
Talas,2025-05-24,09:00,2025-05-24T09:00,22.4,0,0,0,4.4,16.9,353
Talas,2025-05-24,10:00,2025-05-24T10:00,24.1,0,0,0,6.9,22.7,343
Talas,2025-05-24,11:00,2025-05-24T11:00,25.6,0,0,0,9.4,27.4,331
Talas,2025-05-24,12:00,2025-05-24T12:00,27,0,0,0,10.2,29.5,316
Talas,2025-05-24,13:00,2025-05-24T13:00,28.1,0,0,0,10.2,29.5,301
Talas,2025-05-24,14:00,2025-05-24T14:00,28.7,0,0,0,12.1,31.7,297
Talas,2025-05-24,15:00,2025-05-24T15:00,28.8,0,0,0,13.1,32.8,289
Talas,2025-05-24,16:00,2025-05-24T16:00,28.7,0,0,0,15.9,36.7,290
Talas,2025-05-24,17:00,2025-05-24T17:00,27.4,0,0,0,19.3,42.5,304
Talas,2025-05-24,18:00,2025-05-24T18:00,26.5,0,0,0,16.1,42.5,309
Talas,2025-05-24,19:00,2025-05-24T19:00,25.5,0,0,0,10.3,35.3,313
Talas,2025-05-24,20:00,2025-05-24T20:00,23,0,0,0,5.9,24.1,310
Talas,2025-05-24,21:00,2025-05-24T21:00,22.4,0,0,0,7.7,17.3,259
Talas,2025-05-24,22:00,2025-05-24T22:00,21.1,0,0,0,7.3,20.5,253
Talas,2025-05-24,23:00,2025-05-24T23:00,19.8,0,0,0,7.7,16.6,216
Talas,2025-05-25,00:00,2025-05-25T00:00,19.3,0,0,0,11.4,20.9,218
Talas,2025-05-25,01:00,2025-05-25T01:00,18.7,0,0,0,11.4,21.2,219
Talas,2025-05-25,02:00,2025-05-25T02:00,18,0,0,0,10.4,21.2,208
Talas,2025-05-25,03:00,2025-05-25T03:00,16.5,0,0,0,4.7,19.1,198
Talas,2025-05-25,04:00,2025-05-25T04:00,15.7,0,0,0,2.9,5.4,202
Talas,2025-05-25,05:00,2025-05-25T05:00,15.5,0,0,0,2,5.8,207
Talas,2025-05-25,06:00,2025-05-25T06:00,15.7,0,0,0,1.8,4.7,204
Talas,2025-05-25,07:00,2025-05-25T07:00,17.9,0,0,0,1.8,6.5,217
Talas,2025-05-25,08:00,2025-05-25T08:00,20,0,0,0,1.9,10.8,139
Talas,2025-05-25,09:00,2025-05-25T09:00,22.5,0,0,0,0.4,12.6,27
Talas,2025-05-25,10:00,2025-05-25T10:00,24.5,0,0,0,3.4,18,335
Talas,2025-05-25,11:00,2025-05-25T11:00,25.9,0,0,0,4.6,20.9,329
Talas,2025-05-25,12:00,2025-05-25T12:00,27.2,0,0,0,4.2,20.9,301
Talas,2025-05-25,13:00,2025-05-25T13:00,28.5,0,0,0,6.8,25.2,305
Talas,2025-05-25,14:00,2025-05-25T14:00,29.2,0,0,0,6.8,26.3,325
Talas,2025-05-25,15:00,2025-05-25T15:00,29.6,0,0,0,7.5,25.9,343
Talas,2025-05-25,16:00,2025-05-25T16:00,29.7,0,0,0,3.1,22,324
Talas,2025-05-25,17:00,2025-05-25T17:00,29.6,0,0,0,3.2,18.7,317
Talas,2025-05-25,18:00,2025-05-25T18:00,29,0,0,0,8.1,21.2,47
Talas,2025-05-25,19:00,2025-05-25T19:00,26.9,0,0,0,13.2,30.6,80
Talas,2025-05-25,20:00,2025-05-25T20:00,24.6,0,0,0,8,28.4,117
Talas,2025-05-25,21:00,2025-05-25T21:00,23,0,0,0,6.2,18,158
Talas,2025-05-25,22:00,2025-05-25T22:00,21.1,0,0,0,7.3,15.8,164
Talas,2025-05-25,23:00,2025-05-25T23:00,20.2,0,0,0,5.2,15.8,166
Talas,2025-05-26,00:00,2025-05-26T00:00,19.6,0,0,0,4.3,12.6,158
Talas,2025-05-26,01:00,2025-05-26T01:00,19.7,0,0,0,7.4,16.6,154
Talas,2025-05-26,02:00,2025-05-26T02:00,18.9,0,0,0,8.7,20.2,158
Talas,2025-05-26,03:00,2025-05-26T03:00,17.2,0,0,0,7.1,19.8,164
Talas,2025-05-26,04:00,2025-05-26T04:00,16,0,0,0,7.2,19.4,166
Talas,2025-05-26,05:00,2025-05-26T05:00,15.6,0,0,0,6.5,18,166
Talas,2025-05-26,06:00,2025-05-26T06:00,16.3,0,0,0,4.7,16.6,178
Talas,2025-05-26,07:00,2025-05-26T07:00,19.6,0,0,0,3.6,13,174
Talas,2025-05-26,08:00,2025-05-26T08:00,23.2,0,0,0,1.9,9.7,29
Talas,2025-05-26,09:00,2025-05-26T09:00,26,0,0,0,5.2,18.4,29
Talas,2025-05-26,10:00,2025-05-26T10:00,28.1,0,0,0,5.6,21.2,48
Talas,2025-05-26,11:00,2025-05-26T11:00,29.5,0,0,0,3.9,21.2,118
Talas,2025-05-26,12:00,2025-05-26T12:00,29.5,0,0,0,8.1,23,127
Talas,2025-05-26,13:00,2025-05-26T13:00,30.3,0,0,0,10.2,26.6,113
Talas,2025-05-26,14:00,2025-05-26T14:00,30.8,0,0,0,10.8,28.1,122
Talas,2025-05-26,15:00,2025-05-26T15:00,30.4,0,0,0,12,28.8,148
Talas,2025-05-26,16:00,2025-05-26T16:00,31,0,0,0,2,23.4,297
Talas,2025-05-26,17:00,2025-05-26T17:00,29.3,0,0,0,5.5,19.1,189
Talas,2025-05-26,18:00,2025-05-26T18:00,21.7,3.3,3.3,0,11,24.5,304
Talas,2025-05-26,19:00,2025-05-26T19:00,22.1,0,0,0,2.9,24.1,169
Talas,2025-05-26,20:00,2025-05-26T20:00,20.5,0,0,0,2.7,8.3,113
Talas,2025-05-26,21:00,2025-05-26T21:00,19,0,0,0,0.7,5.8,166
Talas,2025-05-26,22:00,2025-05-26T22:00,18.9,0,0,0,5.1,11.5,184
Talas,2025-05-26,23:00,2025-05-26T23:00,17,0.5,0.5,0,10.7,27.7,230
Talas,2025-05-27,00:00,2025-05-27T00:00,17,0.1,0.1,0,5.2,19.4,146
Talas,2025-05-27,01:00,2025-05-27T01:00,17.1,0.4,0.4,0,8.2,21.2,130
Talas,2025-05-27,02:00,2025-05-27T02:00,15.7,0,0,0,5.6,18.4,147
Talas,2025-05-27,03:00,2025-05-27T03:00,14.9,0,0,0,8.3,19.4,150
Talas,2025-05-27,04:00,2025-05-27T04:00,14.9,0.1,0.1,0,5.6,24.1,158
Talas,2025-05-27,05:00,2025-05-27T05:00,14.6,0,0,0,4.9,14.8,172
Talas,2025-05-27,06:00,2025-05-27T06:00,15.1,0,0,0,6.3,15.5,180
Talas,2025-05-27,07:00,2025-05-27T07:00,17.9,0,0,0,6.1,20.2,156
Talas,2025-05-27,08:00,2025-05-27T08:00,21.6,0,0,0,2.3,13,141
Talas,2025-05-27,09:00,2025-05-27T09:00,23.6,0,0,0,1.1,13,171
Talas,2025-05-27,10:00,2025-05-27T10:00,25.1,0,0,0,1,16.6,225
Talas,2025-05-27,11:00,2025-05-27T11:00,25.8,0.1,0.1,0,1.8,18.4,276
Talas,2025-05-27,12:00,2025-05-27T12:00,27,0,0,0,3.6,19.4,315
Talas,2025-05-27,13:00,2025-05-27T13:00,27.5,0,0,0,2.6,20.5,254
Talas,2025-05-27,14:00,2025-05-27T14:00,26.2,0,0,0,4.2,20.9,348
Talas,2025-05-27,15:00,2025-05-27T15:00,26.2,0,0,0,5.1,27.7,108
Talas,2025-05-27,16:00,2025-05-27T16:00,23.8,0,0,0,12.6,38.2,316
Talas,2025-05-27,17:00,2025-05-27T17:00,23,0.6,0.6,0,4.2,31.7,355
Talas,2025-05-27,18:00,2025-05-27T18:00,21.9,0,0,0,13,26.6,185
Talas,2025-05-27,19:00,2025-05-27T19:00,21.9,0,0,0,5.9,25.9,194
Talas,2025-05-27,20:00,2025-05-27T20:00,19.9,0,0,0,3.3,9,174
Talas,2025-05-27,21:00,2025-05-27T21:00,19,0,0,0,1.8,6.1,174
Talas,2025-05-27,22:00,2025-05-27T22:00,18.1,0,0,0,4.5,8.3,203
Talas,2025-05-27,23:00,2025-05-27T23:00,18.4,0,0,0,10.3,19.1,232
Talas,2025-05-28,00:00,2025-05-28T00:00,17.2,0,0,0,11.6,22,233
Talas,2025-05-28,01:00,2025-05-28T01:00,16.1,0,0,0,9.8,21.6,232
Talas,2025-05-28,02:00,2025-05-28T02:00,15.3,0,0,0,9.3,18.4,233
Talas,2025-05-28,03:00,2025-05-28T03:00,14.6,0,0,0,10.4,19.8,236
Talas,2025-05-28,04:00,2025-05-28T04:00,13.4,0.3,0.3,0,11.3,25.6,245
Talas,2025-05-28,05:00,2025-05-28T05:00,13.2,0.1,0.1,0,8.6,21.6,250
Talas,2025-05-28,06:00,2025-05-28T06:00,13.5,0,0,0,9,19.4,270
Talas,2025-05-28,07:00,2025-05-28T07:00,13.8,0,0,0,7.9,19.1,282
Talas,2025-05-28,08:00,2025-05-28T08:00,14.3,0.3,0.3,0,8.2,21.2,292
Talas,2025-05-28,09:00,2025-05-28T09:00,15.2,0.9,0.9,0,12.3,27,300
Talas,2025-05-28,10:00,2025-05-28T10:00,14.1,1.4,1.4,0,17.5,37.4,302
Talas,2025-05-28,11:00,2025-05-28T11:00,14.4,1,1,0,11.9,37.1,285
Talas,2025-05-28,12:00,2025-05-28T12:00,15.1,2,2,0,4.5,27,313
Talas,2025-05-28,13:00,2025-05-28T13:00,15.7,1,1,0,4.9,18.7,354
Talas,2025-05-28,14:00,2025-05-28T14:00,17.3,0,0,0,6.8,23.8,343
Talas,2025-05-28,15:00,2025-05-28T15:00,18.7,0,0,0,8.6,26.6,327
Talas,2025-05-28,16:00,2025-05-28T16:00,19.5,0,0,0,8.6,26.3,330
Talas,2025-05-28,17:00,2025-05-28T17:00,19.3,0,0,0,6.9,26.3,335
Talas,2025-05-28,18:00,2025-05-28T18:00,19.2,0,0,0,1.3,22,360
Talas,2025-05-28,19:00,2025-05-28T19:00,18.7,0,0,0,2.8,11.2,169
Talas,2025-05-28,20:00,2025-05-28T20:00,16.2,0,0,0,3.6,7.6,207
Talas,2025-05-28,21:00,2025-05-28T21:00,16.1,0,0,0,1.5,6.8,225
Talas,2025-05-28,22:00,2025-05-28T22:00,15.8,0,0,0,0.5,5,90
Talas,2025-05-28,23:00,2025-05-28T23:00,14.3,0,0,0,3.2,6.8,133
Talas,2025-05-29,00:00,2025-05-29T00:00,13.3,0,0,0,4.2,10.1,108
Talas,2025-05-29,01:00,2025-05-29T01:00,12.5,0,0,0,3.9,10.1,133
Talas,2025-05-29,02:00,2025-05-29T02:00,12.4,0,0,0,1.7,9,148
Talas,2025-05-29,03:00,2025-05-29T03:00,11.8,0,0,0,1.4,5.4,113
Talas,2025-05-29,04:00,2025-05-29T04:00,12.1,0,0,0,1,7.6,135
Talas,2025-05-29,05:00,2025-05-29T05:00,11.6,0,0,0,0.7,4.3,166
Talas,2025-05-29,06:00,2025-05-29T06:00,11.8,0,0,0,2.5,5.8,135
Talas,2025-05-29,07:00,2025-05-29T07:00,14.3,0,0,0,2.1,9.4,38
Talas,2025-05-29,08:00,2025-05-29T08:00,16.3,0,0,0,4.7,17.3,40
Talas,2025-05-29,09:00,2025-05-29T09:00,18.1,0,0,0,6.5,22,39
Talas,2025-05-29,10:00,2025-05-29T10:00,19.5,0,0,0,7.7,25.6,37
Talas,2025-05-29,11:00,2025-05-29T11:00,20.7,0,0,0,7.3,25.6,38
Talas,2025-05-29,12:00,2025-05-29T12:00,21.1,0,0,0,6.9,25.6,33
Talas,2025-05-29,13:00,2025-05-29T13:00,22,0,0,0,8.9,28.8,29
Talas,2025-05-29,14:00,2025-05-29T14:00,21.5,0,0,0,3.4,27.7,302
Talas,2025-05-29,15:00,2025-05-29T15:00,21.4,0,0,0,5.9,19.1,268
Talas,2025-05-29,16:00,2025-05-29T16:00,17.8,1.6,1.6,0,8.6,29.5,203
Talas,2025-05-29,17:00,2025-05-29T17:00,16.3,4.2,4.2,0,4.7,23.8,90
Talas,2025-05-29,18:00,2025-05-29T18:00,14.9,0.8,0.8,0,2.7,17.3,352
Talas,2025-05-29,19:00,2025-05-29T19:00,13.9,0.3,0.3,0,7.1,19.1,34
Talas,2025-05-29,20:00,2025-05-29T20:00,12.9,0,0,0,4,18,3
Talas,2025-05-29,21:00,2025-05-29T21:00,11.5,0.6,0.6,0,2,10.1,225
Talas,2025-05-29,22:00,2025-05-29T22:00,11.9,0.2,0.2,0,3.1,7.6,159
Talas,2025-05-29,23:00,2025-05-29T23:00,12.1,0.1,0.1,0,1.3,7.9,360
Talas,2025-05-30,00:00,2025-05-30T00:00,11.5,1.2,1.2,0,3.1,9,77
Talas,2025-05-30,01:00,2025-05-30T01:00,11.4,2.5,2.5,0,1.2,9.4,333
Talas,2025-05-30,02:00,2025-05-30T02:00,10.8,0.9,0.9,0,2.8,7.6,259
Talas,2025-05-30,03:00,2025-05-30T03:00,10.7,0,0,0,2.6,5.8,65
Talas,2025-05-30,04:00,2025-05-30T04:00,9.3,3.3,3.3,0,6.3,25.6,183
Talas,2025-05-30,05:00,2025-05-30T05:00,9.6,0.8,0.8,0,4.4,11.5,189
Talas,2025-05-30,06:00,2025-05-30T06:00,10.1,0.2,0.2,0,4.6,8.6,36
Talas,2025-05-30,07:00,2025-05-30T07:00,10.7,0,0,0,5,14.4,19
Talas,2025-05-30,08:00,2025-05-30T08:00,12.4,0,0,0,4.3,16.2,22
Talas,2025-05-30,09:00,2025-05-30T09:00,14.3,0,0,0,4.8,19.4,25
Talas,2025-05-30,10:00,2025-05-30T10:00,15.8,0,0,0,5.8,21.6,5
Talas,2025-05-30,11:00,2025-05-30T11:00,15.9,0.1,0.1,0,8.7,27.4,5
Talas,2025-05-30,12:00,2025-05-30T12:00,16.6,0.9,0.9,0,5.3,26.3,298
Talas,2025-05-30,13:00,2025-05-30T13:00,15.3,0.8,0.8,0,11.9,31.7,2
Talas,2025-05-30,14:00,2025-05-30T14:00,13.2,0.9,0.9,0,9.6,38.5,37
Talas,2025-05-30,15:00,2025-05-30T15:00,14.7,0.8,0.8,0,4,24.5,51
Talas,2025-05-30,16:00,2025-05-30T16:00,17.9,0.3,0.3,0,3,27,25
Talas,2025-05-30,17:00,2025-05-30T17:00,14.8,2.9,2.9,0,5.4,18.4,310
Talas,2025-05-30,18:00,2025-05-30T18:00,15,0.5,0.5,0,6.6,19.8,45
Talas,2025-05-30,19:00,2025-05-30T19:00,13.9,4.9,4.9,0,7.2,18,267
Talas,2025-05-30,20:00,2025-05-30T20:00,12.4,0.4,0.4,0,1.3,20.5,214
Talas,2025-05-30,21:00,2025-05-30T21:00,11.8,2.7,2.7,0,3.4,7.9,6
Talas,2025-05-30,22:00,2025-05-30T22:00,11.7,1.2,1.2,0,0.2,8.3,180
Talas,2025-05-30,23:00,2025-05-30T23:00,11.4,2.6,2.6,0,2.8,8.3,108
Talas,2025-05-31,00:00,2025-05-31T00:00,11.1,0.3,0.3,0,4.1,9,131
Talas,2025-05-31,01:00,2025-05-31T01:00,10.6,0,0,0,2.1,9.4,149
Talas,2025-05-31,02:00,2025-05-31T02:00,9.4,0,0,0,1.7,5,148
Talas,2025-05-31,03:00,2025-05-31T03:00,8.9,0,0,0,2,5,153
Talas,2025-05-31,04:00,2025-05-31T04:00,8.4,0,0,0,2.1,6.8,165
Talas,2025-05-31,05:00,2025-05-31T05:00,8.2,0,0,0,3.2,6.8,153
Talas,2025-05-31,06:00,2025-05-31T06:00,9,0,0,0,4.2,9,149
Talas,2025-05-31,07:00,2025-05-31T07:00,11.7,0,0,0,5.3,11.9,145
Talas,2025-05-31,08:00,2025-05-31T08:00,13.8,0,0,0,2.7,12.6,94
Talas,2025-05-31,09:00,2025-05-31T09:00,16,0,0,0,3.7,18.7,43
Talas,2025-05-31,10:00,2025-05-31T10:00,17.8,0.1,0.1,0,3.7,19.4,29
Talas,2025-05-31,11:00,2025-05-31T11:00,19.4,0,0,0,6.5,23.8,8
Talas,2025-05-31,12:00,2025-05-31T12:00,20.5,0,0,0,5.4,25.2,354
Talas,2025-05-31,13:00,2025-05-31T13:00,21.1,0,0,0,2.8,22.3,325
Talas,2025-05-31,14:00,2025-05-31T14:00,21.6,0,0,0,2.9,18,356
Talas,2025-05-31,15:00,2025-05-31T15:00,22,0,0,0,3.8,19.1,349
Talas,2025-05-31,16:00,2025-05-31T16:00,22.7,0,0,0,7.2,20.5,148
Talas,2025-05-31,17:00,2025-05-31T17:00,22.6,0,0,0,8.9,20.9,151
Talas,2025-05-31,18:00,2025-05-31T18:00,21.5,0,0,0,9.2,20.9,152
Talas,2025-05-31,19:00,2025-05-31T19:00,19.5,0,0,0,9.6,19.4,131
Talas,2025-05-31,20:00,2025-05-31T20:00,16.8,0,0,0,7.9,21.2,147
Talas,2025-05-31,21:00,2025-05-31T21:00,14,0,0,0,6.9,17.6,166
Talas,2025-05-31,22:00,2025-05-31T22:00,12,0,0,0,8.6,19.8,170
Talas,2025-05-31,23:00,2025-05-31T23:00,12.7,0,0,0,9.2,20.5,168
Talas,2025-06-01,00:00,2025-06-01T00:00,13.1,0.7,0.7,0,16.3,31.3,158
Talas,2025-06-01,01:00,2025-06-01T01:00,11.4,2.2,2.2,0,12.1,32.8,145
Talas,2025-06-01,02:00,2025-06-01T02:00,11.3,2.7,2.7,0,7.7,24.1,118
Talas,2025-06-01,03:00,2025-06-01T03:00,11.5,1.3,1.3,0,8.1,17.3,122
Talas,2025-06-01,04:00,2025-06-01T04:00,9.3,5.4,5.4,0,12.9,28.4,168
Talas,2025-06-01,05:00,2025-06-01T05:00,9.2,0.9,0.9,0,7.9,25.2,145
Talas,2025-06-01,06:00,2025-06-01T06:00,10.1,0,0,0,8,18.4,157
Talas,2025-06-01,07:00,2025-06-01T07:00,12.5,0,0,0,6.9,18,173
Talas,2025-06-01,08:00,2025-06-01T08:00,15.1,0,0,0,4.9,15.8,107
Talas,2025-06-01,09:00,2025-06-01T09:00,17.2,0,0,0,8.5,23,89
Talas,2025-06-01,10:00,2025-06-01T10:00,18.6,0,0,0,8.8,25.9,67
Talas,2025-06-01,11:00,2025-06-01T11:00,19.9,0,0,0,7.2,28.1,65
Talas,2025-06-01,12:00,2025-06-01T12:00,19.7,0,0,0,1.6,24.8,243
Talas,2025-06-01,13:00,2025-06-01T13:00,20.9,0,0,0,5.1,19.1,39
Talas,2025-06-01,14:00,2025-06-01T14:00,19.8,0.1,0.1,0,5.2,29.5,270
Talas,2025-06-01,15:00,2025-06-01T15:00,18.2,2.2,2.2,0,12.3,31,326
Talas,2025-06-01,16:00,2025-06-01T16:00,21.4,0,0,0,3.4,20.9,344
Talas,2025-06-01,17:00,2025-06-01T17:00,19.3,0.1,0.1,0,6.8,19.8,282
Talas,2025-06-01,18:00,2025-06-01T18:00,18.8,0.2,0.2,0,4.4,19.4,192
Talas,2025-06-01,19:00,2025-06-01T19:00,15.8,3.7,3.7,0,7.6,15.8,313
Talas,2025-06-01,20:00,2025-06-01T20:00,14,0.4,0.4,0,1.4,16.9,230
Talas,2025-06-01,21:00,2025-06-01T21:00,13.7,0,0,0,1.4,4.3,67
Talas,2025-06-01,22:00,2025-06-01T22:00,12.7,0,0,0,1.2,5,39
Talas,2025-06-01,23:00,2025-06-01T23:00,12.5,0,0,0,0.2,5,90
Talas,2025-06-02,00:00,2025-06-02T00:00,12,0,0,0,1.5,4,173
Talas,2025-06-02,01:00,2025-06-02T01:00,11.7,0,0,0,0.6,3.6,108
Talas,2025-06-02,02:00,2025-06-02T02:00,11.4,0,0,0,1,4.3,68
Talas,2025-06-02,03:00,2025-06-02T03:00,10.9,0,0,0,1.5,6.1,36
Talas,2025-06-02,04:00,2025-06-02T04:00,10.9,0,0,0,1.8,6.5,24
Talas,2025-06-02,05:00,2025-06-02T05:00,10.3,0,0,0,0.9,5.8,143
Talas,2025-06-02,06:00,2025-06-02T06:00,10.8,0,0,0,2.2,5.8,171
Talas,2025-06-02,07:00,2025-06-02T07:00,12.1,0.2,0.2,0,4.7,11.2,227
Talas,2025-06-02,08:00,2025-06-02T08:00,12.9,0,0,0,4.3,12.6,275
Talas,2025-06-02,09:00,2025-06-02T09:00,14,0,0,0,6.7,19.4,306
Talas,2025-06-02,10:00,2025-06-02T10:00,14.8,0,0,0,6.6,21.2,315
Talas,2025-06-02,11:00,2025-06-02T11:00,15.5,0.1,0.1,0,5.4,20.9,304
Talas,2025-06-02,12:00,2025-06-02T12:00,17.2,0.1,0.1,0,6.9,21.2,301
Talas,2025-06-02,13:00,2025-06-02T13:00,18.4,0,0,0,9.3,26.6,310
Talas,2025-06-02,14:00,2025-06-02T14:00,18.4,0.1,0.1,0,9,27,317
Talas,2025-06-02,15:00,2025-06-02T15:00,19.3,0,0,0,7.9,25.9,319
Talas,2025-06-02,16:00,2025-06-02T16:00,13.9,1.8,1.8,0,7.5,20.9,294
Talas,2025-06-02,17:00,2025-06-02T17:00,13.8,2.2,2.2,0,6.4,16.9,254
Talas,2025-06-02,18:00,2025-06-02T18:00,13.9,1.1,1.1,0,7.2,20.9,231
Talas,2025-06-02,19:00,2025-06-02T19:00,13.7,0.1,0.1,0,3.6,13.7,273
Talas,2025-06-02,20:00,2025-06-02T20:00,12.3,0,0,0,4.7,8.3,196
Talas,2025-06-02,21:00,2025-06-02T21:00,11.5,0,0,0,3.5,7.2,195
Talas,2025-06-02,22:00,2025-06-02T22:00,11.6,0,0,0,4.1,7.9,193
Talas,2025-06-02,23:00,2025-06-02T23:00,10.6,0,0,0,3.1,6.5,183
Talas,2025-06-03,00:00,2025-06-03T00:00,10.3,0,0,0,2.8,6.1,165
Talas,2025-06-03,01:00,2025-06-03T01:00,10,0,0,0,2.4,6.1,163
Talas,2025-06-03,02:00,2025-06-03T02:00,9.7,0,0,0,3.1,6.1,173
Talas,2025-06-03,03:00,2025-06-03T03:00,9.4,0,0,0,1.7,6.1,162
Talas,2025-06-03,04:00,2025-06-03T04:00,9,0,0,0,2.2,6.1,132
Talas,2025-06-03,05:00,2025-06-03T05:00,8.4,0,0,0,3.4,7.2,148
Talas,2025-06-03,06:00,2025-06-03T06:00,9.2,0,0,0,3,7.2,166
Talas,2025-06-03,07:00,2025-06-03T07:00,11,0,0,0,3.3,10.1,171
Talas,2025-06-03,08:00,2025-06-03T08:00,12.7,0,0,0,3.6,13.3,233
Talas,2025-06-03,09:00,2025-06-03T09:00,14.3,0,0,0,2.8,16.2,297
Talas,2025-06-03,10:00,2025-06-03T10:00,15.4,0.1,0.1,0,4.1,18,326
Talas,2025-06-03,11:00,2025-06-03T11:00,15.9,0.2,0.2,0,6.9,26.3,311
Talas,2025-06-03,12:00,2025-06-03T12:00,17.2,0.1,0.1,0,6.6,28.4,307
Talas,2025-06-03,13:00,2025-06-03T13:00,18.4,0,0,0,7.3,28.8,320
Talas,2025-06-03,14:00,2025-06-03T14:00,16.3,3.3,3.3,0,15.1,33.8,315
Talas,2025-06-03,15:00,2025-06-03T15:00,16.5,0.2,0.2,0,4.6,33.8,201
Talas,2025-06-03,16:00,2025-06-03T16:00,18.5,0.5,0.5,0,11.7,34.2,340
Talas,2025-06-03,17:00,2025-06-03T17:00,18.5,0.2,0.2,0,12.2,32,336
Talas,2025-06-03,18:00,2025-06-03T18:00,17,1.3,1.3,0,7.7,32,321
Talas,2025-06-03,19:00,2025-06-03T19:00,16.1,0.8,0.8,0,5.8,22.7,292
Talas,2025-06-03,20:00,2025-06-03T20:00,14.6,0,0,0,6.7,16.2,250
Talas,2025-06-03,21:00,2025-06-03T21:00,13.5,0,0,0,4.4,18,238
Talas,2025-06-03,22:00,2025-06-03T22:00,12.8,0,0,0,4,10.1,212
Talas,2025-06-03,23:00,2025-06-03T23:00,12.4,0,0,0,1.5,8.6,187
Talas,2025-06-04,00:00,2025-06-04T00:00,11.3,0,0,0,2.6,7.6,129
Talas,2025-06-04,01:00,2025-06-04T01:00,10.2,0,0,0,4,9.4,148
Talas,2025-06-04,02:00,2025-06-04T02:00,9.4,0,0,0,4.2,9.4,162
Talas,2025-06-04,03:00,2025-06-04T03:00,8.8,0,0,0,3.6,8.6,171
Talas,2025-06-04,04:00,2025-06-04T04:00,8.8,0,0,0,4.3,10.8,185
Talas,2025-06-04,05:00,2025-06-04T05:00,8.3,0,0,0,2.9,9,184
Talas,2025-06-04,06:00,2025-06-04T06:00,8.9,0,0,0,3.7,7.6,169
Talas,2025-06-04,07:00,2025-06-04T07:00,11.2,0,0,0,6.1,12.6,180
Talas,2025-06-04,08:00,2025-06-04T08:00,13,0,0,0,5.4,14.8,201
Talas,2025-06-04,09:00,2025-06-04T09:00,14.6,0,0,0,3.1,15.8,257
Talas,2025-06-04,10:00,2025-06-04T10:00,16.1,0,0,0,2.9,16.9,313
Talas,2025-06-04,11:00,2025-06-04T11:00,17.6,0,0,0,6.9,23.8,332
Talas,2025-06-04,12:00,2025-06-04T12:00,18.7,0,0,0,7.5,24.1,287
Talas,2025-06-04,13:00,2025-06-04T13:00,20.4,0,0,0,9.8,26.3,301
Talas,2025-06-04,14:00,2025-06-04T14:00,21.5,0,0,0,13.3,33.8,322
Talas,2025-06-04,15:00,2025-06-04T15:00,21.4,0,0,0,14.4,34.6,320
Talas,2025-06-04,16:00,2025-06-04T16:00,21.6,0,0,0,15.3,35.6,312
Talas,2025-06-04,17:00,2025-06-04T17:00,21.5,0,0,0,17.4,39.2,321
Talas,2025-06-04,18:00,2025-06-04T18:00,21.1,0,0,0,15.7,38.9,324
Talas,2025-06-04,19:00,2025-06-04T19:00,19.5,0,0,0,9.1,34.2,322
Talas,2025-06-04,20:00,2025-06-04T20:00,16.2,0,0,0,5.8,22,300
Talas,2025-06-04,21:00,2025-06-04T21:00,15.7,0,0,0,4.4,14.8,277
Talas,2025-06-04,22:00,2025-06-04T22:00,15.7,0,0,0,2.3,12.2,288
Talas,2025-06-04,23:00,2025-06-04T23:00,13.8,0,0,0,1.4,9,113
Talas,2025-06-05,00:00,2025-06-05T00:00,11.7,0,0,0,5,10.1,159
Talas,2025-06-05,01:00,2025-06-05T01:00,10.9,0,0,0,4.6,10.4,167
Talas,2025-06-05,02:00,2025-06-05T02:00,10.4,0,0,0,3.8,9.4,155
Talas,2025-06-05,03:00,2025-06-05T03:00,10.3,0,0,0,2.2,7.9,145
Talas,2025-06-05,04:00,2025-06-05T04:00,9.7,0,0,0,2.2,6.1,138
Talas,2025-06-05,05:00,2025-06-05T05:00,9.4,0,0,0,2.2,5.8,138
Talas,2025-06-05,06:00,2025-06-05T06:00,9.8,0,0,0,1.9,5.4,146
Talas,2025-06-05,07:00,2025-06-05T07:00,12.3,0,0,0,2.9,7.2,169
Talas,2025-06-05,08:00,2025-06-05T08:00,14.5,0,0,0,1.5,9.7,249
Talas,2025-06-05,09:00,2025-06-05T09:00,16.5,0,0,0,1.3,12.2,278
Talas,2025-06-05,10:00,2025-06-05T10:00,18.3,0,0,0,1.4,14,293
Talas,2025-06-05,11:00,2025-06-05T11:00,19.9,0,0,0,2.6,16.6,335
Talas,2025-06-05,12:00,2025-06-05T12:00,21.3,0,0,0,3.1,18,336
Talas,2025-06-05,13:00,2025-06-05T13:00,22.4,0,0,0,4.3,19.8,338
Talas,2025-06-05,14:00,2025-06-05T14:00,23.2,0,0,0,4.8,20.5,329
Talas,2025-06-05,15:00,2025-06-05T15:00,23.8,0,0,0,4.7,20.5,320
Talas,2025-06-05,16:00,2025-06-05T16:00,24,0,0,0,1.4,15.8,310
Talas,2025-06-05,17:00,2025-06-05T17:00,24,0,0,0,2.3,13.7,238
Talas,2025-06-05,18:00,2025-06-05T18:00,23.6,0,0,0,4.1,12.2,229
Talas,2025-06-05,19:00,2025-06-05T19:00,21.6,0,0,0,5.2,10.4,194
Talas,2025-06-05,20:00,2025-06-05T20:00,18.8,0,0,0,4.5,11.2,173
Talas,2025-06-05,21:00,2025-06-05T21:00,17.2,0,0,0,5.4,13,159
Talas,2025-06-05,22:00,2025-06-05T22:00,16.4,0,0,0,6,14,153
Talas,2025-06-05,23:00,2025-06-05T23:00,15.5,0,0,0,5.5,14,157
Talas,2025-06-06,00:00,2025-06-06T00:00,14.4,0,0,0,4.2,12.2,168
Talas,2025-06-06,01:00,2025-06-06T01:00,13.9,0,0,0,3.4,9,162
Talas,2025-06-06,02:00,2025-06-06T02:00,13.6,0,0,0,2.9,7.6,158
Talas,2025-06-06,03:00,2025-06-06T03:00,13.4,0,0,0,1.9,6.5,151
Talas,2025-06-06,04:00,2025-06-06T04:00,12.7,0,0,0,2.2,6.5,138
Talas,2025-06-06,05:00,2025-06-06T05:00,12.3,0,0,0,2.1,6.1,142
Talas,2025-06-06,06:00,2025-06-06T06:00,13,0,0,0,2.1,6.1,149
Talas,2025-06-06,07:00,2025-06-06T07:00,15.6,0,0,0,2.4,6.8,171
Talas,2025-06-06,08:00,2025-06-06T08:00,17.9,0,0,0,1.3,9.7,254
Talas,2025-06-06,09:00,2025-06-06T09:00,19.9,0,0,0,0.7,11.9,270
Talas,2025-06-06,10:00,2025-06-06T10:00,21.5,0,0,0,0.5,13.3,315
Talas,2025-06-06,11:00,2025-06-06T11:00,23,0,0,0,1.5,15.5,339
Talas,2025-06-06,12:00,2025-06-06T12:00,24.3,0,0,0,3.3,18.4,351
Talas,2025-06-06,13:00,2025-06-06T13:00,25.3,0,0,0,5.2,21.2,344
Talas,2025-06-06,14:00,2025-06-06T14:00,25.9,0,0,0,6,22.3,333
Talas,2025-06-06,15:00,2025-06-06T15:00,26.5,0,0,0,4.8,22,326
Talas,2025-06-06,16:00,2025-06-06T16:00,26.8,0,0,0,5.4,20.2,276
Talas,2025-06-06,17:00,2025-06-06T17:00,27,0,0,0,8.5,22,325
Talas,2025-06-06,18:00,2025-06-06T18:00,26,0,0,0,12.3,28.4,342
Talas,2025-06-06,19:00,2025-06-06T19:00,23.9,0,0,0,6.9,27.7,332
Talas,2025-06-06,20:00,2025-06-06T20:00,20.7,0,0,0,5.7,17.3,323
Talas,2025-06-06,21:00,2025-06-06T21:00,19.4,0,0,0,3.1,14.4,83
Talas,2025-06-06,22:00,2025-06-06T22:00,17.3,0,0,0,5.3,11.9,147
Talas,2025-06-06,23:00,2025-06-06T23:00,16.3,0,0,0,3.9,11.5,164
Talas,2025-06-07,00:00,2025-06-07T00:00,15.8,0,0,0,2.6,8.6,168
Talas,2025-06-07,01:00,2025-06-07T01:00,15,0,0,0,1.6,6.1,153
Talas,2025-06-07,02:00,2025-06-07T02:00,14.1,0,0,0,1.6,5,153
Talas,2025-06-07,03:00,2025-06-07T03:00,13.2,0,0,0,2.4,5.4,163
Talas,2025-06-07,04:00,2025-06-07T04:00,12.2,0,0,0,1.5,4.3,173
Talas,2025-06-07,05:00,2025-06-07T05:00,11.8,0,0,0,1.5,4,194
Talas,2025-06-07,06:00,2025-06-07T06:00,12.3,0,0,0,0.8,3.6,207
Talas,2025-06-07,07:00,2025-06-07T07:00,14.2,0,0,0,2.6,5.8,214
Talas,2025-06-07,08:00,2025-06-07T08:00,16.7,0,0,0,1.5,10.1,240
Talas,2025-06-07,09:00,2025-06-07T09:00,19.4,0,0,0,1.3,12.6,16
Talas,2025-06-07,10:00,2025-06-07T10:00,21.3,0,0,0,3.1,16.9,31
Talas,2025-06-07,11:00,2025-06-07T11:00,23,0,0,0,3.6,18.7,20
Talas,2025-06-07,12:00,2025-06-07T12:00,24.4,0,0,0,4.6,20.9,11
Talas,2025-06-07,13:00,2025-06-07T13:00,25.6,0,0,0,5.1,21.6,17
Talas,2025-06-07,14:00,2025-06-07T14:00,26.7,0,0,0,5.9,22.7,23
Talas,2025-06-07,15:00,2025-06-07T15:00,27.5,0,0,0,6.7,23,19
Talas,2025-06-07,16:00,2025-06-07T16:00,27.3,0,0,0,7.9,24.5,30
Talas,2025-06-07,17:00,2025-06-07T17:00,27.2,0,0,0,7.5,24.1,24
Talas,2025-06-07,18:00,2025-06-07T18:00,26.5,0,0,0,7.3,21.6,25
Talas,2025-06-07,19:00,2025-06-07T19:00,24,0,0,0,3.6,18.4,45
Talas,2025-06-07,20:00,2025-06-07T20:00,20.9,0,0,0,2.9,10.1,101
Talas,2025-06-07,21:00,2025-06-07T21:00,18.8,0,0,0,5.1,12.6,122
Talas,2025-06-07,22:00,2025-06-07T22:00,17.6,0,0,0,4.5,13.3,146
Talas,2025-06-07,23:00,2025-06-07T23:00,16.8,0,0,0,3.5,11.2,168
Talas,2025-06-08,00:00,2025-06-08T00:00,16,0,0,0,2.6,8.3,141
Talas,2025-06-08,01:00,2025-06-08T01:00,14.7,0,0,0,2.7,7.6,157
Talas,2025-06-08,02:00,2025-06-08T02:00,14.7,0,0,0,0.7,6.8,166
Talas,2025-06-08,03:00,2025-06-08T03:00,14.7,0,0,0,0.5,3.6,180
Talas,2025-06-08,04:00,2025-06-08T04:00,13.5,0,0,0,0.2,5,180
Talas,2025-06-08,05:00,2025-06-08T05:00,13,0,0,0,0.4,2.5,180
Talas,2025-06-08,06:00,2025-06-08T06:00,13.6,0,0,0,0.7,3.2,166
Talas,2025-06-08,07:00,2025-06-08T07:00,16,0,0,0,1,4.3,248
Talas,2025-06-08,08:00,2025-06-08T08:00,18,0,0,0,1.8,10.4,354
Talas,2025-06-08,09:00,2025-06-08T09:00,20.2,0,0,0,3.2,15.1,357
Talas,2025-06-08,10:00,2025-06-08T10:00,22.5,0,0,0,4.4,18.4,348
Talas,2025-06-08,11:00,2025-06-08T11:00,24.7,0,0,0,6.7,22.7,352
Talas,2025-06-08,12:00,2025-06-08T12:00,26.4,0,0,0,9.3,27.4,347
Talas,2025-06-08,13:00,2025-06-08T13:00,27.8,0,0,0,10.5,29.5,335
Talas,2025-06-08,14:00,2025-06-08T14:00,28.5,0,0,0,11.3,31,316
Talas,2025-06-08,15:00,2025-06-08T15:00,28.8,0,0,0,9.8,30.6,310
Talas,2025-06-08,16:00,2025-06-08T16:00,29,0,0,0,9.3,25.9,298
Talas,2025-06-08,17:00,2025-06-08T17:00,28.8,0,0,0,9.7,25.2,312
Talas,2025-06-08,18:00,2025-06-08T18:00,28,0,0,0,9.4,24.8,318
Talas,2025-06-08,19:00,2025-06-08T19:00,25.5,0,0,0,4.6,21.6,296
Talas,2025-06-08,20:00,2025-06-08T20:00,22.8,0,0,0,3.9,11.2,246
Talas,2025-06-08,21:00,2025-06-08T21:00,21.7,0,0,0,5.3,10.8,237
Talas,2025-06-08,22:00,2025-06-08T22:00,21.1,0,0,0,7.9,14.4,213
Talas,2025-06-08,23:00,2025-06-08T23:00,19.5,0,0,0,7.2,17.3,192
Talas,2025-06-09,00:00,2025-06-09T00:00,18,0,0,0,3.1,14,167
Talas,2025-06-09,01:00,2025-06-09T01:00,18.1,0,0,0,2.7,6.5,157
Talas,2025-06-09,02:00,2025-06-09T02:00,17.8,0,0,0,1,6.1,135
Talas,2025-06-09,03:00,2025-06-09T03:00,17.2,0,0,0,0.6,3.6,146
Talas,2025-06-09,04:00,2025-06-09T04:00,16,0,0,0,0.6,3.6,162
Talas,2025-06-09,05:00,2025-06-09T05:00,15.6,0,0,0,0.6,2.5,198
Talas,2025-06-09,06:00,2025-06-09T06:00,15.9,0,0,0,0.2,2.2,180
Talas,2025-06-09,07:00,2025-06-09T07:00,18.2,0,0,0,0.8,3.2,243
Talas,2025-06-09,08:00,2025-06-09T08:00,20.1,0,0,0,2.7,11.2,328
Talas,2025-06-09,09:00,2025-06-09T09:00,22,0,0,0,4.5,16.6,331
Talas,2025-06-09,10:00,2025-06-09T10:00,24,0,0,0,5.7,20.2,328
Talas,2025-06-09,11:00,2025-06-09T11:00,25.9,0,0,0,7.7,24.5,336
Talas,2025-06-09,12:00,2025-06-09T12:00,27.7,0,0,0,9.5,27.4,333
Talas,2025-06-09,13:00,2025-06-09T13:00,29,0,0,0,11.5,31.3,325
Talas,2025-06-09,14:00,2025-06-09T14:00,29.8,0,0,0,11.7,31.3,314
Talas,2025-06-09,15:00,2025-06-09T15:00,30.3,0,0,0,12.7,32.8,306
Talas,2025-06-09,16:00,2025-06-09T16:00,30.3,0,0,0,12.1,29.9,297
Talas,2025-06-09,17:00,2025-06-09T17:00,29.9,0,0,0,13,31,314
Talas,2025-06-09,18:00,2025-06-09T18:00,29,0,0,0,12.3,31,325
Talas,2025-06-09,19:00,2025-06-09T19:00,26.9,0,0,0,6.4,28.1,324
Talas,2025-06-09,20:00,2025-06-09T20:00,23.4,0,0,0,4.9,16.2,262
Talas,2025-06-09,21:00,2025-06-09T21:00,22.1,0,0,0,6.3,10.8,219
Talas,2025-06-09,22:00,2025-06-09T22:00,21.3,0,0,0,6.6,13,201
Talas,2025-06-09,23:00,2025-06-09T23:00,19.7,0,0,0,5.7,13.7,191
Talas,2025-06-10,00:00,2025-06-10T00:00,18.9,0,0,0,1.9,10.8,163
Talas,2025-06-10,01:00,2025-06-10T01:00,18.1,0,0,0,2.4,6.1,167
Talas,2025-06-10,02:00,2025-06-10T02:00,17.7,0,0,0,1.8,6.1,169
Talas,2025-06-10,03:00,2025-06-10T03:00,17.1,0,0,0,1.1,4.7,162
Talas,2025-06-10,04:00,2025-06-10T04:00,16.8,0,0,0,0.9,3.6,169
Talas,2025-06-10,05:00,2025-06-10T05:00,15.9,0,0,0,1.1,2.5,189
Talas,2025-06-10,06:00,2025-06-10T06:00,16.1,0,0,0,1.3,2.9,214
Talas,2025-06-10,07:00,2025-06-10T07:00,18,0,0,0,3.9,7.6,254
Talas,2025-06-10,08:00,2025-06-10T08:00,19.9,0,0,0,2.4,11.5,287
Talas,2025-06-10,09:00,2025-06-10T09:00,22.2,0,0,0,2.5,14.8,330
Talas,2025-06-10,10:00,2025-06-10T10:00,24.3,0,0,0,4.8,19.8,338
Talas,2025-06-10,11:00,2025-06-10T11:00,26.1,0,0,0,6.2,23,324
Talas,2025-06-10,12:00,2025-06-10T12:00,27.5,0,0,0,8.1,26.6,325
Talas,2025-06-10,13:00,2025-06-10T13:00,28.6,0,0,0,9.8,29.9,329
Talas,2025-06-10,14:00,2025-06-10T14:00,29.5,0,0,0,10.1,30.6,333
Talas,2025-06-10,15:00,2025-06-10T15:00,30,0,0,0,9.4,29.9,325
Talas,2025-06-10,16:00,2025-06-10T16:00,29.8,0,0,0,8.3,26.6,312
Talas,2025-06-10,17:00,2025-06-10T17:00,29.6,0,0,0,8.2,25.2,293
Talas,2025-06-10,18:00,2025-06-10T18:00,29.4,0,0,0,6.5,23,304
Talas,2025-06-10,19:00,2025-06-10T19:00,27.8,0,0,0,9.5,22,25
Talas,2025-06-10,20:00,2025-06-10T20:00,24.8,0,0,0,9.7,29.9,40
Talas,2025-06-10,21:00,2025-06-10T21:00,22.2,0,0,0,6.2,23.8,44
Talas,2025-06-10,22:00,2025-06-10T22:00,20.4,0,0,0,5.7,16.9,46
Talas,2025-06-10,23:00,2025-06-10T23:00,19.2,0,0,0,3.2,15.1,74
Talas,2025-06-11,00:00,2025-06-11T00:00,18,0,0,0,2.6,9.7,141
Talas,2025-06-11,01:00,2025-06-11T01:00,17.1,0,0,0,2,7.9,180
Talas,2025-06-11,02:00,2025-06-11T02:00,16.9,0,0,0,0.4,6.5,180
Talas,2025-06-11,03:00,2025-06-11T03:00,15.6,0,0,0,0.5,4,135
Talas,2025-06-11,04:00,2025-06-11T04:00,14.7,0,0,0,0.8,5,153
Talas,2025-06-11,05:00,2025-06-11T05:00,14,0,0,0,0.4,4,180
Talas,2025-06-11,06:00,2025-06-11T06:00,14.5,0,0,0,0.6,2.2,198
Talas,2025-06-11,07:00,2025-06-11T07:00,16.7,0,0,0,4.1,10.4,299
Talas,2025-06-11,08:00,2025-06-11T08:00,18.4,0,0,0,4.9,16.2,324
Talas,2025-06-11,09:00,2025-06-11T09:00,20.5,0,0,0,6,20.2,331
Talas,2025-06-11,10:00,2025-06-11T10:00,22.6,0,0,0,7.2,23.4,333
Talas,2025-06-11,11:00,2025-06-11T11:00,24.8,0,0,0,8.3,26.3,340
Talas,2025-06-11,12:00,2025-06-11T12:00,26.6,0,0,0,9.8,29.2,336
Talas,2025-06-11,13:00,2025-06-11T13:00,27.8,0,0,0,11.4,31.7,331
Talas,2025-06-11,14:00,2025-06-11T14:00,28.9,0,0,0,12.5,33.5,315
Talas,2025-06-11,15:00,2025-06-11T15:00,29.4,0,0,0,14,35.3,316
Talas,2025-06-11,16:00,2025-06-11T16:00,30,0,0,0,15.7,37.8,316
Talas,2025-06-11,17:00,2025-06-11T17:00,29.8,0,0,0,16.6,39.6,320
Talas,2025-06-11,18:00,2025-06-11T18:00,29.1,0,0,0,13.6,38.5,298
Talas,2025-06-11,19:00,2025-06-11T19:00,28.2,0,0,0,7,30.2,249
Talas,2025-06-11,20:00,2025-06-11T20:00,25.3,0,0,0,6,13.7,241
Talas,2025-06-11,21:00,2025-06-11T21:00,23.8,0,0,0,3.6,13,229
Talas,2025-06-11,22:00,2025-06-11T22:00,23.5,0,0,0,1.7,9,212
Talas,2025-06-11,23:00,2025-06-11T23:00,21.8,0,0,0,6.1,10.4,208
Talas,2025-06-12,00:00,2025-06-12T00:00,20.7,0,0,0,2.2,11.5,185
Talas,2025-06-12,01:00,2025-06-12T01:00,19.8,0,0,0,1.4,4.3,140
Talas,2025-06-12,02:00,2025-06-12T02:00,19.1,0,0,0,1.6,5,174
Talas,2025-06-12,03:00,2025-06-12T03:00,18.7,0,0,0,0.8,4,135
Talas,2025-06-12,04:00,2025-06-12T04:00,17.3,0,0,0,1.1,3.2,261
Talas,2025-06-12,05:00,2025-06-12T05:00,16.7,0,0,0,0.3,3.2,225
Talas,2025-06-12,06:00,2025-06-12T06:00,17,0,0,0,0.8,2.2,135
Talas,2025-06-12,07:00,2025-06-12T07:00,19.5,0,0,0,2.6,6.8,78
Talas,2025-06-12,08:00,2025-06-12T08:00,22,0,0,0,4.1,14.4,23
Talas,2025-06-12,09:00,2025-06-12T09:00,24,0,0,0,6,19.8,357
Talas,2025-06-12,10:00,2025-06-12T10:00,25.8,0,0,0,8,24.8,340
Talas,2025-06-12,11:00,2025-06-12T11:00,27.5,0,0,0,7,25.9,342
Talas,2025-06-12,12:00,2025-06-12T12:00,29.2,0,0,0,7,25.2,350
Talas,2025-06-12,13:00,2025-06-12T13:00,30,0,0,0,8.7,27.4,330
Talas,2025-06-12,14:00,2025-06-12T14:00,30.8,0,0,0,9.9,28.8,316
Talas,2025-06-12,15:00,2025-06-12T15:00,31.1,0,0,0,13,32.8,317
Talas,2025-06-12,16:00,2025-06-12T16:00,31.3,0,0,0,13.9,34.6,324
Talas,2025-06-12,17:00,2025-06-12T17:00,30.6,0,0,0,12.4,34.9,319
Talas,2025-06-12,18:00,2025-06-12T18:00,30,0,0,0,7.1,30.2,324
Talas,2025-06-12,19:00,2025-06-12T19:00,29.1,0,0,0,3.6,18.4,189
Talas,2025-06-12,20:00,2025-06-12T20:00,26,0,0,0,4.4,9.7,187
Talas,2025-06-12,21:00,2025-06-12T21:00,23.5,0,0,0,7.6,15.8,187
Talas,2025-06-12,22:00,2025-06-12T22:00,22.3,0,0,0,5.2,17.6,192
Talas,2025-06-12,23:00,2025-06-12T23:00,21.4,0,0,0,1.5,11.5,126
Talas,2025-06-13,00:00,2025-06-13T00:00,20,0,0,0,3.3,16.6,139
Talas,2025-06-13,01:00,2025-06-13T01:00,19.5,0,0,0,1.3,8.6,164
Talas,2025-06-13,02:00,2025-06-13T02:00,18.8,0,0,0,1.8,6.1,143
Talas,2025-06-13,03:00,2025-06-13T03:00,18.3,0,0,0,1.6,6.5,153
Talas,2025-06-13,04:00,2025-06-13T04:00,17.9,0,0,0,1.5,6.5,150
Talas,2025-06-13,05:00,2025-06-13T05:00,17.6,0,0,0,0.2,5.8,180
Talas,2025-06-13,06:00,2025-06-13T06:00,17.9,0,0,0,0.5,3.6,180
Talas,2025-06-13,07:00,2025-06-13T07:00,20.1,0,0,0,2.7,7.2,250
Talas,2025-06-13,08:00,2025-06-13T08:00,22.2,0,0,0,2.8,12.6,315
Talas,2025-06-13,09:00,2025-06-13T09:00,24.6,0,0,0,3.9,16.9,332
Talas,2025-06-13,10:00,2025-06-13T10:00,26.8,0,0,0,4.8,19.4,331
Talas,2025-06-13,11:00,2025-06-13T11:00,28.7,0,0,0,5,21.2,339
Talas,2025-06-13,12:00,2025-06-13T12:00,30.1,0,0,0,5.6,22.3,327
Talas,2025-06-13,13:00,2025-06-13T13:00,31.2,0,0,0,7.5,25.2,307
Talas,2025-06-13,14:00,2025-06-13T14:00,31.5,0,0,0,9,26.6,296
Talas,2025-06-13,15:00,2025-06-13T15:00,31.5,0,0,0,9.6,27.7,293
Talas,2025-06-13,16:00,2025-06-13T16:00,31.8,0,0,0,8.6,25.2,290
Talas,2025-06-13,17:00,2025-06-13T17:00,31.6,0,0,0,10.8,27.7,312
Talas,2025-06-13,18:00,2025-06-13T18:00,30.7,0,0,0,13.3,32,332
Talas,2025-06-13,19:00,2025-06-13T19:00,29.5,0,0,0,8.1,31.7,354
Talas,2025-06-13,20:00,2025-06-13T20:00,26.3,0,0,0,5.6,20.9,6
Talas,2025-06-13,21:00,2025-06-13T21:00,25,0,0,0,9.4,23.4,47
Talas,2025-06-13,22:00,2025-06-13T22:00,22.5,0,0,0,6,22.7,83
Talas,2025-06-13,23:00,2025-06-13T23:00,21,0,0,0,2.6,15.5,155
Talas,2025-06-14,00:00,2025-06-14T00:00,20.1,0,0,0,1.4,7.9,90
Talas,2025-06-14,01:00,2025-06-14T01:00,18.9,0,0,0,0.6,6.1,108
Talas,2025-06-14,02:00,2025-06-14T02:00,18,0,0,0,0.8,4.7,135
Talas,2025-06-14,03:00,2025-06-14T03:00,17.4,0,0,0,0.4,4.7,180
Talas,2025-06-14,04:00,2025-06-14T04:00,16.3,0,0,0,0.9,4.7,307
Talas,2025-06-14,05:00,2025-06-14T05:00,15.6,0,0,0,8.8,15.8,289
Talas,2025-06-14,06:00,2025-06-14T06:00,15.5,0,0,0,7,18.7,203
Talas,2025-06-14,07:00,2025-06-14T07:00,17.5,0,0,0,2,12.2,190
Talas,2025-06-14,08:00,2025-06-14T08:00,19.3,0,0,0,1.3,11.9,360
Talas,2025-06-14,09:00,2025-06-14T09:00,21,0,0,0,6.6,22.7,325
Talas,2025-06-14,10:00,2025-06-14T10:00,22.7,0,0,0,7.8,23,299
Talas,2025-06-14,11:00,2025-06-14T11:00,23.3,0,0,0,13.7,32.4,310
Talas,2025-06-14,12:00,2025-06-14T12:00,23.8,0.1,0.1,0,11.3,38.2,272
Talas,2025-06-14,13:00,2025-06-14T13:00,25.2,0,0,0,14.3,40,298
Talas,2025-06-14,14:00,2025-06-14T14:00,24.9,0,0,0,14.9,40.7,300
Talas,2025-06-14,15:00,2025-06-14T15:00,25.8,0,0,0,8.3,37.4,281
Talas,2025-06-14,16:00,2025-06-14T16:00,24,0,0,0,12.6,28.4,260
Talas,2025-06-14,17:00,2025-06-14T17:00,24.1,0,0,0,10.4,32,284
Talas,2025-06-14,18:00,2025-06-14T18:00,23.9,0,0,0,11.8,29.2,317
Talas,2025-06-14,19:00,2025-06-14T19:00,21.8,0,0,0,7.7,30.6,291
Talas,2025-06-14,20:00,2025-06-14T20:00,20.9,0,0,0,5,18.7,240
Talas,2025-06-14,21:00,2025-06-14T21:00,19.7,0,0,0,5.7,13.7,288
Talas,2025-06-14,22:00,2025-06-14T22:00,18.2,0,0,0,3.9,14.8,336
Talas,2025-06-14,23:00,2025-06-14T23:00,17.3,0,0,0,7.7,20.5,74
Talas,2025-06-15,00:00,2025-06-15T00:00,15.9,0,0,0,3.2,17.6,133
Talas,2025-06-15,01:00,2025-06-15T01:00,15,0,0,0,2.7,8.3,86
Talas,2025-06-15,02:00,2025-06-15T02:00,14.3,0,0,0,1.8,8.3,84
Talas,2025-06-15,03:00,2025-06-15T03:00,13.7,0,0,0,1.1,6.5,108
Talas,2025-06-15,04:00,2025-06-15T04:00,12.9,0,0,0,1.3,5,34
Talas,2025-06-15,05:00,2025-06-15T05:00,12,0,0,0,0.2,5,90
Talas,2025-06-15,06:00,2025-06-15T06:00,12.3,0,0,0,0.7,2.9,256
Talas,2025-06-15,07:00,2025-06-15T07:00,13.7,0,0,0,3.3,11.5,315
Talas,2025-06-15,08:00,2025-06-15T08:00,15.5,0,0,0,3.8,15.8,341
Talas,2025-06-15,09:00,2025-06-15T09:00,17.6,0,0,0,4.5,18.7,346
Talas,2025-06-15,10:00,2025-06-15T10:00,19.6,0,0,0,6.5,23,336
Talas,2025-06-15,11:00,2025-06-15T11:00,21.2,0,0,0,7.6,25.9,326
Talas,2025-06-15,12:00,2025-06-15T12:00,22.6,0,0,0,9.5,28.4,307
Talas,2025-06-15,13:00,2025-06-15T13:00,23.3,0,0,0,12.3,33.1,308
Talas,2025-06-15,14:00,2025-06-15T14:00,23.9,0,0,0,12.9,34.9,312
Talas,2025-06-15,15:00,2025-06-15T15:00,24.4,0,0,0,12.2,34.6,316
Talas,2025-06-15,16:00,2025-06-15T16:00,24.1,0,0,0,14.6,35.6,308
Talas,2025-06-15,17:00,2025-06-15T17:00,23.1,0,0,0,16.3,38.9,316
Talas,2025-06-15,18:00,2025-06-15T18:00,22.2,0,0,0,12.1,37.8,322
Talas,2025-06-15,19:00,2025-06-15T19:00,21.5,0,0,0,9.5,28.8,306
Talas,2025-06-15,20:00,2025-06-15T20:00,19.3,0,0,0,8.2,22,299
Talas,2025-06-15,21:00,2025-06-15T21:00,17.4,0,0,0,5.5,19.4,257
Talas,2025-06-15,22:00,2025-06-15T22:00,16.4,0,0,0,3.9,13.3,227
Talas,2025-06-15,23:00,2025-06-15T23:00,16,0,0,0,0.4,8.6,180
Talas,2025-06-16,00:00,2025-06-16T00:00,14.1,0,0,0,5.9,15.5,70
Talas,2025-06-16,01:00,2025-06-16T01:00,13.2,0,0,0,2.4,14.4,189
Talas,2025-06-16,02:00,2025-06-16T02:00,12.9,0,0,0,0.2,6.5,360
Talas,2025-06-16,03:00,2025-06-16T03:00,11.9,0,0,0,0.5,5,180
Talas,2025-06-16,04:00,2025-06-16T04:00,10.4,0,0,0,1.3,5.4,180
Talas,2025-06-16,05:00,2025-06-16T05:00,10.2,0,0,0,0.4,4.7,117
Talas,2025-06-16,06:00,2025-06-16T06:00,10.4,0,0,0,0.7,4,194
Talas,2025-06-16,07:00,2025-06-16T07:00,12.4,0,0,0,2.3,9,247
Talas,2025-06-16,08:00,2025-06-16T08:00,14.3,0,0,0,2,13,275
Talas,2025-06-16,09:00,2025-06-16T09:00,16.3,0,0,0,2.4,16.2,324
Talas,2025-06-16,10:00,2025-06-16T10:00,18.1,0,0,0,4.2,19.8,324
Talas,2025-06-16,11:00,2025-06-16T11:00,19.7,0,0,0,7.9,26.3,325
Talas,2025-06-16,12:00,2025-06-16T12:00,20.8,0,0,0,8.8,28.1,319
Talas,2025-06-16,13:00,2025-06-16T13:00,21.8,0,0,0,12.7,34.2,308
Talas,2025-06-16,14:00,2025-06-16T14:00,22.5,0,0,0,9.6,34.9,317
Talas,2025-06-16,15:00,2025-06-16T15:00,24.7,0,0,0,5.8,28.8,338
Talas,2025-06-16,16:00,2025-06-16T16:00,22.6,0,0,0,14.1,35.3,326
Talas,2025-06-16,17:00,2025-06-16T17:00,22.6,0,0,0,12.2,36,292
Talas,2025-06-16,18:00,2025-06-16T18:00,22.2,0,0,0,15.3,33.8,314
Talas,2025-06-16,19:00,2025-06-16T19:00,20.4,0,0,0,14,38.9,337
Talas,2025-06-16,20:00,2025-06-16T20:00,18.5,0,0,0,6.1,30.6,300
Talas,2025-06-16,21:00,2025-06-16T21:00,17.9,0,0,0,9.2,24.1,343
Talas,2025-06-16,22:00,2025-06-16T22:00,15.9,0,0,0,2.1,22,59
Talas,2025-06-16,23:00,2025-06-16T23:00,14.8,0,0,0,1.8,8.6,143
Talas,2025-06-17,00:00,2025-06-17T00:00,13.9,0,0,0,2.4,7.9,132
Talas,2025-06-17,01:00,2025-06-17T01:00,12.7,0,0,0,3.3,9.4,139
Talas,2025-06-17,02:00,2025-06-17T02:00,11.8,0,0,0,2.7,9,176
Talas,2025-06-17,03:00,2025-06-17T03:00,11.1,0,0,0,2.5,7.2,201
Talas,2025-06-17,04:00,2025-06-17T04:00,10.8,0,0,0,1.3,6.5,188
Talas,2025-06-17,05:00,2025-06-17T05:00,10.2,0,0,0,1.4,5.4,180
Talas,2025-06-17,06:00,2025-06-17T06:00,10.4,0,0,0,3.1,6.5,173
Talas,2025-06-17,07:00,2025-06-17T07:00,12.6,0,0,0,5.2,13,184
Talas,2025-06-17,08:00,2025-06-17T08:00,14.1,0,0,0,1.5,13,210
Talas,2025-06-17,09:00,2025-06-17T09:00,15.9,0,0,0,2.4,16.2,287
Talas,2025-06-17,10:00,2025-06-17T10:00,17.6,0,0,0,5.7,22,305
Talas,2025-06-17,11:00,2025-06-17T11:00,19.3,0,0,0,8.4,27,305
Talas,2025-06-17,12:00,2025-06-17T12:00,20.8,0,0,0,11.3,32,306
Talas,2025-06-17,13:00,2025-06-17T13:00,22.3,0,0,0,15.1,37.8,308
Talas,2025-06-17,14:00,2025-06-17T14:00,21.9,0,0,0,16.3,42.5,324
Talas,2025-06-17,15:00,2025-06-17T15:00,23.3,0,0,0,14.3,40.7,337
Talas,2025-06-17,16:00,2025-06-17T16:00,22.9,0,0,0,18.5,46.1,347
Talas,2025-06-17,17:00,2025-06-17T17:00,23.3,0,0,0,16.3,43.9,354
Talas,2025-06-17,18:00,2025-06-17T18:00,21.5,0,0,0,18.5,44.3,353
Talas,2025-06-17,19:00,2025-06-17T19:00,20.5,0,0,0,14.1,42.1,345
Talas,2025-06-17,20:00,2025-06-17T20:00,18.5,0,0,0,8.1,31.7,331
Talas,2025-06-17,21:00,2025-06-17T21:00,16.5,0,0,0,4,19.8,352
Talas,2025-06-17,22:00,2025-06-17T22:00,15,0,0,0,5.6,15.1,73
Talas,2025-06-17,23:00,2025-06-17T23:00,14.2,0,0,0,6.2,15.8,126
Talas,2025-06-18,00:00,2025-06-18T00:00,13.3,0,0,0,5.3,15.1,147
Talas,2025-06-18,01:00,2025-06-18T01:00,12.6,0,0,0,5.3,12.6,142
Talas,2025-06-18,02:00,2025-06-18T02:00,12,0,0,0,5.1,12.6,135
Talas,2025-06-18,03:00,2025-06-18T03:00,11.4,0,0,0,4.8,12.2,153
Talas,2025-06-18,04:00,2025-06-18T04:00,10.7,0,0,0,4.5,10.1,175
Talas,2025-06-18,05:00,2025-06-18T05:00,10.1,0,0,0,4.8,9.7,169
Talas,2025-06-18,06:00,2025-06-18T06:00,10.7,0,0,0,4.3,9.7,163
Talas,2025-06-18,07:00,2025-06-18T07:00,13.2,0,0,0,4.8,12.6,167
Talas,2025-06-18,08:00,2025-06-18T08:00,15,0,0,0,3.5,15.1,156
Talas,2025-06-18,09:00,2025-06-18T09:00,16.7,0,0,0,3.6,18,70
Talas,2025-06-18,10:00,2025-06-18T10:00,18.6,0,0,0,5.2,22,46
Talas,2025-06-18,11:00,2025-06-18T11:00,20.5,0,0,0,6.5,24.8,32
Talas,2025-06-18,12:00,2025-06-18T12:00,22.2,0,0,0,7.9,27.7,21
Talas,2025-06-18,13:00,2025-06-18T13:00,23.4,0,0,0,7.4,28.1,6
Talas,2025-06-18,14:00,2025-06-18T14:00,24.2,0,0,0,6.4,27,344
Talas,2025-06-18,15:00,2025-06-18T15:00,24.8,0,0,0,4.9,24.5,321
Talas,2025-06-18,16:00,2025-06-18T16:00,25.4,0,0,0,9.3,29.5,29
Talas,2025-06-18,17:00,2025-06-18T17:00,25.2,0,0,0,8.2,28.4,32
Talas,2025-06-18,18:00,2025-06-18T18:00,24.6,0,0,0,8.3,25.2,56
Talas,2025-06-18,19:00,2025-06-18T19:00,23.5,0,0,0,10.5,24.8,83
Talas,2025-06-18,20:00,2025-06-18T20:00,21.4,0,0,0,11.3,26.3,91
Talas,2025-06-18,21:00,2025-06-18T21:00,19.8,0,0,0,9.1,25.9,100
Talas,2025-06-18,22:00,2025-06-18T22:00,18.4,0,0,0,7.3,22,99
Talas,2025-06-18,23:00,2025-06-18T23:00,16.7,0,0,0,5.4,18.7,124
Talas,2025-06-19,00:00,2025-06-19T00:00,15.6,0,0,0,4.8,13.7,153
Talas,2025-06-19,01:00,2025-06-19T01:00,15,0,0,0,3.7,11.2,169
Talas,2025-06-19,02:00,2025-06-19T02:00,14.6,0,0,0,1.9,9.7,158
Talas,2025-06-19,03:00,2025-06-19T03:00,13.9,0,0,0,1.7,7.9,162
Talas,2025-06-19,04:00,2025-06-19T04:00,12.6,0,0,0,1.7,7.2,167
Talas,2025-06-19,05:00,2025-06-19T05:00,12.3,0,0,0,2.7,7.2,180
Talas,2025-06-19,06:00,2025-06-19T06:00,12.9,0,0,0,2.9,7.6,173
Talas,2025-06-19,07:00,2025-06-19T07:00,15.4,0,0,0,4.5,11.2,187
Talas,2025-06-19,08:00,2025-06-19T08:00,17.7,0,0,0,3.5,14.4,165
Talas,2025-06-19,09:00,2025-06-19T09:00,19.6,0,0,0,1.9,15.1,56
Talas,2025-06-19,10:00,2025-06-19T10:00,21.5,0,0,0,5,21.2,19
Talas,2025-06-19,11:00,2025-06-19T11:00,23.4,0,0,0,6.9,25.6,20
Talas,2025-06-19,12:00,2025-06-19T12:00,25.2,0,0,0,8,27.7,18
Talas,2025-06-19,13:00,2025-06-19T13:00,26.5,0,0,0,7.7,28.1,11
Talas,2025-06-19,14:00,2025-06-19T14:00,27.5,0,0,0,7.9,27.7,360
Talas,2025-06-19,15:00,2025-06-19T15:00,28.2,0,0,0,7.4,27.7,347
Talas,2025-06-19,16:00,2025-06-19T16:00,28.3,0,0,0,6.7,25.6,351
Talas,2025-06-19,17:00,2025-06-19T17:00,28.2,0,0,0,5.7,24.1,323
Talas,2025-06-19,18:00,2025-06-19T18:00,27.9,0,0,0,6.1,20.5,298
Talas,2025-06-19,19:00,2025-06-19T19:00,27.2,0,0,0,8.4,21.2,313
Talas,2025-06-19,20:00,2025-06-19T20:00,24.4,0,0,0,6.8,20.9,320
Talas,2025-06-19,21:00,2025-06-19T21:00,21.9,0,0,0,1.8,16.9,315
Talas,2025-06-19,22:00,2025-06-19T22:00,21,0,0,0,0.6,7.9,342
Talas,2025-06-19,23:00,2025-06-19T23:00,19.7,0,0,0,1,6.5,135
Talas,2025-06-20,00:00,2025-06-20T00:00,18.1,0,0,0,3.4,7.2,174
Talas,2025-06-20,01:00,2025-06-20T01:00,17.5,0,0,0,1.6,7.2,174
Talas,2025-06-20,02:00,2025-06-20T02:00,16.8,0,0,0,0.5,4.3,135
Talas,2025-06-20,03:00,2025-06-20T03:00,15.7,0,0,0,1.1,3.2,162
Talas,2025-06-20,04:00,2025-06-20T04:00,14.8,0,0,0,1.8,4,169
Talas,2025-06-20,05:00,2025-06-20T05:00,14.4,0,0,0,1.1,3.6,171
Talas,2025-06-20,06:00,2025-06-20T06:00,14.9,0,0,0,1.5,3.2,194
Talas,2025-06-20,07:00,2025-06-20T07:00,17.4,0,0,0,3.3,7.2,248
Talas,2025-06-20,08:00,2025-06-20T08:00,19.9,0,0,0,2,11.9,280
Talas,2025-06-20,09:00,2025-06-20T09:00,22.3,0,0,0,0.9,13.3,307
Talas,2025-06-20,10:00,2025-06-20T10:00,24.3,0,0,0,2.8,17.3,315
Talas,2025-06-20,11:00,2025-06-20T11:00,26,0,0,0,6,22.7,319
Talas,2025-06-20,12:00,2025-06-20T12:00,27.5,0,0,0,9.8,29.5,319
Talas,2025-06-20,13:00,2025-06-20T13:00,28.5,0,0,0,11.8,33.5,317
Talas,2025-06-20,14:00,2025-06-20T14:00,29.3,0,0,0,11.7,33.5,314
Talas,2025-06-20,15:00,2025-06-20T15:00,29.7,0,0,0,11.7,32.8,317
Talas,2025-06-20,16:00,2025-06-20T16:00,29.7,0,0,0,12.2,32.8,322
Talas,2025-06-20,17:00,2025-06-20T17:00,29.5,0,0,0,12.2,32.4,322
Talas,2025-06-20,18:00,2025-06-20T18:00,28.8,0,0,0,12.3,31.3,325
Talas,2025-06-20,19:00,2025-06-20T19:00,27.7,0,0,0,10.1,30.2,333
Talas,2025-06-20,20:00,2025-06-20T20:00,24.8,0,0,0,3.9,23.8,338
Talas,2025-06-20,21:00,2025-06-20T21:00,24.3,0,0,0,0.5,10.4,225
Talas,2025-06-20,22:00,2025-06-20T22:00,23.7,0,0,0,0.6,5.8,124
Talas,2025-06-20,23:00,2025-06-20T23:00,21.1,0,0,0,7.2,18.4,71
Talas,2025-06-21,00:00,2025-06-21T00:00,19.2,0,0,0,4.9,18.7,147
Talas,2025-06-21,01:00,2025-06-21T01:00,18.2,0,0,0,3,11.2,155
Talas,2025-06-21,02:00,2025-06-21T02:00,17.3,0,0,0,3.4,9,122
Talas,2025-06-21,03:00,2025-06-21T03:00,16.6,0,0,0,2.2,9,138
Talas,2025-06-21,04:00,2025-06-21T04:00,15.7,0,0,0,0.8,4.7,153
Talas,2025-06-21,05:00,2025-06-21T05:00,15,0,0,0,0.8,4,153
Talas,2025-06-21,06:00,2025-06-21T06:00,15.4,0,0,0,0.6,3.6,198
Talas,2025-06-21,07:00,2025-06-21T07:00,18.2,0,0,0,2.9,7.9,281
Talas,2025-06-21,08:00,2025-06-21T08:00,20.3,0,0,0,6.9,19.1,330
Talas,2025-06-21,09:00,2025-06-21T09:00,22.3,0,0,0,7.7,23.4,332
Talas,2025-06-21,10:00,2025-06-21T10:00,24.3,0,0,0,9.1,27,333
Talas,2025-06-21,11:00,2025-06-21T11:00,26,0,0,0,9.9,29.2,328
Talas,2025-06-21,12:00,2025-06-21T12:00,27.7,0,0,0,10.6,30.6,316
Talas,2025-06-21,13:00,2025-06-21T13:00,28.8,0,0,0,12.3,33.5,299
Talas,2025-06-21,14:00,2025-06-21T14:00,29.5,0,0,0,13.8,36,302
Talas,2025-06-21,15:00,2025-06-21T15:00,29.5,0,0,0,13.1,36.4,300
Talas,2025-06-21,16:00,2025-06-21T16:00,29.4,0,0,0,10.6,32.8,318
Talas,2025-06-21,17:00,2025-06-21T17:00,29.3,0,0,0,14.3,34.9,333
Talas,2025-06-21,18:00,2025-06-21T18:00,28.3,0,0,0,16.2,38.9,341
Talas,2025-06-21,19:00,2025-06-21T19:00,27.2,0,0,0,15.7,37.8,350
Talas,2025-06-21,20:00,2025-06-21T20:00,23.8,0,0,0,18.6,43.9,12
Talas,2025-06-21,21:00,2025-06-21T21:00,21.7,0,0,0,14.5,41,58
Talas,2025-06-21,22:00,2025-06-21T22:00,19.5,0,0,0,9.1,34.2,60
Talas,2025-06-21,23:00,2025-06-21T23:00,17.8,0,0,0,6.4,21.6,61
Talas,2025-06-22,00:00,2025-06-22T00:00,16.3,0,0,0,3.7,16.2,67
Talas,2025-06-22,01:00,2025-06-22T01:00,15.7,0,0,0,1.6,10.1,63
Talas,2025-06-22,02:00,2025-06-22T02:00,14.7,0,0,0,2,6.8,10
Talas,2025-06-22,03:00,2025-06-22T03:00,14,0,0,0,0.6,6.8,304
Talas,2025-06-22,04:00,2025-06-22T04:00,13.2,0,0,0,1.2,4.3,321
Talas,2025-06-22,05:00,2025-06-22T05:00,12.5,0,0,0,0.4,5,297
Talas,2025-06-22,06:00,2025-06-22T06:00,12.9,0,0,0,0.5,3.6,225
Talas,2025-06-22,07:00,2025-06-22T07:00,14.2,0,0,0,3.3,12.2,347
Talas,2025-06-22,08:00,2025-06-22T08:00,16,0,0,0,4.2,16.9,12
Talas,2025-06-22,09:00,2025-06-22T09:00,18.1,0,0,0,6.2,22,10
Talas,2025-06-22,10:00,2025-06-22T10:00,20.1,0,0,0,6.9,24.8,7
Talas,2025-06-22,11:00,2025-06-22T11:00,22.2,0,0,0,8.3,28.1,4
Talas,2025-06-22,12:00,2025-06-22T12:00,23.5,0,0,0,8.8,29.5,360
Talas,2025-06-22,13:00,2025-06-22T13:00,24.6,0,0,0,7.3,29.5,350
Talas,2025-06-22,14:00,2025-06-22T14:00,25.8,0,0,0,9.1,29.2,335
Talas,2025-06-22,15:00,2025-06-22T15:00,26,0,0,0,10.2,30.6,328
Talas,2025-06-22,16:00,2025-06-22T16:00,26,0,0,0,14.8,37.8,328
Talas,2025-06-22,17:00,2025-06-22T17:00,25.1,0,0,0,16.4,40.7,335
Talas,2025-06-22,18:00,2025-06-22T18:00,24.1,0,0,0,15,40.3,337
Talas,2025-06-22,19:00,2025-06-22T19:00,22.8,0,0,0,10.9,36.4,347
Talas,2025-06-22,20:00,2025-06-22T20:00,21.4,0,0,0,6.7,27,351
Talas,2025-06-22,21:00,2025-06-22T21:00,19.7,0,0,0,6.5,18,6
Talas,2025-06-22,22:00,2025-06-22T22:00,18.5,0,0,0,6.9,18.7,41
Talas,2025-06-22,23:00,2025-06-22T23:00,17.1,0,0,0,7.6,19.1,62
Talas,2025-06-23,00:00,2025-06-23T00:00,15.2,0,0,0,3.4,18.7,93
Talas,2025-06-23,01:00,2025-06-23T01:00,14.5,0,0,0,1.1,9.7,171
Talas,2025-06-23,02:00,2025-06-23T02:00,14,0,0,0,0.2,5.8,270
Talas,2025-06-23,03:00,2025-06-23T03:00,13,0,0,0,0.5,4.7,135
Talas,2025-06-23,04:00,2025-06-23T04:00,12.1,0,0,0,0.5,4.7,135
Talas,2025-06-23,05:00,2025-06-23T05:00,11.3,0,0,0,0.6,4.7,146
Talas,2025-06-23,06:00,2025-06-23T06:00,11.5,0,0,0,1.1,4.3,180
Talas,2025-06-23,07:00,2025-06-23T07:00,13.6,0,0,0,1.2,8.3,219
Talas,2025-06-23,08:00,2025-06-23T08:00,15.7,0,0,0,0.4,11.5,333
Talas,2025-06-23,09:00,2025-06-23T09:00,17.7,0,0,0,3.1,17.3,332
Talas,2025-06-23,10:00,2025-06-23T10:00,19.6,0,0,0,5.6,22.3,331
Talas,2025-06-23,11:00,2025-06-23T11:00,21.3,0,0,0,8.1,27,323
Talas,2025-06-23,12:00,2025-06-23T12:00,22.6,0,0,0,9.9,30.2,315
Talas,2025-06-23,13:00,2025-06-23T13:00,24,0,0,0,10.9,32,310
Talas,2025-06-23,14:00,2025-06-23T14:00,25.1,0,0,0,12.1,33.8,312
Talas,2025-06-23,15:00,2025-06-23T15:00,25.8,0,0,0,13.8,36.7,319
Talas,2025-06-23,16:00,2025-06-23T16:00,25.8,0,0,0,14.8,38.2,326
Talas,2025-06-23,17:00,2025-06-23T17:00,25.4,0,0,0,14.5,37.8,330
Talas,2025-06-23,18:00,2025-06-23T18:00,24.8,0,0,0,13.2,36.7,334
Talas,2025-06-23,19:00,2025-06-23T19:00,23.8,0,0,0,11.9,32.8,342
Talas,2025-06-23,20:00,2025-06-23T20:00,21.6,0,0,0,7.1,28.1,354
Talas,2025-06-23,21:00,2025-06-23T21:00,19.3,0,0,0,5.8,18.7,4
Talas,2025-06-23,22:00,2025-06-23T22:00,17.8,0,0,0,5.7,15.8,53
Talas,2025-06-23,23:00,2025-06-23T23:00,17.1,0,0,0,6.3,16.9,90
Talas,2025-06-24,00:00,2025-06-24T00:00,15.7,0,0,0,5.1,16.6,129
Talas,2025-06-24,01:00,2025-06-24T01:00,14.8,0,0,0,4.9,13,126
Talas,2025-06-24,02:00,2025-06-24T02:00,14.1,0,0,0,4.9,13,141
Talas,2025-06-24,03:00,2025-06-24T03:00,13.5,0,0,0,4.3,12.6,156
Talas,2025-06-24,04:00,2025-06-24T04:00,12.7,0,0,0,4.8,11.2,167
Talas,2025-06-24,05:00,2025-06-24T05:00,12.3,0,0,0,4.4,11.2,161
Talas,2025-06-24,06:00,2025-06-24T06:00,13,0,0,0,3.5,10.4,159
Talas,2025-06-24,07:00,2025-06-24T07:00,15.4,0,0,0,3.5,10.8,171
Talas,2025-06-24,08:00,2025-06-24T08:00,17.4,0,0,0,2.7,14.4,132
Talas,2025-06-24,09:00,2025-06-24T09:00,19.4,0,0,0,3.7,18.4,47
Talas,2025-06-24,10:00,2025-06-24T10:00,21.3,0,0,0,6.5,24.1,30
Talas,2025-06-24,11:00,2025-06-24T11:00,22.9,0,0,0,7.2,26.6,27
Talas,2025-06-24,12:00,2025-06-24T12:00,24.5,0,0,0,7.6,27.7,19
Talas,2025-06-24,13:00,2025-06-24T13:00,25.9,0,0,0,8.1,28.8,6
Talas,2025-06-24,14:00,2025-06-24T14:00,26.8,0,0,0,7.4,28.4,347
Talas,2025-06-24,15:00,2025-06-24T15:00,27.4,0,0,0,7.6,27.4,335
Talas,2025-06-24,16:00,2025-06-24T16:00,27.5,0,0,0,5.8,24.8,358
Talas,2025-06-24,17:00,2025-06-24T17:00,27.5,0,0,0,3.6,22.7,323
Talas,2025-06-24,18:00,2025-06-24T18:00,27.4,0,0,0,1.7,18,283
Talas,2025-06-24,19:00,2025-06-24T19:00,26.7,0,0,0,0.2,12.6,360
Talas,2025-06-24,20:00,2025-06-24T20:00,23.7,0,0,0,3.1,7.9,83
Talas,2025-06-24,21:00,2025-06-24T21:00,21.9,0,0,0,3.3,10.1,103
Talas,2025-06-24,22:00,2025-06-24T22:00,20.5,0,0,0,3.6,10.8,108
Talas,2025-06-24,23:00,2025-06-24T23:00,19.3,0,0,0,3.4,11.2,122
Talas,2025-06-25,00:00,2025-06-25T00:00,18.2,0,0,0,3.1,9.4,159
Talas,2025-06-25,01:00,2025-06-25T01:00,17.4,0,0,0,2.9,7.9,173
Talas,2025-06-25,02:00,2025-06-25T02:00,16.6,0,0,0,2.2,6.8,166
Talas,2025-06-25,03:00,2025-06-25T03:00,15.6,0,0,0,1.9,5.8,151
Talas,2025-06-25,04:00,2025-06-25T04:00,14,0,0,0,2.2,6.5,145
Talas,2025-06-25,05:00,2025-06-25T05:00,13.6,0,0,0,1.7,6.5,148
Talas,2025-06-25,06:00,2025-06-25T06:00,14.2,0,0,0,2.2,6.1,166
Talas,2025-06-25,07:00,2025-06-25T07:00,17.1,0,0,0,1.4,6.5,220
Talas,2025-06-25,08:00,2025-06-25T08:00,19.8,0,0,0,1.3,10.8,254
Talas,2025-06-25,09:00,2025-06-25T09:00,22.2,0,0,0,0.9,13.3,307
Talas,2025-06-25,10:00,2025-06-25T10:00,24.2,0,0,0,1.8,16.6,336
Talas,2025-06-25,11:00,2025-06-25T11:00,26.4,0,0,0,3.4,20.2,3
Talas,2025-06-25,12:00,2025-06-25T12:00,28.3,0,0,0,5.6,23.8,360
Talas,2025-06-25,13:00,2025-06-25T13:00,29.8,0,0,0,7.6,27,348
Talas,2025-06-25,14:00,2025-06-25T14:00,30.6,0,0,0,9.3,29.5,338
Talas,2025-06-25,15:00,2025-06-25T15:00,31.1,0,0,0,9.2,29.9,329
Talas,2025-06-25,16:00,2025-06-25T16:00,31.2,0,0,0,8.1,25.9,294
Talas,2025-06-25,17:00,2025-06-25T17:00,31.5,0,0,0,10.3,27,289
Talas,2025-06-25,18:00,2025-06-25T18:00,31.2,0,0,0,12.8,31,318
Talas,2025-06-25,19:00,2025-06-25T19:00,29.6,0,0,0,14.7,33.8,345
Talas,2025-06-25,20:00,2025-06-25T20:00,26.4,0,0,0,7.6,32.8,346
Talas,2025-06-25,21:00,2025-06-25T21:00,23.7,0,0,0,4.2,19.8,18
Talas,2025-06-25,22:00,2025-06-25T22:00,22,0,0,0,4.8,13.7,77
Talas,2025-06-25,23:00,2025-06-25T23:00,20.5,0,0,0,4.4,13.7,142
Talas,2025-06-26,00:00,2025-06-26T00:00,19.5,0,0,0,4.7,11.2,178
Talas,2025-06-26,01:00,2025-06-26T01:00,18.8,0,0,0,4,10.1,183
Talas,2025-06-26,02:00,2025-06-26T02:00,18,0,0,0,3.6,9.4,171
Talas,2025-06-26,03:00,2025-06-26T03:00,17.1,0,0,0,3.9,9,167
Talas,2025-06-26,04:00,2025-06-26T04:00,15.8,0,0,0,2.1,7.9,165
Talas,2025-06-26,05:00,2025-06-26T05:00,15.5,0,0,0,1.9,6.5,163
Talas,2025-06-26,06:00,2025-06-26T06:00,15.8,0,0,0,2.5,6.5,172
Talas,2025-06-26,07:00,2025-06-26T07:00,18.3,0,0,0,3.6,8.3,198
Talas,2025-06-26,08:00,2025-06-26T08:00,20.7,0,0,0,2.9,12.2,202
Talas,2025-06-26,09:00,2025-06-26T09:00,22.6,0,0,0,2,14.4,180
Talas,2025-06-26,10:00,2025-06-26T10:00,24.8,0,0,0,1.5,16.2,45
Talas,2025-06-26,11:00,2025-06-26T11:00,27,0,0,0,4.4,21.6,12
Talas,2025-06-26,12:00,2025-06-26T12:00,28.9,0,0,0,6.5,25.6,358
Talas,2025-06-26,13:00,2025-06-26T13:00,30.2,0,0,0,8.7,29.2,346
Talas,2025-06-26,14:00,2025-06-26T14:00,30.9,0,0,0,9.1,29.9,326
Talas,2025-06-26,15:00,2025-06-26T15:00,31.8,0,0,0,7.9,29.2,297
Talas,2025-06-26,16:00,2025-06-26T16:00,32.3,0,0,0,7.5,24.5,287
Talas,2025-06-26,17:00,2025-06-26T17:00,32.5,0,0,0,11.9,30.6,325
Talas,2025-06-26,18:00,2025-06-26T18:00,31.4,0,0,0,16.9,39.6,346
Talas,2025-06-26,19:00,2025-06-26T19:00,29.7,0,0,0,14.9,39.6,1
Talas,2025-06-26,20:00,2025-06-26T20:00,26.7,0,0,0,7.3,34.2,17
Talas,2025-06-26,21:00,2025-06-26T21:00,24.6,0,0,0,7.4,20.2,45
Talas,2025-06-26,22:00,2025-06-26T22:00,22.5,0,0,0,5.6,20.5,88
Talas,2025-06-26,23:00,2025-06-26T23:00,20.9,0,0,0,5.3,15.1,108
Talas,2025-06-27,00:00,2025-06-27T00:00,19.7,0,0,0,4.8,13.7,158
Talas,2025-06-27,01:00,2025-06-27T01:00,18.8,0,0,0,4.7,11.5,176
Talas,2025-06-27,02:00,2025-06-27T02:00,18.1,0,0,0,5.2,11.2,182
Talas,2025-06-27,03:00,2025-06-27T03:00,17.5,0,0,0,5.3,11.5,190
Talas,2025-06-27,04:00,2025-06-27T04:00,16.2,0,0,0,4.7,11.2,187
Talas,2025-06-27,05:00,2025-06-27T05:00,15.7,0,0,0,5.2,10.4,184
Talas,2025-06-27,06:00,2025-06-27T06:00,16.2,0,0,0,4.7,10.8,173
Talas,2025-06-27,07:00,2025-06-27T07:00,18.4,0,0,0,8.3,16.6,175
Talas,2025-06-27,08:00,2025-06-27T08:00,20.2,0,0,0,6.3,19.1,182
Talas,2025-06-27,09:00,2025-06-27T09:00,22,0,0,0,2.2,18,132
Talas,2025-06-27,10:00,2025-06-27T10:00,24.4,0,0,0,3.9,19.8,37
Talas,2025-06-27,11:00,2025-06-27T11:00,26.8,0,0,0,9,28.8,31
Talas,2025-06-27,12:00,2025-06-27T12:00,28.6,0,0,0,11.8,34.9,28
Talas,2025-06-27,13:00,2025-06-27T13:00,29.8,0,0,0,11.5,35.3,27
Talas,2025-06-27,14:00,2025-06-27T14:00,30.7,0,0,0,10.5,34.2,31
Talas,2025-06-27,15:00,2025-06-27T15:00,31.3,0,0,0,10.1,32.8,43
Talas,2025-06-27,16:00,2025-06-27T16:00,31.1,0,0,0,11.3,33.8,46
Talas,2025-06-27,17:00,2025-06-27T17:00,30.8,0,0,0,11.4,32.4,53
Talas,2025-06-27,18:00,2025-06-27T18:00,30,0,0,0,12.4,31.3,59
Talas,2025-06-27,19:00,2025-06-27T19:00,28.6,0,0,0,14.8,33.8,61
Talas,2025-06-27,20:00,2025-06-27T20:00,26.1,0,0,0,13,34.2,66
Talas,2025-06-27,21:00,2025-06-27T21:00,24.4,0,0,0,9.7,29.2,72
Talas,2025-06-27,22:00,2025-06-27T22:00,23,0,0,0,9.5,25.6,71
Talas,2025-06-27,23:00,2025-06-27T23:00,20.6,0,0,0,5,22.7,88
Talas,2025-06-28,00:00,2025-06-28T00:00,19.3,0,0,0,1.5,13.3,120
Talas,2025-06-28,01:00,2025-06-28T01:00,18.4,0,0,0,0.4,6.5,180
Talas,2025-06-28,02:00,2025-06-28T02:00,17.5,0,0,0,0.2,4,180
Talas,2025-06-28,03:00,2025-06-28T03:00,16.3,0,0,0,0.6,3.2,162
Talas,2025-06-28,04:00,2025-06-28T04:00,15.1,0,0,0,0,2.9,270
Talas,2025-06-28,05:00,2025-06-28T05:00,14.1,0,0,0,0.6,2.2,236
Talas,2025-06-28,06:00,2025-06-28T06:00,14,0,0,0,2.7,4.7,262
Talas,2025-06-28,07:00,2025-06-28T07:00,15.6,0,0,0,4.5,12.2,286
Talas,2025-06-28,08:00,2025-06-28T08:00,17.6,0,0,0,3.7,15.1,321
Talas,2025-06-28,09:00,2025-06-28T09:00,20,0,0,0,4.6,19.1,334
Talas,2025-06-28,10:00,2025-06-28T10:00,22.4,0,0,0,5.9,22.3,337
Talas,2025-06-28,11:00,2025-06-28T11:00,24.9,0,0,0,6.7,24.5,340
Talas,2025-06-28,12:00,2025-06-28T12:00,27,0,0,0,9.1,28.4,335
Talas,2025-06-28,13:00,2025-06-28T13:00,28.6,0,0,0,12.2,33.8,322
Talas,2025-06-28,14:00,2025-06-28T14:00,29.7,0,0,0,12.7,34.9,313
Talas,2025-06-28,15:00,2025-06-28T15:00,30.4,0,0,0,12.5,34.9,314
Talas,2025-06-28,16:00,2025-06-28T16:00,30.5,0,0,0,12.3,33.1,316
Talas,2025-06-28,17:00,2025-06-28T17:00,30.5,0,0,0,13.1,33.5,319
Talas,2025-06-28,18:00,2025-06-28T18:00,30,0,0,0,13.1,33.5,327
Talas,2025-06-28,19:00,2025-06-28T19:00,28.4,0,0,0,15.9,34.9,334
Talas,2025-06-28,20:00,2025-06-28T20:00,25.8,0,0,0,12.8,35.6,329
Talas,2025-06-28,21:00,2025-06-28T21:00,23.3,0,0,0,5.8,28.8,300
Talas,2025-06-28,22:00,2025-06-28T22:00,21.7,0,0,0,4.8,14.8,283
Talas,2025-06-28,23:00,2025-06-28T23:00,20.4,0,0,0,3.2,11.9,270
Talas,2025-06-29,00:00,2025-06-29T00:00,20,0,0,0,0.9,7.9,360
Talas,2025-06-29,01:00,2025-06-29T01:00,17.9,0,0,0,3.3,8.6,77
Talas,2025-06-29,02:00,2025-06-29T02:00,16.3,0,0,0,3.3,9,119
Talas,2025-06-29,03:00,2025-06-29T03:00,15,0,0,0,4,8.6,153
Talas,2025-06-29,04:00,2025-06-29T04:00,13.8,0,0,0,1.1,6.1,72
Talas,2025-06-29,05:00,2025-06-29T05:00,12.5,0,0,0,1.2,5.4,141
Talas,2025-06-29,06:00,2025-06-29T06:00,12.7,0,0,0,3.1,5.8,159
Talas,2025-06-29,07:00,2025-06-29T07:00,15.2,0,0,0,3.4,10.8,162
Talas,2025-06-29,08:00,2025-06-29T08:00,17.2,0,0,0,1.3,12.6,56
Talas,2025-06-29,09:00,2025-06-29T09:00,19.1,0,0,0,2.3,16.2,18
Talas,2025-06-29,10:00,2025-06-29T10:00,21.2,0,0,0,4.7,21.2,342
Talas,2025-06-29,11:00,2025-06-29T11:00,22.9,0,0,0,8.3,27.4,333
Talas,2025-06-29,12:00,2025-06-29T12:00,23.6,0,0,0,8.1,31.3,309
Talas,2025-06-29,13:00,2025-06-29T13:00,26.4,0,0,0,14.2,34.6,299
Talas,2025-06-29,14:00,2025-06-29T14:00,24.8,0.1,0.1,0,18.8,48.6,324
Talas,2025-06-29,15:00,2025-06-29T15:00,26.4,0,0,0,12.7,45.4,337
Talas,2025-06-29,16:00,2025-06-29T16:00,24.3,0,0,0,17.3,41.8,325
Talas,2025-06-29,17:00,2025-06-29T17:00,23.4,0,0,0,18.2,44.3,328
Talas,2025-06-29,18:00,2025-06-29T18:00,22.2,0,0,0,19.6,44.6,332
Talas,2025-06-29,19:00,2025-06-29T19:00,20.3,0,0,0,17.5,45,330
Talas,2025-06-29,20:00,2025-06-29T20:00,18.1,0.3,0.3,0,18.8,40.7,321
Talas,2025-06-29,21:00,2025-06-29T21:00,15.9,0.7,0.7,0,11,40,295
Talas,2025-06-29,22:00,2025-06-29T22:00,14.7,0.7,0.7,0,11.2,25.2,266
Talas,2025-06-29,23:00,2025-06-29T23:00,13.5,0.4,0.4,0,9.4,25.6,288
Talas,2025-06-30,00:00,2025-06-30T00:00,13.1,0.5,0.5,0,7.1,23,264
Talas,2025-06-30,01:00,2025-06-30T01:00,13.1,0.3,0.3,0,2.5,19.4,274
Talas,2025-06-30,02:00,2025-06-30T02:00,12.8,0.1,0.1,0,4.6,14.8,193
Talas,2025-06-30,03:00,2025-06-30T03:00,12.6,0,0,0,3.5,10.4,195
Talas,2025-06-30,04:00,2025-06-30T04:00,11.8,0,0,0,6.5,15.1,283
Talas,2025-06-30,05:00,2025-06-30T05:00,11.2,0,0,0,12,23.8,277
Talas,2025-06-30,06:00,2025-06-30T06:00,11.1,0,0,0,12.3,24.5,258
Talas,2025-06-30,07:00,2025-06-30T07:00,12.1,0,0,0,10.3,23.8,266
Talas,2025-06-30,08:00,2025-06-30T08:00,13.5,0,0,0,11.7,27.7,293
Talas,2025-06-30,09:00,2025-06-30T09:00,14.5,0,0,0,16.4,37.8,312
Talas,2025-06-30,10:00,2025-06-30T10:00,15,0,0,0,15.2,38.5,318
Talas,2025-06-30,11:00,2025-06-30T11:00,16.8,0,0,0,14.8,36.7,322
Talas,2025-06-30,12:00,2025-06-30T12:00,18,0,0,0,15.7,38.2,324
Talas,2025-06-30,13:00,2025-06-30T13:00,18.8,0,0,0,17.1,40.3,325
Talas,2025-06-30,14:00,2025-06-30T14:00,19.6,0,0,0,17.4,40.7,329
Talas,2025-06-30,15:00,2025-06-30T15:00,20.5,0,0,0,18.4,43.2,333
Talas,2025-06-30,16:00,2025-06-30T16:00,20.8,0,0,0,21.1,49.3,335
Talas,2025-06-30,17:00,2025-06-30T17:00,20.7,0,0,0,20.5,47.9,335
Talas,2025-06-30,18:00,2025-06-30T18:00,20.8,0,0,0,16.5,45.7,332
Talas,2025-06-30,19:00,2025-06-30T19:00,20.5,0,0,0,15,38.9,341
Talas,2025-06-30,20:00,2025-06-30T20:00,17.5,0,0,0,5.1,33.5,321
Talas,2025-06-30,21:00,2025-06-30T21:00,16.8,0,0,0,1.9,14.4,248
Talas,2025-06-30,22:00,2025-06-30T22:00,16.2,0,0,0,1.1,9,189
Talas,2025-06-30,23:00,2025-06-30T23:00,14.8,0,0,0,5,11.5,125
Talas,2025-07-01,00:00,2025-07-01T00:00,13.9,0,0,0,4.9,11.9,152
Talas,2025-07-01,01:00,2025-07-01T01:00,13.5,0,0,0,5.3,10.8,170
Talas,2025-07-01,02:00,2025-07-01T02:00,13,0,0,0,4.9,10.8,176
Talas,2025-07-01,03:00,2025-07-01T03:00,12.3,0,0,0,4.6,10.1,171
Talas,2025-07-01,04:00,2025-07-01T04:00,12.2,0,0,0,5.1,11.5,157
Talas,2025-07-01,05:00,2025-07-01T05:00,11.9,0,0,0,5.2,11.9,164
Talas,2025-07-01,06:00,2025-07-01T06:00,12.4,0,0,0,4.5,11.5,166
Talas,2025-07-01,07:00,2025-07-01T07:00,14.4,0,0,0,6,14.8,163
Talas,2025-07-01,08:00,2025-07-01T08:00,16,0,0,0,4.5,16.9,157
Talas,2025-07-01,09:00,2025-07-01T09:00,18.1,0,0,0,7.3,22,62
Talas,2025-07-01,10:00,2025-07-01T10:00,20.9,0,0,0,11.8,31.7,43
Talas,2025-07-01,11:00,2025-07-01T11:00,22.8,0,0,0,12.5,34.9,36
Talas,2025-07-01,12:00,2025-07-01T12:00,24.5,0,0,0,9.2,34.2,45
Talas,2025-07-01,13:00,2025-07-01T13:00,25.6,0,0,0,4.5,29.2,40
Talas,2025-07-01,14:00,2025-07-01T14:00,26.7,0,0,0,6.7,24.8,16
Talas,2025-07-01,15:00,2025-07-01T15:00,26.7,0,0,0,9.3,29.2,16
Talas,2025-07-01,16:00,2025-07-01T16:00,26.2,0,0,0,10.5,32.8,356
Talas,2025-07-01,17:00,2025-07-01T17:00,26,0,0,0,8.5,29.2,343
Talas,2025-07-01,18:00,2025-07-01T18:00,26.1,0,0,0,12.8,29.9,331
Talas,2025-07-01,19:00,2025-07-01T19:00,24.5,0,0,0,14.7,35.3,324
Talas,2025-07-01,20:00,2025-07-01T20:00,22.2,0,0,0,8.2,32,327
Talas,2025-07-01,21:00,2025-07-01T21:00,19.7,0,0,0,6.9,20.2,47
Talas,2025-07-01,22:00,2025-07-01T22:00,18.6,0,0,0,8.2,23.4,98
Talas,2025-07-01,23:00,2025-07-01T23:00,16.7,0,0,0,5.2,20.2,139
Talas,2025-07-02,00:00,2025-07-02T00:00,16.4,0,0,0,2.2,13,125
Talas,2025-07-02,01:00,2025-07-02T01:00,15.4,0,0,0,2.2,9,125
Talas,2025-07-02,02:00,2025-07-02T02:00,14.7,0,0,0,1.8,8.6,169
Talas,2025-07-02,03:00,2025-07-02T03:00,14.3,0,0,0,0.6,7.6,162
Talas,2025-07-02,04:00,2025-07-02T04:00,12.6,0,0,0,2.1,6.1,195
Talas,2025-07-02,05:00,2025-07-02T05:00,12.1,0,0,0,3.4,7.2,186
Talas,2025-07-02,06:00,2025-07-02T06:00,12.9,0,0,0,2.5,7.2,172
Talas,2025-07-02,07:00,2025-07-02T07:00,15.2,0,0,0,1.7,8.3,198
Talas,2025-07-02,08:00,2025-07-02T08:00,17,0,0,0,0.8,11.5,243
Talas,2025-07-02,09:00,2025-07-02T09:00,18.6,0,0,0,1.9,15.5,343
Talas,2025-07-02,10:00,2025-07-02T10:00,20.3,0,0,0,5,20.9,319
Talas,2025-07-02,11:00,2025-07-02T11:00,21.9,0,0,0,9.3,28.1,304
Talas,2025-07-02,12:00,2025-07-02T12:00,23.4,0,0,0,12.2,33.5,301
Talas,2025-07-02,13:00,2025-07-02T13:00,24.8,0,0,0,14.9,38.5,313
Talas,2025-07-02,14:00,2025-07-02T14:00,25.5,0,0,0,16.2,41,320
Talas,2025-07-02,15:00,2025-07-02T15:00,25.8,0,0,0,17.5,42.8,321
Talas,2025-07-02,16:00,2025-07-02T16:00,25.4,0,0,0,19.3,45.7,319
Talas,2025-07-02,17:00,2025-07-02T17:00,24.7,0,0,0,17.6,45.7,327
Talas,2025-07-02,18:00,2025-07-02T18:00,24.8,0,0,0,13.8,41.4,340
Talas,2025-07-02,19:00,2025-07-02T19:00,22,0,0,0,18.6,44.6,4
Talas,2025-07-02,20:00,2025-07-02T20:00,21,0,0,0,6.8,40.3,3
Talas,2025-07-02,21:00,2025-07-02T21:00,18.2,0,0,0,5.8,18,360
Talas,2025-07-02,22:00,2025-07-02T22:00,17.2,0,0,0,11.3,27,54
Talas,2025-07-02,23:00,2025-07-02T23:00,14.6,0,0,0,4.5,25.9,137
Talas,2025-07-03,00:00,2025-07-03T00:00,13.7,0,0,0,3,11.5,163
Talas,2025-07-03,01:00,2025-07-03T01:00,13,0,0,0,2,9,175
Talas,2025-07-03,02:00,2025-07-03T02:00,12.3,0,0,0,0.9,7.2,191
Talas,2025-07-03,03:00,2025-07-03T03:00,11.2,0,0,0,1.8,6.5,225
Talas,2025-07-03,04:00,2025-07-03T04:00,10.3,0,0,0,2.7,7.9,212
Talas,2025-07-03,05:00,2025-07-03T05:00,10.2,0,0,0,1.1,7.6,198
Talas,2025-07-03,06:00,2025-07-03T06:00,10.1,0,0,0,2.8,6.5,165
Talas,2025-07-03,07:00,2025-07-03T07:00,12.8,0,0,0,4.7,11.5,176
Talas,2025-07-03,08:00,2025-07-03T08:00,14.4,0,0,0,5.2,16.2,256
Talas,2025-07-03,09:00,2025-07-03T09:00,16.1,0,0,0,9,24.5,276
Talas,2025-07-03,10:00,2025-07-03T10:00,17.6,0,0,0,11.8,31.3,291
Talas,2025-07-03,11:00,2025-07-03T11:00,19.3,0,0,0,13.3,34.9,305
Talas,2025-07-03,12:00,2025-07-03T12:00,20.9,0,0,0,17.8,43.6,317
Talas,2025-07-03,13:00,2025-07-03T13:00,22.7,0,0,0,16.7,45.4,323
Talas,2025-07-03,14:00,2025-07-03T14:00,23.4,0,0,0,25.3,57.2,331
Talas,2025-07-03,15:00,2025-07-03T15:00,24.2,0,0,0,20.3,57.6,325
Talas,2025-07-03,16:00,2025-07-03T16:00,21.7,0,0,0,21.7,51.1,336
Talas,2025-07-03,17:00,2025-07-03T17:00,21,0,0,0,20.8,49.7,340
Talas,2025-07-03,18:00,2025-07-03T18:00,20.4,0,0,0,17.3,47.2,336
Talas,2025-07-03,19:00,2025-07-03T19:00,20,0,0,0,17.3,39.6,335
Talas,2025-07-03,20:00,2025-07-03T20:00,19.1,0,0,0,14.7,38.2,340
Talas,2025-07-03,21:00,2025-07-03T21:00,18.1,0,0,0,8.1,33.1,336
Talas,2025-07-03,22:00,2025-07-03T22:00,17.6,0,0,0,7.6,20.2,326
Talas,2025-07-03,23:00,2025-07-03T23:00,15.6,0,0,0,6.1,19.1,348
Talas,2025-07-04,00:00,2025-07-04T00:00,14.5,0,0,0,6.6,19.4,53
Talas,2025-07-04,01:00,2025-07-04T01:00,13.3,0,0,0,1.5,16.9,120
Talas,2025-07-04,02:00,2025-07-04T02:00,12.3,0,0,0,2.1,7.9,239
Talas,2025-07-04,03:00,2025-07-04T03:00,12.3,0,0,0,6.6,15.5,291
Talas,2025-07-04,04:00,2025-07-04T04:00,11.3,0,0,0,10.8,23,272
Talas,2025-07-04,05:00,2025-07-04T05:00,10.9,0,0,0,10.6,22,255
Talas,2025-07-04,06:00,2025-07-04T06:00,11.5,0,0,0,10.1,21.6,268
Talas,2025-07-04,07:00,2025-07-04T07:00,11.9,0,0,0,10.6,23,273
Talas,2025-07-04,08:00,2025-07-04T08:00,13.2,0,0,0,9.7,23.8,281
Talas,2025-07-04,09:00,2025-07-04T09:00,14.6,0,0,0,12.9,32,302
Talas,2025-07-04,10:00,2025-07-04T10:00,15,0,0,0,13.9,32.8,307
Talas,2025-07-04,11:00,2025-07-04T11:00,15.6,0.1,0.1,0,12.8,33.5,322
Talas,2025-07-04,12:00,2025-07-04T12:00,16.8,0.1,0.1,0,13.5,34.2,323
Talas,2025-07-04,13:00,2025-07-04T13:00,18.9,0.2,0.2,0,14.7,37.4,333
Talas,2025-07-04,14:00,2025-07-04T14:00,20.5,0.1,0.1,0,16.9,41.8,345
Talas,2025-07-04,15:00,2025-07-04T15:00,20.9,2.9,2.9,0,11.5,45,340
Talas,2025-07-04,16:00,2025-07-04T16:00,21.3,0,0,0,17.7,41,355
Talas,2025-07-04,17:00,2025-07-04T17:00,18.2,1.8,1.8,0,1.3,47.9,34
Talas,2025-07-04,18:00,2025-07-04T18:00,19.1,0,0,0,14.1,32.8,337
Talas,2025-07-04,19:00,2025-07-04T19:00,18.7,0,0,0,15.5,36.7,340
Talas,2025-07-04,20:00,2025-07-04T20:00,17.4,0,0,0,12.8,34.6,321
Talas,2025-07-04,21:00,2025-07-04T21:00,16,0,0,0,9.7,29.5,301
Talas,2025-07-04,22:00,2025-07-04T22:00,14.9,0,0,0,6.6,22,303
Talas,2025-07-04,23:00,2025-07-04T23:00,13.4,0,0,0,4.7,17.3,313
Talas,2025-07-05,00:00,2025-07-05T00:00,12.8,0,0,0,2,13,265
Talas,2025-07-05,01:00,2025-07-05T01:00,12.1,0,0,0,4.2,9.7,239
Talas,2025-07-05,02:00,2025-07-05T02:00,11.9,0,0,0,5,11.2,240
Talas,2025-07-05,03:00,2025-07-05T03:00,11.5,0,0,0,5.5,11.2,229
Talas,2025-07-05,04:00,2025-07-05T04:00,11.5,0,0,0,9.3,16.6,234
Talas,2025-07-05,05:00,2025-07-05T05:00,11,0,0,0,9.6,17.6,236
Talas,2025-07-05,06:00,2025-07-05T06:00,10.9,0,0,0,11,18.4,222
Talas,2025-07-05,07:00,2025-07-05T07:00,12.6,0,0,0,10.2,20.2,238
Talas,2025-07-05,08:00,2025-07-05T08:00,14.1,0,0,0,9.8,22.3,252
Talas,2025-07-05,09:00,2025-07-05T09:00,15.6,0,0,0,8,23,290
Talas,2025-07-05,10:00,2025-07-05T10:00,17.2,0,0,0,8.1,23.8,305
Talas,2025-07-05,11:00,2025-07-05T11:00,19,0,0,0,8.8,26.6,325
Talas,2025-07-05,12:00,2025-07-05T12:00,20.4,0,0,0,8.6,25.9,349
Talas,2025-07-05,13:00,2025-07-05T13:00,21.6,0,0,0,11.6,31,348
Talas,2025-07-05,14:00,2025-07-05T14:00,22.2,0,0,0,13.3,33.5,347
Talas,2025-07-05,15:00,2025-07-05T15:00,22.9,0,0,0,13.6,34.2,349
Talas,2025-07-05,16:00,2025-07-05T16:00,23.9,0,0,0,14.6,35.6,358
Talas,2025-07-05,17:00,2025-07-05T17:00,23.1,0,0,0,17,39.2,351
Talas,2025-07-05,18:00,2025-07-05T18:00,21.9,0,0,0,16.3,39.6,347
Talas,2025-07-05,19:00,2025-07-05T19:00,21.1,0,0,0,11.3,36.4,340
Talas,2025-07-05,20:00,2025-07-05T20:00,18.8,0,0,0,4.4,25.2,279
Talas,2025-07-05,21:00,2025-07-05T21:00,17.4,0,0,0,4.6,12.2,283
Talas,2025-07-05,22:00,2025-07-05T22:00,17.1,0,0,0,1.4,12.2,40
Talas,2025-07-05,23:00,2025-07-05T23:00,15.2,0,0,0,4.4,9.7,150
Talas,2025-07-06,00:00,2025-07-06T00:00,14.6,0,0,0,5.1,11.2,157
Talas,2025-07-06,01:00,2025-07-06T01:00,13.7,0,0,0,5.5,11.9,148
Talas,2025-07-06,02:00,2025-07-06T02:00,13.1,0,0,0,5.5,11.9,167
Talas,2025-07-06,03:00,2025-07-06T03:00,12.4,0,0,0,5.5,11.5,169
Talas,2025-07-06,04:00,2025-07-06T04:00,11.8,0,0,0,3.3,8.3,171
Talas,2025-07-06,05:00,2025-07-06T05:00,11.5,0,0,0,2.7,8.3,172
Talas,2025-07-06,06:00,2025-07-06T06:00,11.8,0,0,0,3.4,7.6,174
Talas,2025-07-06,07:00,2025-07-06T07:00,14.2,0,0,0,4.7,11.2,178
Talas,2025-07-06,08:00,2025-07-06T08:00,16,0,0,0,3.8,14,172
Talas,2025-07-06,09:00,2025-07-06T09:00,17.9,0,0,0,1.9,14.8,146
Talas,2025-07-06,10:00,2025-07-06T10:00,19.8,0,0,0,1.3,15.5,8
Talas,2025-07-06,11:00,2025-07-06T11:00,21.9,0,0,0,3.2,19.1,326
Talas,2025-07-06,12:00,2025-07-06T12:00,23.8,0,0,0,6.1,23.4,313
Talas,2025-07-06,13:00,2025-07-06T13:00,25.2,0,0,0,7.9,26.6,319
Talas,2025-07-06,14:00,2025-07-06T14:00,26.4,0,0,0,7.4,26.6,315
Talas,2025-07-06,15:00,2025-07-06T15:00,27.6,0,0,0,7.5,25.2,297
Talas,2025-07-06,16:00,2025-07-06T16:00,28.3,0,0,0,13.9,32.8,287
Talas,2025-07-06,17:00,2025-07-06T17:00,28.4,0,0,0,17.5,39.2,300
Talas,2025-07-06,18:00,2025-07-06T18:00,27.9,0,0,0,16.2,40,320
Talas,2025-07-06,19:00,2025-07-06T19:00,26.8,0,0,0,10.9,36.4,344
Talas,2025-07-06,20:00,2025-07-06T20:00,23,0,0,0,5.8,25.6,4
Talas,2025-07-06,21:00,2025-07-06T21:00,20.7,0,0,0,6,15.5,57
Talas,2025-07-06,22:00,2025-07-06T22:00,19.2,0,0,0,4.9,15.5,107
Talas,2025-07-06,23:00,2025-07-06T23:00,18.3,0,0,0,3.1,12.6,149
Talas,2025-07-07,00:00,2025-07-07T00:00,17.5,0,0,0,2.4,8.6,163
Talas,2025-07-07,01:00,2025-07-07T01:00,16.6,0,0,0,1.5,6.8,150
Talas,2025-07-07,02:00,2025-07-07T02:00,15.3,0,0,0,2.6,6.5,155
Talas,2025-07-07,03:00,2025-07-07T03:00,14.6,0,0,0,2.2,6.8,156
Talas,2025-07-07,04:00,2025-07-07T04:00,13.8,0,0,0,1.9,6.5,139
Talas,2025-07-07,05:00,2025-07-07T05:00,13.3,0,0,0,1.1,5.4,162
Talas,2025-07-07,06:00,2025-07-07T06:00,13.6,0,0,0,0.7,4,180
Talas,2025-07-07,07:00,2025-07-07T07:00,15.5,0,0,0,1.7,6.5,212
Talas,2025-07-07,08:00,2025-07-07T08:00,17.5,0,0,0,1.1,10.8,342
Talas,2025-07-07,09:00,2025-07-07T09:00,19.6,0,0,0,2.1,14.8,345
Talas,2025-07-07,10:00,2025-07-07T10:00,21.8,0,0,0,2.9,17.3,338
Talas,2025-07-07,11:00,2025-07-07T11:00,24,0,0,0,3.4,19.1,328
Talas,2025-07-07,12:00,2025-07-07T12:00,25.9,0,0,0,4.6,20.9,315
Talas,2025-07-07,13:00,2025-07-07T13:00,27.6,0,0,0,7.4,25.2,313
Talas,2025-07-07,14:00,2025-07-07T14:00,28.7,0,0,0,9.2,28.1,318
Talas,2025-07-07,15:00,2025-07-07T15:00,29.5,0,0,0,8.2,28.4,308
Talas,2025-07-07,16:00,2025-07-07T16:00,29.8,0,0,0,9.7,27.4,297
Talas,2025-07-07,17:00,2025-07-07T17:00,30,0,0,0,12.1,30.6,312
Talas,2025-07-07,18:00,2025-07-07T18:00,29.3,0,0,0,13.1,32,324
Talas,2025-07-07,19:00,2025-07-07T19:00,28.2,0,0,0,10.9,31.3,326
Talas,2025-07-07,20:00,2025-07-07T20:00,24.4,0,0,0,5.1,24.8,333
Talas,2025-07-07,21:00,2025-07-07T21:00,23.3,0,0,0,3.6,13,357
Talas,2025-07-07,22:00,2025-07-07T22:00,22.5,0,0,0,1.4,10.8,360
Talas,2025-07-07,23:00,2025-07-07T23:00,21.3,0,0,0,0.8,7.9,153
Talas,2025-07-08,00:00,2025-07-08T00:00,19.5,0,0,0,5.7,9.4,171
Talas,2025-07-08,01:00,2025-07-08T01:00,19.1,0,0,0,2.8,9.7,162
Talas,2025-07-08,02:00,2025-07-08T02:00,18.6,0,0,0,2,5,170
Talas,2025-07-08,03:00,2025-07-08T03:00,18.3,0,0,0,2.4,5.4,197
Talas,2025-07-08,04:00,2025-07-08T04:00,17.8,0,0,0,3.7,7.6,215
Talas,2025-07-08,05:00,2025-07-08T05:00,16.9,0,0,0,4.9,9.7,231
Talas,2025-07-08,06:00,2025-07-08T06:00,16.9,0,0,0,4.7,10.1,230
Talas,2025-07-08,07:00,2025-07-08T07:00,19.7,0,0,0,6.5,11.2,240
Talas,2025-07-08,08:00,2025-07-08T08:00,22.2,0,0,0,6.1,16.2,251
Talas,2025-07-08,09:00,2025-07-08T09:00,24.2,0,0,0,6.5,19.8,267
Talas,2025-07-08,10:00,2025-07-08T10:00,26.3,0,0,0,7.8,23.4,277
Talas,2025-07-08,11:00,2025-07-08T11:00,28.2,0,0,0,10,28.8,293
Talas,2025-07-08,12:00,2025-07-08T12:00,29.6,0,0,0,12.6,33.8,308
Talas,2025-07-08,13:00,2025-07-08T13:00,30.8,0,0,0,15.2,38.5,306
Talas,2025-07-08,14:00,2025-07-08T14:00,31.5,0,0,0,15.5,39.6,308
Talas,2025-07-08,15:00,2025-07-08T15:00,31.9,0,0,0,14.6,39.2,305
Talas,2025-07-08,16:00,2025-07-08T16:00,31.8,0,0,0,15.7,38.2,306
Talas,2025-07-08,17:00,2025-07-08T17:00,31.7,0,0,0,15.7,38.5,312
Talas,2025-07-08,18:00,2025-07-08T18:00,31,0,0,0,14.1,37.1,320
Talas,2025-07-08,19:00,2025-07-08T19:00,29.9,0,0,0,7.3,33.1,327
Talas,2025-07-08,20:00,2025-07-08T20:00,27.4,0,0,0,1.3,18,270
Talas,2025-07-08,21:00,2025-07-08T21:00,26.1,0,0,0,2.1,6.1,218
Talas,2025-07-08,22:00,2025-07-08T22:00,25.2,0,0,0,1.5,5.8,144
Talas,2025-07-08,23:00,2025-07-08T23:00,23.1,0,0,0,7,15.8,111
Talas,2025-07-09,00:00,2025-07-09T00:00,22.2,0,0,0,6.9,16.2,157
Talas,2025-07-09,01:00,2025-07-09T01:00,20.2,0,0,0,3.6,14.8,160
Talas,2025-07-09,02:00,2025-07-09T02:00,19.9,0,0,0,1.9,8.3,158
Talas,2025-07-09,03:00,2025-07-09T03:00,19.6,0,0,0,1.6,4.7,180
Talas,2025-07-09,04:00,2025-07-09T04:00,19.4,0,0,0,2.5,5,180
Talas,2025-07-09,05:00,2025-07-09T05:00,19.3,0,0,0,1.8,4.3,169
Talas,2025-07-09,06:00,2025-07-09T06:00,19.8,0,0,0,1.4,4,180
Talas,2025-07-09,07:00,2025-07-09T07:00,22.3,0,0,0,3.2,6.5,251
Talas,2025-07-09,08:00,2025-07-09T08:00,24.3,0,0,0,3.8,13,289
Talas,2025-07-09,09:00,2025-07-09T09:00,26.5,0,0,0,3.5,16.2,309
Talas,2025-07-09,10:00,2025-07-09T10:00,28.8,0,0,0,6.1,21.2,320
Talas,2025-07-09,11:00,2025-07-09T11:00,30.8,0,0,0,10.8,29.9,308
Talas,2025-07-09,12:00,2025-07-09T12:00,32.3,0,0,0,14.1,35.6,300
Talas,2025-07-09,13:00,2025-07-09T13:00,33.1,0,0,0,15.7,38.9,298
Talas,2025-07-09,14:00,2025-07-09T14:00,33.4,0,0,0,13.1,38.9,293
Talas,2025-07-09,15:00,2025-07-09T15:00,33.9,0,0,0,10.3,34.2,283
Talas,2025-07-09,16:00,2025-07-09T16:00,34,0,0,0,14.4,34.2,278
Talas,2025-07-09,17:00,2025-07-09T17:00,33.8,0,0,0,16.4,36.7,278
Talas,2025-07-09,18:00,2025-07-09T18:00,33.1,0,0,0,15.3,36.7,285
Talas,2025-07-09,19:00,2025-07-09T19:00,32,0,0,0,12.1,33.1,269
Talas,2025-07-09,20:00,2025-07-09T20:00,29.7,0,0,0,13.6,27.4,238
Talas,2025-07-09,21:00,2025-07-09T21:00,28,0,0,0,10.3,28.1,234
Talas,2025-07-09,22:00,2025-07-09T22:00,26.2,0,0,0,7,21.6,212
Talas,2025-07-09,23:00,2025-07-09T23:00,25.4,0,0,0,6.9,13.7,203
Talas,2025-07-10,00:00,2025-07-10T00:00,24.4,0,0,0,4.5,13.3,187
Talas,2025-07-10,01:00,2025-07-10T01:00,23.9,0,0,0,1,6.8,135
Talas,2025-07-10,02:00,2025-07-10T02:00,22.7,0,0,0,1.6,3.2,174
Talas,2025-07-10,03:00,2025-07-10T03:00,20.8,0,0,0,3.7,7.2,157
Talas,2025-07-10,04:00,2025-07-10T04:00,20.3,0,0,0,1.7,4.3,162
Talas,2025-07-10,05:00,2025-07-10T05:00,19.2,0,0,0,1.5,4.3,159
Talas,2025-07-10,06:00,2025-07-10T06:00,19,0,0,0,2.4,5.8,171
Talas,2025-07-10,07:00,2025-07-10T07:00,22.2,0,0,0,2.9,6.5,180
Talas,2025-07-10,08:00,2025-07-10T08:00,25.9,0,0,0,1,9,292
Talas,2025-07-10,09:00,2025-07-10T09:00,28.4,0,0,0,3.6,15.8,342
Talas,2025-07-10,10:00,2025-07-10T10:00,30.3,0,0,0,7.3,23,329
Talas,2025-07-10,11:00,2025-07-10T11:00,31.8,0,0,0,10.2,29.2,326
Talas,2025-07-10,12:00,2025-07-10T12:00,33,0,0,0,9.8,30.6,336
Talas,2025-07-10,13:00,2025-07-10T13:00,33.8,0,0,0,10.3,30.6,337
Talas,2025-07-10,14:00,2025-07-10T14:00,34.3,0,0,0,10.7,31.3,330
Talas,2025-07-10,15:00,2025-07-10T15:00,34.7,0,0,0,11.4,31.3,322
Talas,2025-07-10,16:00,2025-07-10T16:00,34.4,0,0,0,9.6,28.1,334
Talas,2025-07-10,17:00,2025-07-10T17:00,34.3,0,0,0,9.8,28.1,332
Talas,2025-07-10,18:00,2025-07-10T18:00,33.9,0,0,0,8.5,27.4,322
Talas,2025-07-10,19:00,2025-07-10T19:00,32.6,0,0,0,4.4,22.7,305
Talas,2025-07-10,20:00,2025-07-10T20:00,29.9,0,0,0,0.8,12.6,243
Talas,2025-07-10,21:00,2025-07-10T21:00,28.1,0,0,0,2.3,5,176
Talas,2025-07-10,22:00,2025-07-10T22:00,26.9,0,0,0,4.2,8.3,168
Talas,2025-07-10,23:00,2025-07-10T23:00,26.1,0,0,0,11.8,24.8,63
Talas,2025-07-11,00:00,2025-07-11T00:00,23.6,0,0,0,6,26.6,164
Talas,2025-07-11,01:00,2025-07-11T01:00,22.8,0,0,0,6.5,15.8,152
Talas,2025-07-11,02:00,2025-07-11T02:00,21.4,0,0,0,6.1,15.8,152
Talas,2025-07-11,03:00,2025-07-11T03:00,20.5,0,0,0,5.5,15.1,161
Talas,2025-07-11,04:00,2025-07-11T04:00,20,0,0,0,5.8,15.1,158
Talas,2025-07-11,05:00,2025-07-11T05:00,19.4,0,0,0,5.1,14.4,162
Talas,2025-07-11,06:00,2025-07-11T06:00,19.7,0,0,0,4.4,13.7,168
Talas,2025-07-11,07:00,2025-07-11T07:00,23.1,0,0,0,4.8,12.6,169
Talas,2025-07-11,08:00,2025-07-11T08:00,27.1,0,0,0,3.3,12.2,68
Talas,2025-07-11,09:00,2025-07-11T09:00,29.8,0,0,0,6.9,21.2,53
Talas,2025-07-11,10:00,2025-07-11T10:00,32.3,0,0,0,8.7,26.3,50
Talas,2025-07-11,11:00,2025-07-11T11:00,34.4,0,0,0,9.7,29.5,40
Talas,2025-07-11,12:00,2025-07-11T12:00,35.6,0,0,0,11.5,33.1,34
Talas,2025-07-11,13:00,2025-07-11T13:00,36.4,0,0,0,14,37.8,29
Talas,2025-07-11,14:00,2025-07-11T14:00,37,0,0,0,12.7,38.2,12
Talas,2025-07-11,15:00,2025-07-11T15:00,37.6,0,0,0,13.7,35.6,337
Talas,2025-07-11,16:00,2025-07-11T16:00,36.4,0,0,0,17.1,40,321
Talas,2025-07-11,17:00,2025-07-11T17:00,35.7,0,0,0,10.7,40,329
Talas,2025-07-11,18:00,2025-07-11T18:00,35.7,0,0,0,6.4,27,47
Talas,2025-07-11,19:00,2025-07-11T19:00,33.9,0,0,0,2.3,19.8,29
Talas,2025-07-11,20:00,2025-07-11T20:00,30.7,0,0,0,3.4,7.6,227
Talas,2025-07-11,21:00,2025-07-11T21:00,28.5,0,0,0,5.3,10.1,188
Talas,2025-07-11,22:00,2025-07-11T22:00,26.3,0,0,0,2.9,12.2,158
Talas,2025-07-11,23:00,2025-07-11T23:00,24.6,0,0,0,2.2,9.7,156
Talas,2025-07-12,00:00,2025-07-12T00:00,24.3,0,0,0,1.6,7.6,180
Talas,2025-07-12,01:00,2025-07-12T01:00,23.7,0,0,0,1.3,5.4,188
Talas,2025-07-12,02:00,2025-07-12T02:00,22.5,0,0,0,3.8,7.2,177
Talas,2025-07-12,03:00,2025-07-12T03:00,21.8,0,0,0,4.2,9.4,162
Talas,2025-07-12,04:00,2025-07-12T04:00,21.2,0,0,0,4.4,10.4,159
Talas,2025-07-12,05:00,2025-07-12T05:00,20.6,0,0,0,2.9,10.4,184
Talas,2025-07-12,06:00,2025-07-12T06:00,20.8,0,0,0,2.9,7.9,187
Talas,2025-07-12,07:00,2025-07-12T07:00,24.3,0,0,0,2.4,7.6,189
Talas,2025-07-12,08:00,2025-07-12T08:00,27.3,0,0,0,1.1,9,342
Talas,2025-07-12,09:00,2025-07-12T09:00,29.8,0,0,0,4.7,17.6,18
Talas,2025-07-12,10:00,2025-07-12T10:00,32.3,0,0,0,7.1,23.4,16
Talas,2025-07-12,11:00,2025-07-12T11:00,34.6,0,0,0,9,27.7,16
Talas,2025-07-12,12:00,2025-07-12T12:00,36.2,0,0,0,9.7,29.9,10
Talas,2025-07-12,13:00,2025-07-12T13:00,37.5,0,0,0,11.4,32.4,5
Talas,2025-07-12,14:00,2025-07-12T14:00,38,0,0,0,14.2,37.4,4
Talas,2025-07-12,15:00,2025-07-12T15:00,38.2,0,0,0,15.8,40.3,358
Talas,2025-07-12,16:00,2025-07-12T16:00,38,0,0,0,13,32.8,315
Talas,2025-07-12,17:00,2025-07-12T17:00,36.9,0,0,0,17,38.5,300
Talas,2025-07-12,18:00,2025-07-12T18:00,36.1,0,0,0,14,38.2,292
Talas,2025-07-12,19:00,2025-07-12T19:00,35.4,0,0,0,5.7,29.5,281
Talas,2025-07-12,20:00,2025-07-12T20:00,32.2,0,0,0,2.4,13.7,197
Talas,2025-07-12,21:00,2025-07-12T21:00,29.9,0,0,0,2.2,6.1,175
Talas,2025-07-12,22:00,2025-07-12T22:00,28.2,0,0,0,6.9,16.9,73
Talas,2025-07-12,23:00,2025-07-12T23:00,27.7,0,0,0,0.7,20.2,180
Talas,2025-07-13,00:00,2025-07-13T00:00,26.3,0,0,0,2.8,7.2,225
Talas,2025-07-13,01:00,2025-07-13T01:00,25.5,0,0,0,1,6.8,158
Talas,2025-07-13,02:00,2025-07-13T02:00,23.5,0,0,0,3.5,8.6,152
Talas,2025-07-13,03:00,2025-07-13T03:00,22.8,0,0,0,2.1,8.3,165
Talas,2025-07-13,04:00,2025-07-13T04:00,22.3,0,0,0,2.7,9.7,160
Talas,2025-07-13,05:00,2025-07-13T05:00,22,0,0,0,1.5,7.2,159
Talas,2025-07-13,06:00,2025-07-13T06:00,22.2,0,0,0,0.7,5.4,180
Talas,2025-07-13,07:00,2025-07-13T07:00,24.6,0,0,0,4.5,5.4,256
Talas,2025-07-13,08:00,2025-07-13T08:00,26.4,0,0,0,3.4,12.6,295
Talas,2025-07-13,09:00,2025-07-13T09:00,28.7,0,0,0,4,16.6,328
Talas,2025-07-13,10:00,2025-07-13T10:00,31.1,0,0,0,5,20.2,334
Talas,2025-07-13,11:00,2025-07-13T11:00,33.3,0,0,0,6.2,23.4,352
Talas,2025-07-13,12:00,2025-07-13T12:00,35.6,0,0,0,8.4,28.1,7
Talas,2025-07-13,13:00,2025-07-13T13:00,37.2,0,0,0,10.2,31,26
Talas,2025-07-13,14:00,2025-07-13T14:00,37.9,0,0,0,9.5,31.3,21
Talas,2025-07-13,15:00,2025-07-13T15:00,38,0,0,0,10.7,30.6,12
Talas,2025-07-13,16:00,2025-07-13T16:00,37.9,0,0,0,12.1,33.5,7
Talas,2025-07-13,17:00,2025-07-13T17:00,38,0,0,0,10.8,33.5,358
Talas,2025-07-13,18:00,2025-07-13T18:00,35,0,0,0,25.4,54.4,324
Talas,2025-07-13,19:00,2025-07-13T19:00,33.8,0,0,0,21.7,56.2,330
Talas,2025-07-13,20:00,2025-07-13T20:00,31.3,0,0,0,7.6,46.8,356
Talas,2025-07-13,21:00,2025-07-13T21:00,28.5,0,0,0,5.6,19.8,57
Talas,2025-07-13,22:00,2025-07-13T22:00,27,0,0,0,5.6,15.8,83
Talas,2025-07-13,23:00,2025-07-13T23:00,25.8,0,0,0,3.3,14.8,135
Talas,2025-07-14,00:00,2025-07-14T00:00,24.4,0,0,0,4.3,11.2,163
Talas,2025-07-14,01:00,2025-07-14T01:00,23.8,0,0,0,2.7,11.5,180
Talas,2025-07-14,02:00,2025-07-14T02:00,23.5,0,0,0,0.4,9,243
Talas,2025-07-14,03:00,2025-07-14T03:00,22.4,0,0,0,0.3,5.8,225
Talas,2025-07-14,04:00,2025-07-14T04:00,22.1,0,0,0,1,8.3,225
Talas,2025-07-14,05:00,2025-07-14T05:00,20.3,0,0,0,0.9,5.8,360
Talas,2025-07-14,06:00,2025-07-14T06:00,19.5,0,0,0,1.8,5.4,169
Talas,2025-07-14,07:00,2025-07-14T07:00,21.9,0,0,0,3.1,7.6,208
Talas,2025-07-14,08:00,2025-07-14T08:00,24,0,0,0,1.4,10.8,230
Talas,2025-07-14,09:00,2025-07-14T09:00,26.3,0,0,0,2.3,15.1,61
Talas,2025-07-14,10:00,2025-07-14T10:00,28.6,0,0,0,3.1,18.4,31
Talas,2025-07-14,11:00,2025-07-14T11:00,31,0,0,0,5.4,22.7,20
Talas,2025-07-14,12:00,2025-07-14T12:00,33.6,0,0,0,9.2,29.2,31
Talas,2025-07-14,13:00,2025-07-14T13:00,35.3,0,0,0,12.5,35.3,37
Talas,2025-07-14,14:00,2025-07-14T14:00,36.2,0,0,0,12.6,35.6,31
Talas,2025-07-14,15:00,2025-07-14T15:00,36.5,0,0,0,11.1,35.6,31
Talas,2025-07-14,16:00,2025-07-14T16:00,36.1,0,0,0,7.4,28.8,43
Talas,2025-07-14,17:00,2025-07-14T17:00,36,0,0,0,9.7,27.7,42
Talas,2025-07-14,18:00,2025-07-14T18:00,35.2,0,0,0,13.8,33.8,36
Talas,2025-07-14,19:00,2025-07-14T19:00,33.5,0,0,0,14.8,35.3,37
Talas,2025-07-14,20:00,2025-07-14T20:00,30.6,0,0,0,10.3,33.5,49
Talas,2025-07-14,21:00,2025-07-14T21:00,27.9,0,0,0,6.2,25.6,46
Talas,2025-07-14,22:00,2025-07-14T22:00,26,0,0,0,5.1,18,67
Talas,2025-07-14,23:00,2025-07-14T23:00,24.6,0,0,0,3.6,14,143
Talas,2025-07-15,00:00,2025-07-15T00:00,23.8,0,0,0,2,10.4,153
Talas,2025-07-15,01:00,2025-07-15T01:00,22.6,0,0,0,2.3,8.3,198
Talas,2025-07-15,02:00,2025-07-15T02:00,21.6,0,0,0,3.1,8.6,211
Talas,2025-07-15,03:00,2025-07-15T03:00,21.1,0,0,0,2.3,8.6,212
Talas,2025-07-15,04:00,2025-07-15T04:00,21,0,0,0,3.1,10.1,183
Talas,2025-07-15,05:00,2025-07-15T05:00,20.3,0,0,0,3.6,9.7,174
Talas,2025-07-15,06:00,2025-07-15T06:00,20.2,0,0,0,4.5,10.4,175
Talas,2025-07-15,07:00,2025-07-15T07:00,23,0,0,0,3.6,10.4,210
Talas,2025-07-15,08:00,2025-07-15T08:00,24.6,0,0,0,2.8,12.6,191
Talas,2025-07-15,09:00,2025-07-15T09:00,26.4,0,0,0,2.7,15.8,90
Talas,2025-07-15,10:00,2025-07-15T10:00,28.6,0,0,0,5.4,21.2,64
Talas,2025-07-15,11:00,2025-07-15T11:00,30.8,0,0,0,8.4,27.7,47
Talas,2025-07-15,12:00,2025-07-15T12:00,32.5,0,0,0,10.3,31.7,35
Talas,2025-07-15,13:00,2025-07-15T13:00,33.7,0,0,0,10.7,32.8,29
Talas,2025-07-15,14:00,2025-07-15T14:00,34.3,0,0,0,8.4,32.8,35
Talas,2025-07-15,15:00,2025-07-15T15:00,34.9,0,0,0,4.4,28.4,63
Talas,2025-07-15,16:00,2025-07-15T16:00,34.8,0,0,0,7.3,25.2,25
Talas,2025-07-15,17:00,2025-07-15T17:00,34.2,0,0,0,14.5,36,6
Talas,2025-07-15,18:00,2025-07-15T18:00,33.3,0,0,0,17,40.3,10
Talas,2025-07-15,19:00,2025-07-15T19:00,31.8,0,0,0,14.1,40,10
Talas,2025-07-15,20:00,2025-07-15T20:00,29.2,0,0,0,9.7,32.4,359
Talas,2025-07-15,21:00,2025-07-15T21:00,26.7,0,0,0,6.2,24.1,41
Talas,2025-07-15,22:00,2025-07-15T22:00,25.5,0,0,0,8.3,21.6,66
Talas,2025-07-15,23:00,2025-07-15T23:00,23.4,0,0,0,4.8,20.9,115
Talas,2025-07-16,00:00,2025-07-16T00:00,22.7,0,0,0,1.6,13,96
Talas,2025-07-16,01:00,2025-07-16T01:00,21.7,0,0,0,0.8,8.3,135
Talas,2025-07-16,02:00,2025-07-16T02:00,20.7,0,0,0,0.8,5.8,207
Talas,2025-07-16,03:00,2025-07-16T03:00,20.3,0,0,0,0.2,5.4,270
Talas,2025-07-16,04:00,2025-07-16T04:00,19.3,0,0,0,1.2,4.3,117
Talas,2025-07-16,05:00,2025-07-16T05:00,18.7,0,0,0,0.7,5.4,180
Talas,2025-07-16,06:00,2025-07-16T06:00,18.5,0,0,0,1.2,4,231
Talas,2025-07-16,07:00,2025-07-16T07:00,20,0,0,0,1.4,6.8,230
Talas,2025-07-16,08:00,2025-07-16T08:00,21.3,0,0,0,3.2,13.7,270
Talas,2025-07-16,09:00,2025-07-16T09:00,23.4,0,0,0,3.2,15.8,341
Talas,2025-07-16,10:00,2025-07-16T10:00,25.4,0,0,0,7.8,24.8,320
Talas,2025-07-16,11:00,2025-07-16T11:00,27.3,0,0,0,9.4,28.1,320
Talas,2025-07-16,12:00,2025-07-16T12:00,29.2,0,0,0,11.7,33.5,324
Talas,2025-07-16,13:00,2025-07-16T13:00,30.4,0,0,0,12.9,34.9,318
Talas,2025-07-16,14:00,2025-07-16T14:00,31.6,0,0,0,15.2,38.9,312
Talas,2025-07-16,15:00,2025-07-16T15:00,31.7,0,0,0,14.4,39.2,314
Talas,2025-07-16,16:00,2025-07-16T16:00,30.7,0,0,0,13.1,35.6,317
Talas,2025-07-16,17:00,2025-07-16T17:00,30.6,0,0,0,11.7,34.6,315
Talas,2025-07-16,18:00,2025-07-16T18:00,30.1,0,0,0,11.5,31,310
Talas,2025-07-16,19:00,2025-07-16T19:00,29.2,0,0,0,11.5,28.8,310
Talas,2025-07-16,20:00,2025-07-16T20:00,27.3,0,0,0,7.7,27,303
Talas,2025-07-16,21:00,2025-07-16T21:00,25.5,0,0,0,3.1,18.7,277
Talas,2025-07-16,22:00,2025-07-16T22:00,24.5,0,0,0,3.6,9.4,273
Talas,2025-07-16,23:00,2025-07-16T23:00,23.7,0,0,0,5.6,13.3,263
Talas,2025-07-17,00:00,2025-07-17T00:00,22.3,0,0,0,5.5,11.9,238
Talas,2025-07-17,01:00,2025-07-17T01:00,21.8,0,0,0,1.3,10.1,236
Talas,2025-07-17,02:00,2025-07-17T02:00,20.9,0,0,0,1.1,4.3,180
Talas,2025-07-17,03:00,2025-07-17T03:00,20.2,0,0,0,1.4,3.2,157
Talas,2025-07-17,04:00,2025-07-17T04:00,18.9,0,0,0,1.9,5,146
Talas,2025-07-17,05:00,2025-07-17T05:00,18.2,0,0,0,1.5,4.7,150
Talas,2025-07-17,06:00,2025-07-17T06:00,18.2,0,0,0,1.3,3.6,164
Talas,2025-07-17,07:00,2025-07-17T07:00,21,0,0,0,2.1,5.8,211
Talas,2025-07-17,08:00,2025-07-17T08:00,23.4,0,0,0,3,13.3,335
Talas,2025-07-17,09:00,2025-07-17T09:00,25.6,0,0,0,4.8,19.1,349
Talas,2025-07-17,10:00,2025-07-17T10:00,27.5,0,0,0,6.2,23.4,350
Talas,2025-07-17,11:00,2025-07-17T11:00,29.1,0,0,0,7.8,26.6,347
Talas,2025-07-17,12:00,2025-07-17T12:00,30.6,0,0,0,9.2,29.2,343
Talas,2025-07-17,13:00,2025-07-17T13:00,31.4,0,0,0,10.7,31.7,333
Talas,2025-07-17,14:00,2025-07-17T14:00,32.5,0,0,0,11.2,32.4,320
Talas,2025-07-17,15:00,2025-07-17T15:00,32.8,0,0,0,12.6,34.2,324
Talas,2025-07-17,16:00,2025-07-17T16:00,32.2,0,0,0,12.7,33.5,325
Talas,2025-07-17,17:00,2025-07-17T17:00,32.1,0,0,0,13.7,33.8,308
Talas,2025-07-17,18:00,2025-07-17T18:00,31.6,0,0,0,12.4,33.8,304
Talas,2025-07-17,19:00,2025-07-17T19:00,30.8,0,0,0,8.4,29.5,317
Talas,2025-07-17,20:00,2025-07-17T20:00,28.1,0,0,0,2.1,20.2,340
Talas,2025-07-17,21:00,2025-07-17T21:00,27,0,0,0,3.7,10.4,284
Talas,2025-07-17,22:00,2025-07-17T22:00,26.3,0,0,0,1.5,10.4,216
Talas,2025-07-17,23:00,2025-07-17T23:00,24.7,0,0,0,4.3,7.6,175
Talas,2025-07-18,00:00,2025-07-18T00:00,23.7,0,0,0,4.1,8.6,167
Talas,2025-07-18,01:00,2025-07-18T01:00,22.8,0,0,0,2.6,8.3,168
Talas,2025-07-18,02:00,2025-07-18T02:00,22.6,0,0,0,1.3,6.1,164
Talas,2025-07-18,03:00,2025-07-18T03:00,21.7,0,0,0,1.6,4.7,174
Talas,2025-07-18,04:00,2025-07-18T04:00,19.8,0,0,0,6.2,16.2,165
Talas,2025-07-18,05:00,2025-07-18T05:00,18.9,0,0,0,4.4,15.1,173
Talas,2025-07-18,06:00,2025-07-18T06:00,19.1,0,0,0,4.5,13,178
Talas,2025-07-18,07:00,2025-07-18T07:00,22.2,0,0,0,4.7,13,178
Talas,2025-07-18,08:00,2025-07-18T08:00,26.5,0,0,0,1.1,11.2,81
Talas,2025-07-18,09:00,2025-07-18T09:00,29.2,0,0,0,4,17.3,30
Talas,2025-07-18,10:00,2025-07-18T10:00,31.3,0,0,0,7,24.1,13
Talas,2025-07-18,11:00,2025-07-18T11:00,32.5,0,0,0,10.4,30.2,9
Talas,2025-07-18,12:00,2025-07-18T12:00,33.3,0,0,0,11.6,33.5,19
Talas,2025-07-18,13:00,2025-07-18T13:00,34.2,0,0,0,9.8,33.5,24
Talas,2025-07-18,14:00,2025-07-18T14:00,34.6,0,0,0,10.7,31,14
Talas,2025-07-18,15:00,2025-07-18T15:00,35.1,0,0,0,12.3,33.5,4
Talas,2025-07-18,16:00,2025-07-18T16:00,35.3,0,0,0,16.8,40.3,347
Talas,2025-07-18,17:00,2025-07-18T17:00,34.5,0,0,0,17.7,42.1,345
Talas,2025-07-18,18:00,2025-07-18T18:00,33.4,0,0,0,15.2,40.3,310
Talas,2025-07-18,19:00,2025-07-18T19:00,32.7,0,0,0,9.9,32.8,286
Talas,2025-07-18,20:00,2025-07-18T20:00,29.9,0,0,0,6.3,19.8,257
Talas,2025-07-18,21:00,2025-07-18T21:00,29.1,0,0,0,2,15.1,243
Talas,2025-07-18,22:00,2025-07-18T22:00,28.8,0,0,0,16.4,31,266
Talas,2025-07-18,23:00,2025-07-18T23:00,26.5,0,0,0,14.6,40.7,243
Talas,2025-07-19,00:00,2025-07-19T00:00,25.5,0,0,0,14.8,29.5,248
Talas,2025-07-19,01:00,2025-07-19T01:00,24.6,0,0,0,13,28.8,256
Talas,2025-07-19,02:00,2025-07-19T02:00,23.3,0,0,0,7.4,25.6,241
Talas,2025-07-19,03:00,2025-07-19T03:00,21.8,0,0,0,5.2,15.1,239
Talas,2025-07-19,04:00,2025-07-19T04:00,20.8,0,0,0,4.1,13.3,241
Talas,2025-07-19,05:00,2025-07-19T05:00,20.6,0,0,0,3.1,8.3,193
Talas,2025-07-19,06:00,2025-07-19T06:00,20.6,0,0,0,2.9,6.5,176
Talas,2025-07-19,07:00,2025-07-19T07:00,22.6,0,0,0,0.8,6.5,333
Talas,2025-07-19,08:00,2025-07-19T08:00,24,0,0,0,2.7,13.7,323
Talas,2025-07-19,09:00,2025-07-19T09:00,26,0,0,0,3.8,17.6,11
Talas,2025-07-19,10:00,2025-07-19T10:00,28.1,0,0,0,6,22.3,10
Talas,2025-07-19,11:00,2025-07-19T11:00,29.9,0,0,0,7.8,26.6,7
Talas,2025-07-19,12:00,2025-07-19T12:00,31.7,0,0,0,6.7,27,8
Talas,2025-07-19,13:00,2025-07-19T13:00,33.2,0,0,0,6.1,25.6,357
Talas,2025-07-19,14:00,2025-07-19T14:00,33.9,0,0,0,6.9,26.3,329
Talas,2025-07-19,15:00,2025-07-19T15:00,34.3,0,0,0,9.6,28.8,317
Talas,2025-07-19,16:00,2025-07-19T16:00,33.3,0,0,0,12.3,32.8,304
Talas,2025-07-19,17:00,2025-07-19T17:00,32.8,0,0,0,9.5,32.4,309
Talas,2025-07-19,18:00,2025-07-19T18:00,32.2,0,0,0,8.1,26.3,321
Talas,2025-07-19,19:00,2025-07-19T19:00,31.8,0,0,0,8.4,22.7,325
Talas,2025-07-19,20:00,2025-07-19T20:00,29.7,0,0,0,7.7,20.9,336
Talas,2025-07-19,21:00,2025-07-19T21:00,27.4,0,0,0,14.6,37.1,359
Talas,2025-07-19,22:00,2025-07-19T22:00,25.1,0,0,0,2.3,32,299
Talas,2025-07-19,23:00,2025-07-19T23:00,24.2,0,0,0,2,7.9,270
Talas,2025-07-20,00:00,2025-07-20T00:00,23.2,0,0,0,3.9,8.6,56
Talas,2025-07-20,01:00,2025-07-20T01:00,22,0,0,0,2.8,11.2,72
Talas,2025-07-20,02:00,2025-07-20T02:00,21.3,0,0,0,0.5,8.3,90
Talas,2025-07-20,03:00,2025-07-20T03:00,20.6,0,0,0,0.2,4.7,180
Talas,2025-07-20,04:00,2025-07-20T04:00,19.9,0,0,0,1.3,5.8,180
Talas,2025-07-20,05:00,2025-07-20T05:00,19.4,0,0,0,0.4,4.7,153
Talas,2025-07-20,06:00,2025-07-20T06:00,19.2,0,0,0,0.5,4,180
Talas,2025-07-20,07:00,2025-07-20T07:00,20.9,0,0,0,2.9,8.6,263
Talas,2025-07-20,08:00,2025-07-20T08:00,22.6,0,0,0,4,14.8,288
Talas,2025-07-20,09:00,2025-07-20T09:00,24.2,0,0,0,5.8,19.8,296
Talas,2025-07-20,10:00,2025-07-20T10:00,25.9,0,0,0,6.8,23,292
Talas,2025-07-20,11:00,2025-07-20T11:00,27.8,0,0,0,9.2,27.4,296
Talas,2025-07-20,12:00,2025-07-20T12:00,29.6,0,0,0,10.3,30.6,306
Talas,2025-07-20,13:00,2025-07-20T13:00,30.9,0,0,0,10.8,31.7,318
Talas,2025-07-20,14:00,2025-07-20T14:00,31.6,0,0,0,13.2,35.3,308
Talas,2025-07-20,15:00,2025-07-20T15:00,31.9,0,0,0,14,36.4,312
Talas,2025-07-20,16:00,2025-07-20T16:00,31.8,0,0,0,15.6,38.9,323
Talas,2025-07-20,17:00,2025-07-20T17:00,31.4,0,0,0,15,38.9,322
Talas,2025-07-20,18:00,2025-07-20T18:00,30.6,0,0,0,14.4,36.7,323
Talas,2025-07-20,19:00,2025-07-20T19:00,29.8,0,0,0,11.4,34.2,323
Talas,2025-07-20,20:00,2025-07-20T20:00,27.2,0,0,0,5.5,26.6,328
Talas,2025-07-20,21:00,2025-07-20T21:00,26.1,0,0,0,1.5,14.4,30
Talas,2025-07-20,22:00,2025-07-20T22:00,24.4,0,0,0,5.7,13.7,79
Talas,2025-07-20,23:00,2025-07-20T23:00,23.9,0,0,0,12.7,32.8,74
Talas,2025-07-21,00:00,2025-07-21T00:00,21.7,0,0,0,3.7,27.7,157
Talas,2025-07-21,01:00,2025-07-21T01:00,21.4,0,0,0,1.5,10.1,187
Talas,2025-07-21,02:00,2025-07-21T02:00,21.2,0,0,0,0.7,6.1,180
Talas,2025-07-21,03:00,2025-07-21T03:00,20.4,0,0,0,0.8,4.7,135
Talas,2025-07-21,04:00,2025-07-21T04:00,19.8,0,0,0,1.2,6.1,153
Talas,2025-07-21,05:00,2025-07-21T05:00,19,0,0,0,1,4.7,149
Talas,2025-07-21,06:00,2025-07-21T06:00,18.7,0,0,0,1.5,4.3,166
Talas,2025-07-21,07:00,2025-07-21T07:00,20.9,0,0,0,2.6,6.5,196
Talas,2025-07-21,08:00,2025-07-21T08:00,23.5,0,0,0,1,10.4,239
Talas,2025-07-21,09:00,2025-07-21T09:00,25.6,0,0,0,0.9,13.3,323
Talas,2025-07-21,10:00,2025-07-21T10:00,27.3,0,0,0,4.5,19.8,313
Talas,2025-07-21,11:00,2025-07-21T11:00,28.9,0,0,0,6.2,23.8,308
Talas,2025-07-21,12:00,2025-07-21T12:00,30.4,0,0,0,7.8,26.6,307
Talas,2025-07-21,13:00,2025-07-21T13:00,31.5,0,0,0,10.5,31,308
Talas,2025-07-21,14:00,2025-07-21T14:00,32.4,0,0,0,12.8,34.6,309
Talas,2025-07-21,15:00,2025-07-21T15:00,32.9,0,0,0,13.4,35.6,316
Talas,2025-07-21,16:00,2025-07-21T16:00,32.3,0,0,0,13.2,35.3,314
Talas,2025-07-21,17:00,2025-07-21T17:00,32,0,0,0,12.1,34.6,310
Talas,2025-07-21,18:00,2025-07-21T18:00,31.5,0,0,0,11.6,31.7,311
Talas,2025-07-21,19:00,2025-07-21T19:00,30.3,0,0,0,11.6,28.8,303
Talas,2025-07-21,20:00,2025-07-21T20:00,27.8,0,0,0,6.7,25.9,276
Talas,2025-07-21,21:00,2025-07-21T21:00,26.4,0,0,0,5.1,15.5,243
Talas,2025-07-21,22:00,2025-07-21T22:00,25.5,0,0,0,3.5,10.8,219
Talas,2025-07-21,23:00,2025-07-21T23:00,24.5,0,0,0,7.7,16.9,59
Talas,2025-07-22,00:00,2025-07-22T00:00,22.5,0,0,0,5,22.3,145
Talas,2025-07-22,01:00,2025-07-22T01:00,21.3,0,0,0,2.4,11.5,167
Talas,2025-07-22,02:00,2025-07-22T02:00,20.7,0,0,0,2.3,6.1,157
Talas,2025-07-22,03:00,2025-07-22T03:00,20,0,0,0,2.6,6.8,155
Talas,2025-07-22,04:00,2025-07-22T04:00,19.8,0,0,0,1.2,4,141
Talas,2025-07-22,05:00,2025-07-22T05:00,19.1,0,0,0,1.5,4,159
Talas,2025-07-22,06:00,2025-07-22T06:00,19.2,0,0,0,1.3,4,164
Talas,2025-07-22,07:00,2025-07-22T07:00,22,0,0,0,2.1,4.3,165
Talas,2025-07-22,08:00,2025-07-22T08:00,24.8,0,0,0,2.5,12.2,4
Talas,2025-07-22,09:00,2025-07-22T09:00,27,0,0,0,4.7,18.7,358
Talas,2025-07-22,10:00,2025-07-22T10:00,28.8,0,0,0,6.5,23.4,347
Talas,2025-07-22,11:00,2025-07-22T11:00,30.3,0,0,0,7.9,27,344
Talas,2025-07-22,12:00,2025-07-22T12:00,31.8,0,0,0,7.8,27,331
Talas,2025-07-22,13:00,2025-07-22T13:00,32.9,0,0,0,9.2,28.8,318
Talas,2025-07-22,14:00,2025-07-22T14:00,33.6,0,0,0,11.3,32,309
Talas,2025-07-22,15:00,2025-07-22T15:00,34,0,0,0,13,34.6,307
Talas,2025-07-22,16:00,2025-07-22T16:00,33.6,0,0,0,11.4,32,307
Talas,2025-07-22,17:00,2025-07-22T17:00,33.4,0,0,0,10.9,31,314
Talas,2025-07-22,18:00,2025-07-22T18:00,32.8,0,0,0,9.7,29.2,315
Talas,2025-07-22,19:00,2025-07-22T19:00,31.9,0,0,0,7.2,25.2,309
Talas,2025-07-22,20:00,2025-07-22T20:00,28.9,0,0,0,2.9,17.3,292
Talas,2025-07-22,21:00,2025-07-22T21:00,28.3,0,0,0,1.3,8.3,344
Talas,2025-07-22,22:00,2025-07-22T22:00,27.3,0,0,0,1,7.2,239
Talas,2025-07-22,23:00,2025-07-22T23:00,26.1,0,0,0,2.2,6.8,185
Talas,2025-07-23,00:00,2025-07-23T00:00,24.3,0,0,0,2.9,8.3,112
Talas,2025-07-23,01:00,2025-07-23T01:00,23,0,0,0,3.5,9,168
Talas,2025-07-23,02:00,2025-07-23T02:00,22.3,0,0,0,2.9,7.6,176
Talas,2025-07-23,03:00,2025-07-23T03:00,21.9,0,0,0,1.7,6.1,162
Talas,2025-07-23,04:00,2025-07-23T04:00,21.2,0,0,0,1.4,5.4,130
Talas,2025-07-23,05:00,2025-07-23T05:00,20.4,0,0,0,1.4,4.7,140
Talas,2025-07-23,06:00,2025-07-23T06:00,20.3,0,0,0,1.5,4.3,159
Talas,2025-07-23,07:00,2025-07-23T07:00,22.6,0,0,0,4.5,5,194
Talas,2025-07-23,08:00,2025-07-23T08:00,25.1,0,0,0,3,11.5,218
Talas,2025-07-23,09:00,2025-07-23T09:00,27.3,0,0,0,1.9,14,209
Talas,2025-07-23,10:00,2025-07-23T10:00,29.3,0,0,0,0.9,15.1,307
Talas,2025-07-23,11:00,2025-07-23T11:00,31.1,0,0,0,3.4,19.4,335
Talas,2025-07-23,12:00,2025-07-23T12:00,32.7,0,0,0,6.6,24.8,327
Talas,2025-07-23,13:00,2025-07-23T13:00,33.7,0,0,0,9.3,29.2,316
Talas,2025-07-23,14:00,2025-07-23T14:00,34.7,0,0,0,10.8,31.3,313
Talas,2025-07-23,15:00,2025-07-23T15:00,35.2,0,0,0,13.6,35.6,313
Talas,2025-07-23,16:00,2025-07-23T16:00,35.1,0,0,0,16.5,40,314
Talas,2025-07-23,17:00,2025-07-23T17:00,34.8,0,0,0,15.9,40.3,321
Talas,2025-07-23,18:00,2025-07-23T18:00,34,0,0,0,14.5,38.2,335
Talas,2025-07-23,19:00,2025-07-23T19:00,32.6,0,0,0,13.8,34.9,348
Talas,2025-07-23,20:00,2025-07-23T20:00,30,0,0,0,9,31,348
Talas,2025-07-23,21:00,2025-07-23T21:00,27.9,0,0,0,6.6,22.7,22
Talas,2025-07-23,22:00,2025-07-23T22:00,27,0,0,0,10,24.5,69
Talas,2025-07-23,23:00,2025-07-23T23:00,24.5,0,0,0,5.4,24.5,110
Talas,2025-07-24,00:00,2025-07-24T00:00,23.3,0,0,0,4,14,170
Talas,2025-07-24,01:00,2025-07-24T01:00,22.3,0,0,0,4.6,9.7,189
Talas,2025-07-24,02:00,2025-07-24T02:00,21.4,0,0,0,4.2,9.7,185
Talas,2025-07-24,03:00,2025-07-24T03:00,21,0,0,0,2.9,9,169
Talas,2025-07-24,04:00,2025-07-24T04:00,19.7,0,0,0,3.8,9,177
Talas,2025-07-24,05:00,2025-07-24T05:00,19.3,0,0,0,2.7,8.3,160
Talas,2025-07-24,06:00,2025-07-24T06:00,18.6,0,0,0,4.2,8.3,155
Talas,2025-07-24,07:00,2025-07-24T07:00,21.3,0,0,0,5.9,10.4,162
Talas,2025-07-24,08:00,2025-07-24T08:00,23.2,0,0,0,3.7,14,157
Talas,2025-07-24,09:00,2025-07-24T09:00,25,0,0,0,2.3,15.5,141
Talas,2025-07-24,10:00,2025-07-24T10:00,27,0,0,0,1.3,16.6,98
Talas,2025-07-24,11:00,2025-07-24T11:00,29.3,0,0,0,4,20.9,357
Talas,2025-07-24,12:00,2025-07-24T12:00,31.1,0,0,0,7.2,26.6,346
Talas,2025-07-24,13:00,2025-07-24T13:00,32.4,0,0,0,8.4,28.4,332
Talas,2025-07-24,14:00,2025-07-24T14:00,33.4,0,0,0,7.8,28.4,314
Talas,2025-07-24,15:00,2025-07-24T15:00,34.2,0,0,0,5.5,27,287
Talas,2025-07-24,16:00,2025-07-24T16:00,34.3,0,0,0,2,19.1,5
Talas,2025-07-24,17:00,2025-07-24T17:00,34.6,0,0,0,7.3,23.4,42
Talas,2025-07-24,18:00,2025-07-24T18:00,33.7,0,0,0,13.9,33.8,43
Talas,2025-07-24,19:00,2025-07-24T19:00,31.5,0,0,0,16,36.4,46
Talas,2025-07-24,20:00,2025-07-24T20:00,28.8,0,0,0,15.6,36.7,41
Talas,2025-07-24,21:00,2025-07-24T21:00,26.8,0,0,0,11.7,35.6,41
Talas,2025-07-24,22:00,2025-07-24T22:00,24.4,0,0,0,5.3,27.4,52
Talas,2025-07-24,23:00,2025-07-24T23:00,22.6,0,0,0,2.4,14,126
Talas,2025-07-25,00:00,2025-07-25T00:00,21.2,0,0,0,4.2,9,175
Talas,2025-07-25,01:00,2025-07-25T01:00,20.3,0,0,0,4.3,9,175
Talas,2025-07-25,02:00,2025-07-25T02:00,19.5,0,0,0,3.7,9,151
Talas,2025-07-25,03:00,2025-07-25T03:00,18.4,0,0,0,4.4,9,145
Talas,2025-07-25,04:00,2025-07-25T04:00,17.8,0,0,0,5.3,11.9,135
Talas,2025-07-25,05:00,2025-07-25T05:00,16.8,0,0,0,5.1,11.5,135
Talas,2025-07-25,06:00,2025-07-25T06:00,17.1,0,0,0,6.4,13.3,148
Talas,2025-07-25,07:00,2025-07-25T07:00,19,0,0,0,7.9,16.9,164
Talas,2025-07-25,08:00,2025-07-25T08:00,20.3,0,0,0,4.6,17.3,144
Talas,2025-07-25,09:00,2025-07-25T09:00,22,0,0,0,2.4,16.6,81
Talas,2025-07-25,10:00,2025-07-25T10:00,24.1,0,0,0,3.1,18.7,21
Talas,2025-07-25,11:00,2025-07-25T11:00,26.3,0,0,0,4.4,22,353
Talas,2025-07-25,12:00,2025-07-25T12:00,28.4,0,0,0,6.9,25.9,346
Talas,2025-07-25,13:00,2025-07-25T13:00,29.9,0,0,0,7.8,27.7,328
Talas,2025-07-25,14:00,2025-07-25T14:00,31.2,0,0,0,7.3,28.1,314
Talas,2025-07-25,15:00,2025-07-25T15:00,32.2,0,0,0,4.6,26.3,309
Talas,2025-07-25,16:00,2025-07-25T16:00,32.6,0,0,0,7,24.8,29
Talas,2025-07-25,17:00,2025-07-25T17:00,32.4,0,0,0,12,32,46
Talas,2025-07-25,18:00,2025-07-25T18:00,31.2,0,0,0,14.3,35.3,53
Talas,2025-07-25,19:00,2025-07-25T19:00,29.4,0,0,0,15.5,35.6,47
Talas,2025-07-25,20:00,2025-07-25T20:00,27,0,0,0,13.9,35.6,54
Talas,2025-07-25,21:00,2025-07-25T21:00,25,0,0,0,11.5,31.7,56
Talas,2025-07-25,22:00,2025-07-25T22:00,23.2,0,0,0,7.7,26.6,65
Talas,2025-07-25,23:00,2025-07-25T23:00,21.4,0,0,0,4.5,18.4,88
Talas,2025-07-26,00:00,2025-07-26T00:00,20.2,0,0,0,5.1,12.6,94
Talas,2025-07-26,01:00,2025-07-26T01:00,19,0,0,0,4.2,13,121
Talas,2025-07-26,02:00,2025-07-26T02:00,18,0,0,0,2.9,10.8,133
Talas,2025-07-26,03:00,2025-07-26T03:00,17.5,0,0,0,1.5,8.3,120
Talas,2025-07-26,04:00,2025-07-26T04:00,17.1,0,0,0,2.9,8.6,137
Talas,2025-07-26,05:00,2025-07-26T05:00,16.6,0,0,0,2.1,8.6,149
Talas,2025-07-26,06:00,2025-07-26T06:00,16.4,0,0,0,1.6,7.6,174
Talas,2025-07-26,07:00,2025-07-26T07:00,17.8,0,0,0,2.9,10.1,176
Talas,2025-07-26,08:00,2025-07-26T08:00,19.2,0,0,0,0.5,11.9,45
Talas,2025-07-26,09:00,2025-07-26T09:00,21,0,0,0,2.6,15.8,16
Talas,2025-07-26,10:00,2025-07-26T10:00,23.4,0,0,0,4.5,19.8,14
Talas,2025-07-26,11:00,2025-07-26T11:00,26,0,0,0,6.2,23.4,15
Talas,2025-07-26,12:00,2025-07-26T12:00,28.8,0,0,0,6.6,24.8,13
Talas,2025-07-26,13:00,2025-07-26T13:00,31.2,0,0,0,8,27.4,5
Talas,2025-07-26,14:00,2025-07-26T14:00,33.1,0,0,0,9.2,29.5,2
Talas,2025-07-26,15:00,2025-07-26T15:00,34.3,0,0,0,8.5,29.9,6
Talas,2025-07-26,16:00,2025-07-26T16:00,33.6,0,0,0,9.2,28.4,31
Talas,2025-07-26,17:00,2025-07-26T17:00,33.6,0,0,0,8.7,28.4,27
Talas,2025-07-26,18:00,2025-07-26T18:00,33.2,0,0,0,10.7,27.4,40
Talas,2025-07-26,19:00,2025-07-26T19:00,31.6,0,0,0,13,30.2,48
Talas,2025-07-26,20:00,2025-07-26T20:00,29,0,0,0,11.2,29.5,57
Talas,2025-07-26,21:00,2025-07-26T21:00,27.5,0,0,0,8.3,25.2,79
Talas,2025-07-26,22:00,2025-07-26T22:00,25.3,0,0,0,4.7,19.1,86
Talas,2025-07-26,23:00,2025-07-26T23:00,24.3,0,0,0,3.5,11.9,102
Talas,2025-07-27,00:00,2025-07-27T00:00,23.3,0,0,0,2.4,9,73
Talas,2025-07-27,01:00,2025-07-27T01:00,23,0,0,0,1.6,7.6,27
Talas,2025-07-27,02:00,2025-07-27T02:00,21.4,0,0,0,0.8,7.9,297
Talas,2025-07-27,03:00,2025-07-27T03:00,20.8,0,0,0,1.1,3.6,261
Talas,2025-07-27,04:00,2025-07-27T04:00,20.4,0,0,0,0.2,4,360
Talas,2025-07-27,05:00,2025-07-27T05:00,19.6,0,0,0,0.7,3.2,180
Talas,2025-07-27,06:00,2025-07-27T06:00,19.4,0,0,0,1.3,3.6,180
Talas,2025-07-27,07:00,2025-07-27T07:00,21,0,0,0,0.2,6.1,270
Talas,2025-07-27,08:00,2025-07-27T08:00,23.2,0,0,0,3.8,13.3,341
Talas,2025-07-27,09:00,2025-07-27T09:00,25.6,0,0,0,5.9,18.7,340
Talas,2025-07-27,10:00,2025-07-27T10:00,28.3,0,0,0,6.7,22,341
Talas,2025-07-27,11:00,2025-07-27T11:00,30.9,0,0,0,8.6,25.6,349
Talas,2025-07-27,12:00,2025-07-27T12:00,33.7,0,0,0,9.8,29.2,353
Talas,2025-07-27,13:00,2025-07-27T13:00,35.8,0,0,0,12.5,33.5,342
Talas,2025-07-27,14:00,2025-07-27T14:00,37,0,0,0,13.2,35.3,328
Talas,2025-07-27,15:00,2025-07-27T15:00,37.2,0,0,0,12.1,34.6,308
Talas,2025-07-27,16:00,2025-07-27T16:00,36.2,0,0,0,13.2,32.4,275
Talas,2025-07-27,17:00,2025-07-27T17:00,35,0,0,0,17.8,36,250
Talas,2025-07-27,18:00,2025-07-27T18:00,34.4,0,0,0,8.3,34.9,266
Talas,2025-07-27,19:00,2025-07-27T19:00,34.1,0,0,0,5.7,19.8,332
Talas,2025-07-27,20:00,2025-07-27T20:00,31.8,0,0,0,2.9,14.8,240
Talas,2025-07-27,21:00,2025-07-27T21:00,31.4,0,0,0,6,11.9,221
Talas,2025-07-27,22:00,2025-07-27T22:00,30.5,0,0,0,2.6,11.9,192
Talas,2025-07-27,23:00,2025-07-27T23:00,29.2,0,0,0,4.7,8.3,184
Talas,2025-07-28,00:00,2025-07-28T00:00,28,0,0,0,3.8,9.4,180
Talas,2025-07-28,01:00,2025-07-28T01:00,26.9,0,0,0,2.3,9,180
Talas,2025-07-28,02:00,2025-07-28T02:00,26.5,0,0,0,2,5.8,175
Talas,2025-07-28,03:00,2025-07-28T03:00,26.1,0,0,0,1,4.7,211
Talas,2025-07-28,04:00,2025-07-28T04:00,25.4,0,0,0,1.3,5,172
Talas,2025-07-28,05:00,2025-07-28T05:00,24.7,0,0,0,1.5,4,166
Talas,2025-07-28,06:00,2025-07-28T06:00,24.1,0,0,0,2.6,6.5,155
Talas,2025-07-28,07:00,2025-07-28T07:00,26.8,0,0,0,0.6,6.1,214
Talas,2025-07-28,08:00,2025-07-28T08:00,28.6,0,0,0,3.3,11.2,292
Talas,2025-07-28,09:00,2025-07-28T09:00,30.9,0,0,0,4.1,16.2,322
Talas,2025-07-28,10:00,2025-07-28T10:00,32.8,0,0,0,6.2,21.6,334
Talas,2025-07-28,11:00,2025-07-28T11:00,34.6,0,0,0,7.3,24.8,351
Talas,2025-07-28,12:00,2025-07-28T12:00,36.3,0,0,0,9,28.4,355
Talas,2025-07-28,13:00,2025-07-28T13:00,37.1,0,0,0,9.4,29.2,358
Talas,2025-07-28,14:00,2025-07-28T14:00,37.5,0,0,0,9,28.8,3
Talas,2025-07-28,15:00,2025-07-28T15:00,38.3,0,0,0,4.3,27,28
Talas,2025-07-28,16:00,2025-07-28T16:00,38.5,0,0,0,4.6,25.9,321
Talas,2025-07-28,17:00,2025-07-28T17:00,39.1,0,0,0,5.9,20.5,18
Talas,2025-07-28,18:00,2025-07-28T18:00,37.6,0,0,0,3.3,20.2,144
Talas,2025-07-28,19:00,2025-07-28T19:00,34.9,0,0,0,11.2,23,162
Talas,2025-07-28,20:00,2025-07-28T20:00,32.4,0,0,0,8.5,23.4,163
Talas,2025-07-28,21:00,2025-07-28T21:00,30.4,0,0,0,6.5,17.6,188
Talas,2025-07-28,22:00,2025-07-28T22:00,28.5,0,0,0,5.2,11.5,164
Talas,2025-07-28,23:00,2025-07-28T23:00,28.1,0,0,0,1.7,10.4,167
Talas,2025-07-29,00:00,2025-07-29T00:00,26.9,0,0,0,1.9,5.8,158
Talas,2025-07-29,01:00,2025-07-29T01:00,26.5,0,0,0,1.1,5.4,171
Talas,2025-07-29,02:00,2025-07-29T02:00,26,0,0,0,0.6,3.6,146
Talas,2025-07-29,03:00,2025-07-29T03:00,25.2,0,0,0,1.1,3.2,162
Talas,2025-07-29,04:00,2025-07-29T04:00,24,0,0,0,3.7,8.6,151
Talas,2025-07-29,05:00,2025-07-29T05:00,23.5,0,0,0,3.9,8.3,137
Talas,2025-07-29,06:00,2025-07-29T06:00,23.6,0,0,0,5.2,10.4,136
Talas,2025-07-29,07:00,2025-07-29T07:00,26.5,0,0,0,6,10.8,117
Talas,2025-07-29,08:00,2025-07-29T08:00,28.8,0,0,0,5.2,15.5,63
Talas,2025-07-29,09:00,2025-07-29T09:00,31.1,0,0,0,7.4,22.7,39
Talas,2025-07-29,10:00,2025-07-29T10:00,33.1,0,0,0,8.1,25.6,17
Talas,2025-07-29,11:00,2025-07-29T11:00,35,0,0,0,8.1,28.1,357
Talas,2025-07-29,12:00,2025-07-29T12:00,36.7,0,0,0,8.7,28.1,343
Talas,2025-07-29,13:00,2025-07-29T13:00,37.2,0,0,0,10.9,31,353
Talas,2025-07-29,14:00,2025-07-29T14:00,37.2,0,0,0,10.5,32.4,352
Talas,2025-07-29,15:00,2025-07-29T15:00,37.7,0,0,0,10.4,30.2,343
Talas,2025-07-29,16:00,2025-07-29T16:00,37.5,0,0,0,8.5,28.4,328
Talas,2025-07-29,17:00,2025-07-29T17:00,37.4,0,0,0,11.2,27.7,314
Talas,2025-07-29,18:00,2025-07-29T18:00,36.9,0,0,0,15.7,35.3,321
Talas,2025-07-29,19:00,2025-07-29T19:00,35.7,0,0,0,11.5,36,337
Talas,2025-07-29,20:00,2025-07-29T20:00,32.2,0,0,0,6.2,25.9,136
Talas,2025-07-29,21:00,2025-07-29T21:00,30.3,0,0,0,11.4,25.2,161
Talas,2025-07-29,22:00,2025-07-29T22:00,28.2,0,0,0,8.7,23,172
Talas,2025-07-29,23:00,2025-07-29T23:00,26.7,0,0,0,5.8,18.4,171
Talas,2025-07-30,00:00,2025-07-30T00:00,25.8,0,0,0,4.2,14.8,170
Talas,2025-07-30,01:00,2025-07-30T01:00,25.8,0,0,0,4.3,12.6,175
Talas,2025-07-30,02:00,2025-07-30T02:00,25.6,0,0,0,2.3,12.6,184
Talas,2025-07-30,03:00,2025-07-30T03:00,25.6,0,0,0,1.4,7.6,203
Talas,2025-07-30,04:00,2025-07-30T04:00,25.6,0,0,0,1.2,6.8,141
Talas,2025-07-30,05:00,2025-07-30T05:00,24.5,0,0,0,1.5,4.7,144
Talas,2025-07-30,06:00,2025-07-30T06:00,23.7,0,0,0,3.9,8.6,156
Talas,2025-07-30,07:00,2025-07-30T07:00,26.2,0,0,0,5.1,12.2,162
Talas,2025-07-30,08:00,2025-07-30T08:00,30.1,0,0,0,2.2,10.8,66
Talas,2025-07-30,09:00,2025-07-30T09:00,32.1,0,0,0,5.3,18.7,18
Talas,2025-07-30,10:00,2025-07-30T10:00,33.6,0,0,0,7,23.4,360
Talas,2025-07-30,11:00,2025-07-30T11:00,35.1,0,0,0,7.3,24.8,353
Talas,2025-07-30,12:00,2025-07-30T12:00,36.9,0,0,0,5.1,24.8,18
Talas,2025-07-30,13:00,2025-07-30T13:00,37.6,0,0,0,5.5,23,63
Talas,2025-07-30,14:00,2025-07-30T14:00,37.5,0,0,0,9.9,28.1,80
Talas,2025-07-30,15:00,2025-07-30T15:00,37.9,0,0,0,9.2,29.9,84
Talas,2025-07-30,16:00,2025-07-30T16:00,37.8,0,0,0,1.8,19.8,6
Talas,2025-07-30,17:00,2025-07-30T17:00,37.4,0,0,0,4.4,17.6,341
Talas,2025-07-30,18:00,2025-07-30T18:00,36.9,0,0,0,8.6,23,352
Talas,2025-07-30,19:00,2025-07-30T19:00,35.8,0,0,0,5.4,23.4,346
Talas,2025-07-30,20:00,2025-07-30T20:00,33.3,0,0,0,3.6,15.1,72
Talas,2025-07-30,21:00,2025-07-30T21:00,32.5,0,0,0,6.8,13.3,151
Talas,2025-07-30,22:00,2025-07-30T22:00,31.1,0,0,0,9.6,18.7,175
Talas,2025-07-30,23:00,2025-07-30T23:00,28.5,0,0,0,0.2,18,180
Talas,2025-07-31,00:00,2025-07-31T00:00,27.7,0,0,0,4.2,9.7,133
Talas,2025-07-31,01:00,2025-07-31T01:00,26.6,0,0,0,3.5,10.4,168
Talas,2025-07-31,02:00,2025-07-31T02:00,26.4,0,0,0,1,6.8,158
Talas,2025-07-31,03:00,2025-07-31T03:00,25.1,0,0,0,5.2,10.4,151
Talas,2025-07-31,04:00,2025-07-31T04:00,25.5,0,0,0,1.7,5.4,198
Talas,2025-07-31,05:00,2025-07-31T05:00,24.4,0,0,0,4.1,8.6,214
Talas,2025-07-31,06:00,2025-07-31T06:00,24.4,0,0,0,1.8,8.6,204
Talas,2025-07-31,07:00,2025-07-31T07:00,26.6,0,0,0,1.7,4.7,221
Talas,2025-07-31,08:00,2025-07-31T08:00,28.7,0,0,0,4.5,13.7,310
Talas,2025-07-31,09:00,2025-07-31T09:00,30.3,0,0,0,6,19.1,321
Talas,2025-07-31,10:00,2025-07-31T10:00,32.4,0,0,0,7.5,23.8,330
Talas,2025-07-31,11:00,2025-07-31T11:00,33.9,0,0,0,7.6,24.5,335
Talas,2025-07-31,12:00,2025-07-31T12:00,35.5,0,0,0,5.2,25.2,329
Talas,2025-07-31,13:00,2025-07-31T13:00,36.5,0,0,0,10.8,29.5,350
Talas,2025-07-31,14:00,2025-07-31T14:00,37.4,0,0,0,12.5,34.6,335
Talas,2025-07-31,15:00,2025-07-31T15:00,37,0,0,0,15.4,39.2,313
Talas,2025-07-31,16:00,2025-07-31T16:00,35.4,0,0,0,18.1,43.2,332
Talas,2025-07-31,17:00,2025-07-31T17:00,34.9,0,0,0,11.9,41.8,300
Talas,2025-07-31,18:00,2025-07-31T18:00,35.1,0,0,0,3.3,28.1,347
Talas,2025-07-31,19:00,2025-07-31T19:00,34.8,0,0,0,9.1,19.8,353
Talas,2025-07-31,20:00,2025-07-31T20:00,31.1,0,0,0,14.5,40,346
Talas,2025-07-31,21:00,2025-07-31T21:00,29.9,0,0,0,7.4,30.2,177
Talas,2025-07-31,22:00,2025-07-31T22:00,28.5,0,0,0,8.6,18.4,160
Talas,2025-07-31,23:00,2025-07-31T23:00,28,0,0,0,6.7,18,175
Talas,2025-08-01,00:00,2025-08-01T00:00,26.9,0,0,0,5,14.4,178
Talas,2025-08-01,01:00,2025-08-01T01:00,26.3,0,0,0,1.5,11.2,144
Talas,2025-08-01,02:00,2025-08-01T02:00,25.6,0,0,0,0.7,7.6,166
Talas,2025-08-01,03:00,2025-08-01T03:00,24.8,0,0,0,1.5,6.5,166
Talas,2025-08-01,04:00,2025-08-01T04:00,24.5,0,0,0,0.5,5,315
Talas,2025-08-01,05:00,2025-08-01T05:00,23.5,0,0,0,2.9,6.1,248
Talas,2025-08-01,06:00,2025-08-01T06:00,22.7,0,0,0,3.1,6.8,208
Talas,2025-08-01,07:00,2025-08-01T07:00,24.6,0,0,0,1.5,6.8,187
Talas,2025-08-01,08:00,2025-08-01T08:00,25.8,0,0,0,0.5,9.7,315
Talas,2025-08-01,09:00,2025-08-01T09:00,27.2,0,0,0,4,17.3,3
Talas,2025-08-01,10:00,2025-08-01T10:00,29.2,0,0,0,5.6,20.9,360
Talas,2025-08-01,11:00,2025-08-01T11:00,31.3,0,0,0,7.5,25.6,8
Talas,2025-08-01,12:00,2025-08-01T12:00,33.1,0,0,0,7.2,26.6,39
Talas,2025-08-01,13:00,2025-08-01T13:00,33.6,0,0,0,11.4,33.1,26
Talas,2025-08-01,14:00,2025-08-01T14:00,35.3,0,0,0,13.5,34.9,29
Talas,2025-08-01,15:00,2025-08-01T15:00,34,0,0,0,16.9,44.3,43
Talas,2025-08-01,16:00,2025-08-01T16:00,33.6,0,0,0,10.3,39.6,306
Talas,2025-08-01,17:00,2025-08-01T17:00,33.6,0,0,0,14.6,33.8,275
Talas,2025-08-01,18:00,2025-08-01T18:00,32.7,0,0,0,16.5,36.7,284
Talas,2025-08-01,19:00,2025-08-01T19:00,31.3,0,0,0,13.8,38.9,310
Talas,2025-08-01,20:00,2025-08-01T20:00,29.3,0,0,0,5.8,31,51
Talas,2025-08-01,21:00,2025-08-01T21:00,28.3,0,0,0,9.7,21.2,62
Talas,2025-08-01,22:00,2025-08-01T22:00,26.4,0,0,0,8.7,26.3,47
Talas,2025-08-01,23:00,2025-08-01T23:00,25,0,0,0,4.5,19.4,43
Talas,2025-08-02,00:00,2025-08-02T00:00,24.1,0,0,0,4.8,12.6,22
Talas,2025-08-02,01:00,2025-08-02T01:00,23.2,0,0,0,4.4,13,21
Talas,2025-08-02,02:00,2025-08-02T02:00,22,0,0,0,5.3,14,55
Talas,2025-08-02,03:00,2025-08-02T03:00,20.6,0,0,0,3.1,13.7,69
Talas,2025-08-02,04:00,2025-08-02T04:00,21.1,0,0,0,4.9,18.7,152
Talas,2025-08-02,05:00,2025-08-02T05:00,20.5,0,0,0,0.5,10.8,180
Talas,2025-08-02,06:00,2025-08-02T06:00,19.9,0,0,0,2.5,7.9,82
Talas,2025-08-02,07:00,2025-08-02T07:00,21.5,0,0,0,2.4,10.1,73
Talas,2025-08-02,08:00,2025-08-02T08:00,23.3,0,0,0,5.4,18,30
Talas,2025-08-02,09:00,2025-08-02T09:00,25.4,0,0,0,6.8,22.3,358
Talas,2025-08-02,10:00,2025-08-02T10:00,27.1,0,0,0,9.8,28.4,330
Talas,2025-08-02,11:00,2025-08-02T11:00,28,0,0,0,8.8,29.5,321
Talas,2025-08-02,12:00,2025-08-02T12:00,27.7,0,0,0,5.3,27.4,298
Talas,2025-08-02,13:00,2025-08-02T13:00,29.1,0,0,0,11.8,28.8,188
Talas,2025-08-02,14:00,2025-08-02T14:00,31.5,0,0,0,5.4,28.4,300
Talas,2025-08-02,15:00,2025-08-02T15:00,32.4,0,0,0,11.8,30.6,326
Talas,2025-08-02,16:00,2025-08-02T16:00,28.9,0.2,0.2,0,8,29.2,230
Talas,2025-08-02,17:00,2025-08-02T17:00,27.5,0.5,0.5,0,5.4,18.7,256
Talas,2025-08-02,18:00,2025-08-02T18:00,26.2,0,0,0,14,28.1,246
Talas,2025-08-02,19:00,2025-08-02T19:00,26.4,0,0,0,1,27.4,121
Talas,2025-08-02,20:00,2025-08-02T20:00,25.3,0,0,0,2.2,8.3,85
Talas,2025-08-02,21:00,2025-08-02T21:00,25.1,0,0,0,0.5,7.2,45
Talas,2025-08-02,22:00,2025-08-02T22:00,25,0,0,0,1.5,5,339
Talas,2025-08-02,23:00,2025-08-02T23:00,24.2,0,0,0,4.3,9.4,298
Talas,2025-08-03,00:00,2025-08-03T00:00,22.5,0,0,0,14.5,25.2,282
Talas,2025-08-03,01:00,2025-08-03T01:00,20.7,0,0,0,7.4,31.7,194
Talas,2025-08-03,02:00,2025-08-03T02:00,20.5,0,0,0,5.9,13.3,153
Talas,2025-08-03,03:00,2025-08-03T03:00,20,0,0,0,1.9,12.2,163
Talas,2025-08-03,04:00,2025-08-03T04:00,20.3,0,0,0,0.2,4,180
Talas,2025-08-03,05:00,2025-08-03T05:00,19.9,0,0,0,0.4,2.5,207
Talas,2025-08-03,06:00,2025-08-03T06:00,19.7,0,0,0,0.2,2.5,180
Talas,2025-08-03,07:00,2025-08-03T07:00,21.5,0,0,0,1.5,5.8,346
Talas,2025-08-03,08:00,2025-08-03T08:00,23,0,0,0,3.4,14.4,357
Talas,2025-08-03,09:00,2025-08-03T09:00,24.9,0,0,0,3.1,16.6,360
Talas,2025-08-03,10:00,2025-08-03T10:00,27,0,0,0,3.4,18.7,344
Talas,2025-08-03,11:00,2025-08-03T11:00,28.3,0.1,0.1,0,3.9,19.8,338
Talas,2025-08-03,12:00,2025-08-03T12:00,29.9,0.2,0.2,0,7.3,25.6,332
Talas,2025-08-03,13:00,2025-08-03T13:00,30.6,0.2,0.2,0,10.6,31.3,325
Talas,2025-08-03,14:00,2025-08-03T14:00,30.5,0.3,0.3,0,13.1,35.3,317
Talas,2025-08-03,15:00,2025-08-03T15:00,30.5,0.1,0.1,0,15,38.5,314
Talas,2025-08-03,16:00,2025-08-03T16:00,30.5,0.1,0.1,0,9.6,29.2,313
Talas,2025-08-03,17:00,2025-08-03T17:00,30.7,0,0,0,13.9,33.1,318
Talas,2025-08-03,18:00,2025-08-03T18:00,29.8,0,0,0,14.7,34.6,305
Talas,2025-08-03,19:00,2025-08-03T19:00,28.7,0,0,0,11.4,32.4,291
Talas,2025-08-03,20:00,2025-08-03T20:00,26.5,0,0,0,4.9,23.8,268
Talas,2025-08-03,21:00,2025-08-03T21:00,25.2,0,0,0,3.9,11.5,214
Talas,2025-08-03,22:00,2025-08-03T22:00,24.2,0,0,0,4.7,8.6,212
Talas,2025-08-03,23:00,2025-08-03T23:00,23.7,0,0,0,3,9.7,245
Talas,2025-08-04,00:00,2025-08-04T00:00,23.4,0,0,0,1.5,7.9,69
Talas,2025-08-04,01:00,2025-08-04T01:00,22.1,0,0,0,2.2,7.6,125
Talas,2025-08-04,02:00,2025-08-04T02:00,21,0,0,0,2.7,7.2,184
Talas,2025-08-04,03:00,2025-08-04T03:00,20.8,0,0,0,1.3,6.1,180
Talas,2025-08-04,04:00,2025-08-04T04:00,20.8,0,0,0,1.3,5.8,180
Talas,2025-08-04,05:00,2025-08-04T05:00,20.3,0,0,0,1.3,4.7,172
Talas,2025-08-04,06:00,2025-08-04T06:00,20,0,0,0,0.7,4,166
Talas,2025-08-04,07:00,2025-08-04T07:00,21.7,0,0,0,0.9,3.6,270
Talas,2025-08-04,08:00,2025-08-04T08:00,23.2,0,0,0,1.8,11.2,323
Talas,2025-08-04,09:00,2025-08-04T09:00,25,0,0,0,2.9,16.2,338
Talas,2025-08-04,10:00,2025-08-04T10:00,26.8,0,0,0,4.3,19.8,327
Talas,2025-08-04,11:00,2025-08-04T11:00,28.7,0,0,0,6.1,23,315
Talas,2025-08-04,12:00,2025-08-04T12:00,30.2,0,0,0,7.1,25.9,317
Talas,2025-08-04,13:00,2025-08-04T13:00,31.1,0,0,0,6.4,25.6,310
Talas,2025-08-04,14:00,2025-08-04T14:00,32.2,0,0,0,5.9,24.1,297
Talas,2025-08-04,15:00,2025-08-04T15:00,32.8,0,0,0,8.5,25.6,299
Talas,2025-08-04,16:00,2025-08-04T16:00,32.8,0,0,0,7.5,24.1,303
Talas,2025-08-04,17:00,2025-08-04T17:00,32.7,0,0,0,11.2,28.8,302
Talas,2025-08-04,18:00,2025-08-04T18:00,31.6,0,0,0,15.1,34.9,308
Talas,2025-08-04,19:00,2025-08-04T19:00,30.4,0,0,0,13.3,34.9,337
Talas,2025-08-04,20:00,2025-08-04T20:00,28.1,0,0,0,8.9,29.5,353
Talas,2025-08-04,21:00,2025-08-04T21:00,26.4,0,0,0,3.2,21.6,304
Talas,2025-08-04,22:00,2025-08-04T22:00,25.5,0,0,0,3.5,11.2,336
Talas,2025-08-04,23:00,2025-08-04T23:00,24.9,0,0,0,1.7,10.4,41
Talas,2025-08-05,00:00,2025-08-05T00:00,23.8,0,0,0,2.2,7.6,85
Talas,2025-08-05,01:00,2025-08-05T01:00,23.2,0,0,0,0.5,7.2,135
Talas,2025-08-05,02:00,2025-08-05T02:00,22.5,0,0,0,0.4,4.3,180
Talas,2025-08-05,03:00,2025-08-05T03:00,21.5,0,0,0,1.7,4.7,148
Talas,2025-08-05,04:00,2025-08-05T04:00,20.8,0,0,0,2.4,6.5,153
Talas,2025-08-05,05:00,2025-08-05T05:00,20.4,0,0,0,0.7,5.4,104
Talas,2025-08-05,06:00,2025-08-05T06:00,19.6,0,0,0,1.1,3.6,162
Talas,2025-08-05,07:00,2025-08-05T07:00,21.4,0,0,0,0.7,3.6,256
Talas,2025-08-05,08:00,2025-08-05T08:00,22.9,0,0,0,2.5,12.6,352
Talas,2025-08-05,09:00,2025-08-05T09:00,25,0,0,0,3.8,17.3,5
Talas,2025-08-05,10:00,2025-08-05T10:00,27,0,0,0,5,21.2,360
Talas,2025-08-05,11:00,2025-08-05T11:00,28.9,0,0,0,5.3,22.7,352
Talas,2025-08-05,12:00,2025-08-05T12:00,30.8,0,0,0,6.9,25.6,354
Talas,2025-08-05,13:00,2025-08-05T13:00,32.6,0,0,0,7.3,26.6,351
Talas,2025-08-05,14:00,2025-08-05T14:00,33.6,0,0,0,7.8,27.4,341
Talas,2025-08-05,15:00,2025-08-05T15:00,34.2,0,0,0,8.2,27.4,331
Talas,2025-08-05,16:00,2025-08-05T16:00,34.2,0,0,0,8.3,26.6,340
Talas,2025-08-05,17:00,2025-08-05T17:00,34.1,0,0,0,6.4,27,310
Talas,2025-08-05,18:00,2025-08-05T18:00,34.2,0,0,0,11.3,26.3,306
Talas,2025-08-05,19:00,2025-08-05T19:00,31.1,0,0,0,19.2,43.6,328
Talas,2025-08-05,20:00,2025-08-05T20:00,29.6,0,0,0,12.6,41.8,327
Talas,2025-08-05,21:00,2025-08-05T21:00,28.3,0,0,0,9.3,29.2,24
Talas,2025-08-05,22:00,2025-08-05T22:00,26.8,0,0,0,6.8,23,53
Talas,2025-08-05,23:00,2025-08-05T23:00,24.8,0,0,0,4.9,17.6,90
Talas,2025-08-06,00:00,2025-08-06T00:00,23.4,0,0,0,3,12.6,147
Talas,2025-08-06,01:00,2025-08-06T01:00,22.8,0,0,0,1.4,9.4,180
Talas,2025-08-06,02:00,2025-08-06T02:00,22,0,0,0,0.5,7.2,225
Talas,2025-08-06,03:00,2025-08-06T03:00,21.1,0,0,0,0.7,5.8,270
Talas,2025-08-06,04:00,2025-08-06T04:00,20.6,0,0,0,0.7,5,360
Talas,2025-08-06,05:00,2025-08-06T05:00,19.3,0,0,0,0.4,4.7,180
Talas,2025-08-06,06:00,2025-08-06T06:00,18.6,0,0,0,2.1,5,195
Talas,2025-08-06,07:00,2025-08-06T07:00,20.8,0,0,0,3.5,6.1,219
Talas,2025-08-06,08:00,2025-08-06T08:00,22.6,0,0,0,1.6,11.2,276
Talas,2025-08-06,09:00,2025-08-06T09:00,24.5,0,0,0,2,14.8,5
Talas,2025-08-06,10:00,2025-08-06T10:00,26.7,0,0,0,3.3,18.7,22
Talas,2025-08-06,11:00,2025-08-06T11:00,29,0,0,0,4.9,22.3,24
Talas,2025-08-06,12:00,2025-08-06T12:00,31.4,0,0,0,6.1,24.5,23
Talas,2025-08-06,13:00,2025-08-06T13:00,33.4,0,0,0,6.7,26.3,8
Talas,2025-08-06,14:00,2025-08-06T14:00,34.7,0,0,0,6.9,26.3,346
Talas,2025-08-06,15:00,2025-08-06T15:00,35.4,0,0,0,6.7,26.3,329
Talas,2025-08-06,16:00,2025-08-06T16:00,35.2,0,0,0,5.9,23.8,322
Talas,2025-08-06,17:00,2025-08-06T17:00,35.2,0,0,0,5.3,22.7,305
Talas,2025-08-06,18:00,2025-08-06T18:00,34.8,0,0,0,9.2,23.8,309
Talas,2025-08-06,19:00,2025-08-06T19:00,32.9,0,0,0,15,32,294
Talas,2025-08-06,20:00,2025-08-06T20:00,30.6,0,0,0,12.2,32.8,279
Talas,2025-08-06,21:00,2025-08-06T21:00,28.7,0,0,0,4.5,24.8,313
Talas,2025-08-06,22:00,2025-08-06T22:00,27.9,0,0,0,0.6,13,72
Talas,2025-08-06,23:00,2025-08-06T23:00,26.1,0,0,0,4.7,11.9,67
Talas,2025-08-07,00:00,2025-08-07T00:00,25,0,0,0,2.3,13,72
Talas,2025-08-07,01:00,2025-08-07T01:00,24,0,0,0,1.2,7.9,141
Talas,2025-08-07,02:00,2025-08-07T02:00,23.3,0,0,0,0.7,6.5,90
Talas,2025-08-07,03:00,2025-08-07T03:00,22.3,0,0,0,0.6,5.4,162
Talas,2025-08-07,04:00,2025-08-07T04:00,21.6,0,0,0,1.8,6.8,156
Talas,2025-08-07,05:00,2025-08-07T05:00,21.1,0,0,0,0.2,5.4,180
Talas,2025-08-07,06:00,2025-08-07T06:00,20.2,0,0,0,0.4,2.9,207
Talas,2025-08-07,07:00,2025-08-07T07:00,22,0,0,0,2.9,5,158
Talas,2025-08-07,08:00,2025-08-07T08:00,23.9,0,0,0,1.6,10.4,354
Talas,2025-08-07,09:00,2025-08-07T09:00,25.8,0,0,0,4.7,18.4,360
Talas,2025-08-07,10:00,2025-08-07T10:00,27.9,0,0,0,6,22,3
Talas,2025-08-07,11:00,2025-08-07T11:00,30,0,0,0,7.4,25.6,356
Talas,2025-08-07,12:00,2025-08-07T12:00,32,0,0,0,7.6,26.6,352
Talas,2025-08-07,13:00,2025-08-07T13:00,33.7,0,0,0,8.9,28.4,332
Talas,2025-08-07,14:00,2025-08-07T14:00,34.4,0,0,0,10.8,31,316
Talas,2025-08-07,15:00,2025-08-07T15:00,34.8,0,0,0,11.9,32.4,309
Talas,2025-08-07,16:00,2025-08-07T16:00,34.5,0,0,0,11.4,30.6,297
Talas,2025-08-07,17:00,2025-08-07T17:00,34.3,0,0,0,13.3,32.4,303
Talas,2025-08-07,18:00,2025-08-07T18:00,33.3,0,0,0,18.3,40.7,306
Talas,2025-08-07,19:00,2025-08-07T19:00,31.7,0,0,0,15.7,41,323
Talas,2025-08-07,20:00,2025-08-07T20:00,29.3,0,0,0,7.5,34.9,333
Talas,2025-08-07,21:00,2025-08-07T21:00,27.5,0,0,0,6.4,19.1,27
Talas,2025-08-07,22:00,2025-08-07T22:00,25.9,0,0,0,8.9,21.6,63
Talas,2025-08-07,23:00,2025-08-07T23:00,23.9,0,0,0,5.5,22,79
Talas,2025-08-08,00:00,2025-08-08T00:00,22.5,0,0,0,2.7,14.4,127
Talas,2025-08-08,01:00,2025-08-08T01:00,21.8,0,0,0,1.4,8.6,157
Talas,2025-08-08,02:00,2025-08-08T02:00,21.1,0,0,0,0.8,6.5,135
Talas,2025-08-08,03:00,2025-08-08T03:00,20,0,0,0,2.3,6.5,151
Talas,2025-08-08,04:00,2025-08-08T04:00,19.5,0,0,0,4.1,8.6,142
Talas,2025-08-08,05:00,2025-08-08T05:00,18.8,0,0,0,4.2,9.4,115
Talas,2025-08-08,06:00,2025-08-08T06:00,18,0,0,0,4,9.4,129
Talas,2025-08-08,07:00,2025-08-08T07:00,20.1,0,0,0,4.7,11.5,148
Talas,2025-08-08,08:00,2025-08-08T08:00,21.3,0,0,0,5.4,17.6,96
Talas,2025-08-08,09:00,2025-08-08T09:00,23,0,0,0,5.5,20.5,46
Talas,2025-08-08,10:00,2025-08-08T10:00,24.8,0,0,0,6.3,23.8,15
Talas,2025-08-08,11:00,2025-08-08T11:00,26.8,0,0,0,8.1,27.4,21
Talas,2025-08-08,12:00,2025-08-08T12:00,28.7,0,0,0,7.1,27.7,10
Talas,2025-08-08,13:00,2025-08-08T13:00,30.5,0,0,0,7.6,27.4,359
Talas,2025-08-08,14:00,2025-08-08T14:00,31.7,0,0,0,8.6,29.2,2
Talas,2025-08-08,15:00,2025-08-08T15:00,32.3,0,0,0,6.9,29.2,354
Talas,2025-08-08,16:00,2025-08-08T16:00,32.1,0,0,0,8.9,27.7,50
Talas,2025-08-08,17:00,2025-08-08T17:00,31.2,0,0,0,12,31.7,46
Talas,2025-08-08,18:00,2025-08-08T18:00,30.6,0,0,0,10.7,31.7,65
Talas,2025-08-08,19:00,2025-08-08T19:00,29.4,0,0,0,16.2,36,60
Talas,2025-08-08,20:00,2025-08-08T20:00,27.6,0,0,0,15.9,38.2,59
Talas,2025-08-08,21:00,2025-08-08T21:00,26.1,0,0,0,16.6,40,56
Talas,2025-08-08,22:00,2025-08-08T22:00,24.6,0,0,0,14,37.1,53
Talas,2025-08-08,23:00,2025-08-08T23:00,22.9,0,0,0,7.4,31.7,67
Talas,2025-08-09,00:00,2025-08-09T00:00,21.3,0,0,0,4.3,18.4,90
Talas,2025-08-09,01:00,2025-08-09T01:00,20.3,0,0,0,1.8,12.2,90
Talas,2025-08-09,02:00,2025-08-09T02:00,19.4,0,0,0,1.6,9,63
Talas,2025-08-09,03:00,2025-08-09T03:00,18.6,0,0,0,1.1,7.9,171
Talas,2025-08-09,04:00,2025-08-09T04:00,18.2,0,0,0,1.8,7.6,191
Talas,2025-08-09,05:00,2025-08-09T05:00,18.1,0,0,0,0.4,6.5,180
Talas,2025-08-09,06:00,2025-08-09T06:00,17.3,0,0,0,0.7,5.4,346
Talas,2025-08-09,07:00,2025-08-09T07:00,18.3,0,0,0,1,6.1,248
Talas,2025-08-09,08:00,2025-08-09T08:00,20.1,0,0,0,2.6,13,74
Talas,2025-08-09,09:00,2025-08-09T09:00,22.5,0,0,0,4.4,18.4,83
Talas,2025-08-09,10:00,2025-08-09T10:00,25,0,0,0,5.5,22,32
Talas,2025-08-09,11:00,2025-08-09T11:00,27.1,0,0,0,8.1,27,21
Talas,2025-08-09,12:00,2025-08-09T12:00,28.8,0,0,0,9.3,30.2,25
Talas,2025-08-09,13:00,2025-08-09T13:00,30.6,0,0,0,8.7,30.2,21
Talas,2025-08-09,14:00,2025-08-09T14:00,32,0,0,0,8.7,29.5,17
Talas,2025-08-09,15:00,2025-08-09T15:00,32.8,0,0,0,9.2,29.9,21
Talas,2025-08-09,16:00,2025-08-09T16:00,32.4,0,0,0,10.4,31.7,21
Talas,2025-08-09,17:00,2025-08-09T17:00,32.1,0,0,0,9.3,30.6,24
Talas,2025-08-09,18:00,2025-08-09T18:00,31.5,0,0,0,8.9,27.4,38
Talas,2025-08-09,19:00,2025-08-09T19:00,30.2,0,0,0,11.8,27.7,63
Talas,2025-08-09,20:00,2025-08-09T20:00,27.9,0,0,0,16,34.9,60
Talas,2025-08-09,21:00,2025-08-09T21:00,26.3,0,0,0,13.1,36,61
Talas,2025-08-09,22:00,2025-08-09T22:00,24.7,0,0,0,12.1,30.2,55
Talas,2025-08-09,23:00,2025-08-09T23:00,22.9,0,0,0,5.6,27.7,69
Talas,2025-08-10,00:00,2025-08-10T00:00,21.4,0,0,0,4.2,14.8,95
Talas,2025-08-10,01:00,2025-08-10T01:00,20.7,0,0,0,2.9,10.8,86
Talas,2025-08-10,02:00,2025-08-10T02:00,19.9,0,0,0,1.3,8.6,82
Talas,2025-08-10,03:00,2025-08-10T03:00,19.2,0,0,0,0.4,6.1,180
Talas,2025-08-10,04:00,2025-08-10T04:00,18.5,0,0,0,0.6,4.7,56
Talas,2025-08-10,05:00,2025-08-10T05:00,17.5,0,0,0,0.4,4.3,180
Talas,2025-08-10,06:00,2025-08-10T06:00,16.9,0,0,0,0.4,4,180
Talas,2025-08-10,07:00,2025-08-10T07:00,18.4,0,0,0,2,5.4,225
Talas,2025-08-10,08:00,2025-08-10T08:00,20.5,0,0,0,1.8,11.2,349
Talas,2025-08-10,09:00,2025-08-10T09:00,22.8,0,0,0,4.8,18.7,20
Talas,2025-08-10,10:00,2025-08-10T10:00,25.1,0,0,0,6.4,23,11
Talas,2025-08-10,11:00,2025-08-10T11:00,27.3,0,0,0,6.6,24.8,9
Talas,2025-08-10,12:00,2025-08-10T12:00,29.2,0,0,0,8.8,28.8,11
Talas,2025-08-10,13:00,2025-08-10T13:00,30.7,0,0,0,8.7,29.9,14
Talas,2025-08-10,14:00,2025-08-10T14:00,31.9,0,0,0,8.5,29.2,7
Talas,2025-08-10,15:00,2025-08-10T15:00,32.7,0,0,0,8.6,28.8,348
Talas,2025-08-10,16:00,2025-08-10T16:00,32.2,0,0,0,9.8,28.8,320
Talas,2025-08-10,17:00,2025-08-10T17:00,32,0,0,0,10.3,29.2,303
Talas,2025-08-10,18:00,2025-08-10T18:00,31.4,0,0,0,11.4,29.2,298
Talas,2025-08-10,19:00,2025-08-10T19:00,30.1,0,0,0,6.1,27.4,14
Talas,2025-08-10,20:00,2025-08-10T20:00,27.7,0,0,0,12,28.1,53
Talas,2025-08-10,21:00,2025-08-10T21:00,25.7,0,0,0,13.1,32.4,58
Talas,2025-08-10,22:00,2025-08-10T22:00,23.6,0,0,0,6.3,29.2,66
Talas,2025-08-10,23:00,2025-08-10T23:00,21.8,0,0,0,2.4,16.2,99
Talas,2025-08-11,00:00,2025-08-11T00:00,20.9,0,0,0,0.7,8.3,180
Talas,2025-08-11,01:00,2025-08-11T01:00,20,0,0,0,0.3,5.4,225
Talas,2025-08-11,02:00,2025-08-11T02:00,19,0,0,0,0.4,4.3,153
Talas,2025-08-11,03:00,2025-08-11T03:00,17.9,0,0,0,0.6,4.3,162
Talas,2025-08-11,04:00,2025-08-11T04:00,17.2,0,0,0,1.4,4.7,130
Talas,2025-08-11,05:00,2025-08-11T05:00,16.6,0,0,0,0.6,4.7,162
Talas,2025-08-11,06:00,2025-08-11T06:00,16,0,0,0,1.1,3.2,198
Talas,2025-08-11,07:00,2025-08-11T07:00,17.9,0,0,0,3.3,4.7,221
Talas,2025-08-11,08:00,2025-08-11T08:00,19.8,0,0,0,1.7,10.8,311
Talas,2025-08-11,09:00,2025-08-11T09:00,22.1,0,0,0,3.4,16.6,354
Talas,2025-08-11,10:00,2025-08-11T10:00,24.1,0,0,0,5,20.5,339
Talas,2025-08-11,11:00,2025-08-11T11:00,26,0,0,0,6,23.4,319
Talas,2025-08-11,12:00,2025-08-11T12:00,27.8,0,0,0,7.8,26.3,312
Talas,2025-08-11,13:00,2025-08-11T13:00,29.4,0,0,0,9.9,29.9,308
Talas,2025-08-11,14:00,2025-08-11T14:00,30.6,0,0,0,11.7,32.4,306
Talas,2025-08-11,15:00,2025-08-11T15:00,31.4,0,0,0,12.9,34.2,303
Talas,2025-08-11,16:00,2025-08-11T16:00,31,0,0,0,14,35.6,311
Talas,2025-08-11,17:00,2025-08-11T17:00,30.7,0,0,0,13.7,35.6,310
Talas,2025-08-11,18:00,2025-08-11T18:00,29.7,0,0,0,12.5,33.5,316
Talas,2025-08-11,19:00,2025-08-11T19:00,28.2,0,0,0,9,29.9,317
Talas,2025-08-11,20:00,2025-08-11T20:00,25.3,0,0,0,6.7,21.6,308
Talas,2025-08-11,21:00,2025-08-11T21:00,23.7,0,0,0,3.8,16.2,287
Talas,2025-08-11,22:00,2025-08-11T22:00,23.2,0,0,0,1.7,10.1,347
Talas,2025-08-11,23:00,2025-08-11T23:00,21.1,0,0,0,5.2,14.4,76
Talas,2025-08-12,00:00,2025-08-12T00:00,19.9,0,0,0,2.8,13,153
Talas,2025-08-12,01:00,2025-08-12T01:00,19.2,0,0,0,1.9,8.3,163
Talas,2025-08-12,02:00,2025-08-12T02:00,18.2,0,0,0,1.5,6.5,159
Talas,2025-08-12,03:00,2025-08-12T03:00,17,0,0,0,1.9,5.8,158
Talas,2025-08-12,04:00,2025-08-12T04:00,16,0,0,0,1.9,5.4,146
Talas,2025-08-12,05:00,2025-08-12T05:00,15.5,0,0,0,2,5.4,153
Talas,2025-08-12,06:00,2025-08-12T06:00,15.1,0,0,0,1.5,5,135
Talas,2025-08-12,07:00,2025-08-12T07:00,16.6,0,0,0,2,5.4,153
Talas,2025-08-12,08:00,2025-08-12T08:00,19.3,0,0,0,0.8,9.4,315
Talas,2025-08-12,09:00,2025-08-12T09:00,21.7,0,0,0,3.8,16.9,19
Talas,2025-08-12,10:00,2025-08-12T10:00,23.7,0,0,0,5.7,22,24
Talas,2025-08-12,11:00,2025-08-12T11:00,25.7,0,0,0,5.7,23.4,24
Talas,2025-08-12,12:00,2025-08-12T12:00,27.7,0,0,0,6.3,24.8,18
Talas,2025-08-12,13:00,2025-08-12T13:00,29.3,0,0,0,6.7,25.9,360
Talas,2025-08-12,14:00,2025-08-12T14:00,30.3,0,0,0,7.7,27,332
Talas,2025-08-12,15:00,2025-08-12T15:00,31,0,0,0,7.7,27,311
Talas,2025-08-12,16:00,2025-08-12T16:00,30.6,0,0,0,1.8,18.7,294
Talas,2025-08-12,17:00,2025-08-12T17:00,30.9,0,0,0,3.1,16.2,246
Talas,2025-08-12,18:00,2025-08-12T18:00,30.9,0,0,0,5.6,16.6,295
Talas,2025-08-12,19:00,2025-08-12T19:00,29.1,0,0,0,7.2,20.2,332
Talas,2025-08-12,20:00,2025-08-12T20:00,25.5,0,0,0,5.6,18.4,29
Talas,2025-08-12,21:00,2025-08-12T21:00,24.5,0,0,0,7.8,19.8,56
Talas,2025-08-12,22:00,2025-08-12T22:00,23,0,0,0,10.1,24.1,55
Talas,2025-08-12,23:00,2025-08-12T23:00,20.5,0,0,0,4.6,24.1,79
Talas,2025-08-13,00:00,2025-08-13T00:00,19.5,0,0,0,1.4,11.9,157
Talas,2025-08-13,01:00,2025-08-13T01:00,18.7,0,0,0,0.4,5.4,180
Talas,2025-08-13,02:00,2025-08-13T02:00,17.8,0,0,0,0.9,4.3,180
Talas,2025-08-13,03:00,2025-08-13T03:00,17.1,0,0,0,0.7,4.3,180
Talas,2025-08-13,04:00,2025-08-13T04:00,16.3,0,0,0,1.4,4.3,157
Talas,2025-08-13,05:00,2025-08-13T05:00,15.5,0,0,0,1.4,4.7,157
Talas,2025-08-13,06:00,2025-08-13T06:00,14.5,0,0,0,2.6,6.1,146
Talas,2025-08-13,07:00,2025-08-13T07:00,16.5,0,0,0,2.9,7.2,158
Talas,2025-08-13,08:00,2025-08-13T08:00,18.7,0,0,0,2,11.2,80
Talas,2025-08-13,09:00,2025-08-13T09:00,21,0,0,0,4.2,17.6,40
Talas,2025-08-13,10:00,2025-08-13T10:00,23.3,0,0,0,5.4,21.2,34
Talas,2025-08-13,11:00,2025-08-13T11:00,25.4,0,0,0,6,23.4,25
Talas,2025-08-13,12:00,2025-08-13T12:00,27.4,0,0,0,6,24.5,16
Talas,2025-08-13,13:00,2025-08-13T13:00,29.2,0,0,0,7.2,26.6,4
Talas,2025-08-13,14:00,2025-08-13T14:00,30.6,0,0,0,7.7,27,344
Talas,2025-08-13,15:00,2025-08-13T15:00,31.4,0,0,0,9,28.4,327
Talas,2025-08-13,16:00,2025-08-13T16:00,31.2,0,0,0,8.9,26.6,318
Talas,2025-08-13,17:00,2025-08-13T17:00,30.9,0,0,0,9.9,27.4,305
Talas,2025-08-13,18:00,2025-08-13T18:00,30.3,0,0,0,10.4,26.6,302
Talas,2025-08-13,19:00,2025-08-13T19:00,28.7,0,0,0,7.3,25.2,300
Talas,2025-08-13,20:00,2025-08-13T20:00,26.1,0,0,0,7.8,18.4,299
Talas,2025-08-13,21:00,2025-08-13T21:00,24.5,0,0,0,6,18.4,254
Talas,2025-08-13,22:00,2025-08-13T22:00,23.7,0,0,0,8.3,15.8,229
Talas,2025-08-13,23:00,2025-08-13T23:00,21.8,0,0,0,3,15.1,213
Talas,2025-08-14,00:00,2025-08-14T00:00,21.3,0,0,0,1.5,6.5,144
Talas,2025-08-14,01:00,2025-08-14T01:00,20.2,0,0,0,2.1,5.4,165
Talas,2025-08-14,02:00,2025-08-14T02:00,19.6,0,0,0,0.2,4.3,180
Talas,2025-08-14,03:00,2025-08-14T03:00,18.3,0,0,0,1,3.2,202
Talas,2025-08-14,04:00,2025-08-14T04:00,17.4,0,0,0,1.1,3.6,162
Talas,2025-08-14,05:00,2025-08-14T05:00,16.6,0,0,0,1.7,3.6,162
Talas,2025-08-14,06:00,2025-08-14T06:00,16.1,0,0,0,1.5,4,159
Talas,2025-08-14,07:00,2025-08-14T07:00,17.7,0,0,0,1.6,4.3,174
Talas,2025-08-14,08:00,2025-08-14T08:00,20.5,0,0,0,0.9,8.3,307
Talas,2025-08-14,09:00,2025-08-14T09:00,23.4,0,0,0,1.9,13.7,338
Talas,2025-08-14,10:00,2025-08-14T10:00,25.9,0,0,0,2.2,16.6,336
Talas,2025-08-14,11:00,2025-08-14T11:00,28.2,0,0,0,3.7,19.8,349
Talas,2025-08-14,12:00,2025-08-14T12:00,30.1,0,0,0,5,22.7,347
Talas,2025-08-14,13:00,2025-08-14T13:00,31.8,0,0,0,6,24.5,333
Talas,2025-08-14,14:00,2025-08-14T14:00,32.9,0,0,0,7.5,25.9,310
Talas,2025-08-14,15:00,2025-08-14T15:00,33.5,0,0,0,9.5,28.1,295
Talas,2025-08-14,16:00,2025-08-14T16:00,33.6,0,0,0,6.4,22.3,299
Talas,2025-08-14,17:00,2025-08-14T17:00,33.4,0,0,0,8.8,24.5,293
Talas,2025-08-14,18:00,2025-08-14T18:00,32.7,0,0,0,9.3,24.5,306
Talas,2025-08-14,19:00,2025-08-14T19:00,30.4,0,0,0,6,23,311
Talas,2025-08-14,20:00,2025-08-14T20:00,27.1,0,0,0,5.8,15.1,290
Talas,2025-08-14,21:00,2025-08-14T21:00,26.2,0,0,0,5.7,14,252
Talas,2025-08-14,22:00,2025-08-14T22:00,25,0,0,0,3.4,11.5,223
Talas,2025-08-14,23:00,2025-08-14T23:00,24,0,0,0,2.4,7.2,99
Talas,2025-08-15,00:00,2025-08-15T00:00,22.1,0,0,0,4.5,10.4,143
Talas,2025-08-15,01:00,2025-08-15T01:00,21.3,0,0,0,3.5,10.1,129
Talas,2025-08-15,02:00,2025-08-15T02:00,20.5,0,0,0,3.2,8.6,133
Talas,2025-08-15,03:00,2025-08-15T03:00,19.6,0,0,0,3.1,7.9,140
Talas,2025-08-15,04:00,2025-08-15T04:00,18.8,0,0,0,2.1,6.1,149
Talas,2025-08-15,05:00,2025-08-15T05:00,18,0,0,0,2.4,6.5,153
Talas,2025-08-15,06:00,2025-08-15T06:00,17.6,0,0,0,2.4,6.5,153
Talas,2025-08-15,07:00,2025-08-15T07:00,19.8,0,0,0,2.3,6.5,157
Talas,2025-08-15,08:00,2025-08-15T08:00,23.2,0,0,0,0.6,7.6,326
Talas,2025-08-15,09:00,2025-08-15T09:00,26.1,0,0,0,3.1,14.8,13
Talas,2025-08-15,10:00,2025-08-15T10:00,28.5,0,0,0,5.6,21.2,27
Talas,2025-08-15,11:00,2025-08-15T11:00,30.5,0,0,0,7.2,25.2,19
Talas,2025-08-15,12:00,2025-08-15T12:00,32,0,0,0,9.1,29.2,18
Talas,2025-08-15,13:00,2025-08-15T13:00,33.1,0,0,0,9.5,30.2,14
Talas,2025-08-15,14:00,2025-08-15T14:00,34,0,0,0,8.8,30.2,355
Talas,2025-08-15,15:00,2025-08-15T15:00,34.6,0,0,0,8.9,28.8,336
Talas,2025-08-15,16:00,2025-08-15T16:00,34.4,0,0,0,10,28.4,324
Talas,2025-08-15,17:00,2025-08-15T17:00,34.2,0,0,0,14.2,34.6,320
Talas,2025-08-15,18:00,2025-08-15T18:00,33.1,0,0,0,15.7,35.6,313
Talas,2025-08-15,19:00,2025-08-15T19:00,31.2,0,0,0,9.3,35.3,307
Talas,2025-08-15,20:00,2025-08-15T20:00,27.8,0,0,0,9.1,22.7,56
Talas,2025-08-15,21:00,2025-08-15T21:00,25.2,0,0,0,6.5,23,76
Talas,2025-08-15,22:00,2025-08-15T22:00,23.2,0,0,0,4.4,16.9,102
Talas,2025-08-15,23:00,2025-08-15T23:00,21.7,0,0,0,4.6,11.9,64
Talas,2025-08-16,00:00,2025-08-16T00:00,20.7,0,0,0,2.4,11.9,103
Talas,2025-08-16,01:00,2025-08-16T01:00,19.7,0,0,0,1.9,8.3,131
Talas,2025-08-16,02:00,2025-08-16T02:00,18.9,0,0,0,1.3,7.2,146
Talas,2025-08-16,03:00,2025-08-16T03:00,18.2,0,0,0,0.5,6.5,180
Talas,2025-08-16,04:00,2025-08-16T04:00,17.3,0,0,0,0.2,5.4,180
Talas,2025-08-16,05:00,2025-08-16T05:00,16.2,0,0,0,0,4.3,270
Talas,2025-08-16,06:00,2025-08-16T06:00,15.2,0,0,0,0.4,3.6,243
Talas,2025-08-16,07:00,2025-08-16T07:00,16.4,0,0,0,2.3,4,247
Talas,2025-08-16,08:00,2025-08-16T08:00,18.3,0,0,0,2.6,11.2,326
Talas,2025-08-16,09:00,2025-08-16T09:00,20.7,0,0,0,5.1,18,8
Talas,2025-08-16,10:00,2025-08-16T10:00,23,0,0,0,6.4,22.3,18
Talas,2025-08-16,11:00,2025-08-16T11:00,25.6,0,0,0,8.8,27.4,23
Talas,2025-08-16,12:00,2025-08-16T12:00,27.9,0,0,0,9.7,29.5,28
Talas,2025-08-16,13:00,2025-08-16T13:00,29.8,0,0,0,11.1,32.4,27
Talas,2025-08-16,14:00,2025-08-16T14:00,31.1,0,0,0,11.7,33.8,23
Talas,2025-08-16,15:00,2025-08-16T15:00,31.9,0,0,0,11.7,33.8,13
Talas,2025-08-16,16:00,2025-08-16T16:00,31.4,0,0,0,10.9,32,9
Talas,2025-08-16,17:00,2025-08-16T17:00,31.2,0,0,0,8.7,31,6
Talas,2025-08-16,18:00,2025-08-16T18:00,30.8,0,0,0,7.6,25.9,8
Talas,2025-08-16,19:00,2025-08-16T19:00,28.8,0,0,0,7.7,22,33
Talas,2025-08-16,20:00,2025-08-16T20:00,25.9,0,0,0,8.3,21.6,56
Talas,2025-08-16,21:00,2025-08-16T21:00,23.9,0,0,0,7,20.9,69
Talas,2025-08-16,22:00,2025-08-16T22:00,21.4,0,0,0,4.8,17.6,70
Talas,2025-08-16,23:00,2025-08-16T23:00,19.8,0,0,0,4.8,11.9,53
Talas,2025-08-17,00:00,2025-08-17T00:00,18.7,0,0,0,2.2,11.9,48
Talas,2025-08-17,01:00,2025-08-17T01:00,17.8,0,0,0,0.6,6.8,162
Talas,2025-08-17,02:00,2025-08-17T02:00,17.2,0,0,0,0.2,4,180
Talas,2025-08-17,03:00,2025-08-17T03:00,16.4,0,0,0,0.4,3.2,243
Talas,2025-08-17,04:00,2025-08-17T04:00,16.1,0,0,0,0.2,2.5,180
Talas,2025-08-17,05:00,2025-08-17T05:00,15.2,0,0,0,0.3,2.2,225
Talas,2025-08-17,06:00,2025-08-17T06:00,14.5,0,0,0,1.1,3.6,270
Talas,2025-08-17,07:00,2025-08-17T07:00,15.9,0,0,0,3.4,6.1,273
Talas,2025-08-17,08:00,2025-08-17T08:00,18,0,0,0,4.4,13.7,330
Talas,2025-08-17,09:00,2025-08-17T09:00,20.6,0,0,0,5.8,19.1,346
Talas,2025-08-17,10:00,2025-08-17T10:00,23.2,0,0,0,7.1,23.4,350
Talas,2025-08-17,11:00,2025-08-17T11:00,25.5,0,0,0,8.6,26.6,348
Talas,2025-08-17,12:00,2025-08-17T12:00,27.6,0,0,0,9.8,29.2,337
Talas,2025-08-17,13:00,2025-08-17T13:00,29.6,0,0,0,11.8,32.4,326
Talas,2025-08-17,14:00,2025-08-17T14:00,31,0,0,0,13,34.2,315
Talas,2025-08-17,15:00,2025-08-17T15:00,32,0,0,0,13.9,35.3,308
Talas,2025-08-17,16:00,2025-08-17T16:00,31.8,0,0,0,12.6,32.8,307
Talas,2025-08-17,17:00,2025-08-17T17:00,31.3,0,0,0,12.4,32.4,313
Talas,2025-08-17,18:00,2025-08-17T18:00,30.3,0,0,0,10.2,31,321
Talas,2025-08-17,19:00,2025-08-17T19:00,28.1,0,0,0,4.5,24.8,331
Talas,2025-08-17,20:00,2025-08-17T20:00,26.1,0,0,0,1.9,11.9,326
Talas,2025-08-17,21:00,2025-08-17T21:00,25,0,0,0,1.3,7.2,172
Talas,2025-08-17,22:00,2025-08-17T22:00,23.3,0,0,0,3.4,7.2,174
Talas,2025-08-17,23:00,2025-08-17T23:00,22.5,0,0,0,4.4,9.7,168
Talas,2025-08-18,00:00,2025-08-18T00:00,21.5,0,0,0,5,13,167
Talas,2025-08-18,01:00,2025-08-18T01:00,20,0,0,0,4.7,13,171
Talas,2025-08-18,02:00,2025-08-18T02:00,19.1,0,0,0,4.5,13.3,175
Talas,2025-08-18,03:00,2025-08-18T03:00,18.4,0,0,0,3.6,12.2,177
Talas,2025-08-18,04:00,2025-08-18T04:00,17.6,0,0,0,3.7,9,169
Talas,2025-08-18,05:00,2025-08-18T05:00,17.1,0,0,0,3.7,9.4,166
Talas,2025-08-18,06:00,2025-08-18T06:00,16.9,0,0,0,4.1,10.1,167
Talas,2025-08-18,07:00,2025-08-18T07:00,19.8,0,0,0,3.8,10.1,172
Talas,2025-08-18,08:00,2025-08-18T08:00,23.8,0,0,0,2.3,10.1,209
Talas,2025-08-18,09:00,2025-08-18T09:00,26.8,0,0,0,3.1,14.8,357
Talas,2025-08-18,10:00,2025-08-18T10:00,29,0,0,0,5.6,21.2,15
Talas,2025-08-18,11:00,2025-08-18T11:00,31.3,0,0,0,8.1,26.6,25
Talas,2025-08-18,12:00,2025-08-18T12:00,33,0,0,0,10.5,31.3,27
Talas,2025-08-18,13:00,2025-08-18T13:00,34.5,0,0,0,10.9,32.8,29
Talas,2025-08-18,14:00,2025-08-18T14:00,35.4,0,0,0,10.6,33.1,28
Talas,2025-08-18,15:00,2025-08-18T15:00,36,0,0,0,11.9,33.5,350
Talas,2025-08-18,16:00,2025-08-18T16:00,34.8,0,0,0,19.1,43.9,313
Talas,2025-08-18,17:00,2025-08-18T17:00,33.5,0,0,0,15.8,46.4,313
Talas,2025-08-18,18:00,2025-08-18T18:00,33,0,0,0,3.8,36,319
Talas,2025-08-18,19:00,2025-08-18T19:00,30.7,0,0,0,2,13.3,95
Talas,2025-08-18,20:00,2025-08-18T20:00,28.6,0,0,0,0.4,6.1,153
Talas,2025-08-18,21:00,2025-08-18T21:00,26.5,0,0,0,4.4,6.8,189
Talas,2025-08-18,22:00,2025-08-18T22:00,26,0,0,0,7.1,15.5,234
Talas,2025-08-18,23:00,2025-08-18T23:00,26.3,0,0,0,9.5,24.5,243
Talas,2025-08-19,00:00,2025-08-19T00:00,24.2,0,0,0,5.9,20.5,211
Talas,2025-08-19,01:00,2025-08-19T01:00,23.1,0,0,0,5.2,13.7,239
Talas,2025-08-19,02:00,2025-08-19T02:00,22.6,0,0,0,6.5,14.4,246
Talas,2025-08-19,03:00,2025-08-19T03:00,21.9,0,0,0,6.9,15.1,239
Talas,2025-08-19,04:00,2025-08-19T04:00,20.7,0,0,0,6.3,15.8,246
Talas,2025-08-19,05:00,2025-08-19T05:00,20,0,0,0,7,15.1,249
Talas,2025-08-19,06:00,2025-08-19T06:00,19.3,0,0,0,7.6,16.2,248
Talas,2025-08-19,07:00,2025-08-19T07:00,20.3,0,0,0,9.6,18,258
Talas,2025-08-19,08:00,2025-08-19T08:00,22.2,0,0,0,7.9,20.2,286
Talas,2025-08-19,09:00,2025-08-19T09:00,24,0,0,0,8,22.7,297
Talas,2025-08-19,10:00,2025-08-19T10:00,25.9,0,0,0,9.3,25.9,302
Talas,2025-08-19,11:00,2025-08-19T11:00,27.7,0,0,0,10,28.8,300
Talas,2025-08-19,12:00,2025-08-19T12:00,29.3,0,0,0,11.5,31.7,305
Talas,2025-08-19,13:00,2025-08-19T13:00,30.7,0,0,0,13.4,35.6,307
Talas,2025-08-19,14:00,2025-08-19T14:00,31.5,0,0,0,14.2,36.7,306
Talas,2025-08-19,15:00,2025-08-19T15:00,31.9,0,0,0,13.6,36.7,305
Talas,2025-08-19,16:00,2025-08-19T16:00,31.5,0,0,0,13.2,33.5,301
Talas,2025-08-19,17:00,2025-08-19T17:00,31.1,0,0,0,14.8,35.3,302
Talas,2025-08-19,18:00,2025-08-19T18:00,30.4,0,0,0,14.7,35.6,303
Talas,2025-08-19,19:00,2025-08-19T19:00,29.1,0,0,0,10.2,33.5,300
Talas,2025-08-19,20:00,2025-08-19T20:00,27,0,0,0,6.3,23,285
Talas,2025-08-19,21:00,2025-08-19T21:00,25.8,0,0,0,3.3,15.5,319
Talas,2025-08-19,22:00,2025-08-19T22:00,24.3,0,0,0,5.6,14,59
Talas,2025-08-19,23:00,2025-08-19T23:00,23,0,0,0,4.1,14.8,128
Talas,2025-08-20,00:00,2025-08-20T00:00,22.2,0,0,0,2.5,10.1,188
Talas,2025-08-20,01:00,2025-08-20T01:00,22.1,0,0,0,0.6,6.5,124
Talas,2025-08-20,02:00,2025-08-20T02:00,20.8,0,0,0,1.5,5.8,144
Talas,2025-08-20,03:00,2025-08-20T03:00,19.9,0,0,0,1.6,6.1,174
Talas,2025-08-20,04:00,2025-08-20T04:00,19.6,0,0,0,1.9,5.8,124
Talas,2025-08-20,05:00,2025-08-20T05:00,18.9,0,0,0,2,5.8,153
Talas,2025-08-20,06:00,2025-08-20T06:00,18.6,0,0,0,0.9,5.4,143
Talas,2025-08-20,07:00,2025-08-20T07:00,19.4,0,0,0,1.3,4,188
Talas,2025-08-20,08:00,2025-08-20T08:00,21.5,0,0,0,1,9.7,292
Talas,2025-08-20,09:00,2025-08-20T09:00,23.7,0,0,0,1.8,14,6
Talas,2025-08-20,10:00,2025-08-20T10:00,25.9,0,0,0,2.7,17.6,8
Talas,2025-08-20,11:00,2025-08-20T11:00,27.8,0,0,0,4,20.5,355
Talas,2025-08-20,12:00,2025-08-20T12:00,29.4,0,0,0,6.5,24.5,346
Talas,2025-08-20,13:00,2025-08-20T13:00,30.2,0,0,0,9.8,29.5,330
Talas,2025-08-20,14:00,2025-08-20T14:00,30.9,0,0,0,11.5,32,310
Talas,2025-08-20,15:00,2025-08-20T15:00,31.3,0,0,0,10.3,32,305
Talas,2025-08-20,16:00,2025-08-20T16:00,30.6,0,0,0,13.6,33.8,309
Talas,2025-08-20,17:00,2025-08-20T17:00,29.9,0,0,0,13.6,36,309
Talas,2025-08-20,18:00,2025-08-20T18:00,29.9,0,0,0,9.2,32.8,325
Talas,2025-08-20,19:00,2025-08-20T19:00,28.4,0,0,0,11.1,28.4,340
Talas,2025-08-20,20:00,2025-08-20T20:00,26.3,0,0,0,7.2,26.3,307
Talas,2025-08-20,21:00,2025-08-20T21:00,25.1,0,0,0,6.2,18.4,311
Talas,2025-08-20,22:00,2025-08-20T22:00,23.5,0,0,0,3.5,16.2,258
Talas,2025-08-20,23:00,2025-08-20T23:00,23,0,0,0,4.3,10.1,222
Talas,2025-08-21,00:00,2025-08-21T00:00,22,0,0,0,4.1,9.4,209
Talas,2025-08-21,01:00,2025-08-21T01:00,21.3,0,0,0,2.2,6.8,175
Talas,2025-08-21,02:00,2025-08-21T02:00,20.6,0,0,0,1,4.7,158
Talas,2025-08-21,03:00,2025-08-21T03:00,19.7,0,0,0,0.7,4,104
Talas,2025-08-21,04:00,2025-08-21T04:00,19,0,0,0,0.6,3.6,198
Talas,2025-08-21,05:00,2025-08-21T05:00,18.2,0,0,0,0.9,3.2,180
Talas,2025-08-21,06:00,2025-08-21T06:00,17.5,0,0,0,1.1,3.2,180
Talas,2025-08-21,07:00,2025-08-21T07:00,18.7,0,0,0,1.7,4,198
Talas,2025-08-21,08:00,2025-08-21T08:00,21,0,0,0,2.2,10.8,305
Talas,2025-08-21,09:00,2025-08-21T09:00,22.9,0,0,0,1.7,14,328
Talas,2025-08-21,10:00,2025-08-21T10:00,24.9,0,0,0,3.3,18.4,338
Talas,2025-08-21,11:00,2025-08-21T11:00,26.8,0,0,0,5.9,22.7,317
Talas,2025-08-21,12:00,2025-08-21T12:00,28.3,0,0,0,9.1,28.4,308
Talas,2025-08-21,13:00,2025-08-21T13:00,29.4,0,0,0,11.5,32.4,305
Talas,2025-08-21,14:00,2025-08-21T14:00,30.2,0,0,0,13,34.9,305
Talas,2025-08-21,15:00,2025-08-21T15:00,30.6,0,0,0,13.3,35.6,308
Talas,2025-08-21,16:00,2025-08-21T16:00,30.3,0,0,0,13.8,35.6,312
Talas,2025-08-21,17:00,2025-08-21T17:00,29.8,0,0,0,12.6,34.9,307
Talas,2025-08-21,18:00,2025-08-21T18:00,29.1,0,0,0,11.6,31.7,305
Talas,2025-08-21,19:00,2025-08-21T19:00,27.5,0,0,0,7.6,27.7,298
Talas,2025-08-21,20:00,2025-08-21T20:00,24.8,0,0,0,5.1,18,278
Talas,2025-08-21,21:00,2025-08-21T21:00,24.4,0,0,0,1.6,11.9,276
Talas,2025-08-21,22:00,2025-08-21T22:00,23.4,0,0,0,1.6,6.5,186
Talas,2025-08-21,23:00,2025-08-21T23:00,22.3,0,0,0,2.1,6.1,142
Talas,2025-08-22,00:00,2025-08-22T00:00,20.5,0,0,0,5.4,13.7,92
Talas,2025-08-22,01:00,2025-08-22T01:00,19.5,0,0,0,4.2,12.6,162
Talas,2025-08-22,02:00,2025-08-22T02:00,19.3,0,0,0,0.7,7.9,166
Talas,2025-08-22,03:00,2025-08-22T03:00,18.6,0,0,0,0.8,3.2,153
Talas,2025-08-22,04:00,2025-08-22T04:00,17.8,0,0,0,1.7,2.9,167
Talas,2025-08-22,05:00,2025-08-22T05:00,17.3,0,0,0,1.5,2.9,173
Talas,2025-08-22,06:00,2025-08-22T06:00,17,0,0,0,1.5,2.9,173
Talas,2025-08-22,07:00,2025-08-22T07:00,18.6,0,0,0,2,3.2,185
Talas,2025-08-22,08:00,2025-08-22T08:00,21.6,0,0,0,2.2,9.7,279
Talas,2025-08-22,09:00,2025-08-22T09:00,23.9,0,0,0,2.5,14.8,330
Talas,2025-08-22,10:00,2025-08-22T10:00,25.8,0,0,0,4.5,19.8,337
Talas,2025-08-22,11:00,2025-08-22T11:00,27.5,0,0,0,4.7,21.6,332
Talas,2025-08-22,12:00,2025-08-22T12:00,29.2,0,0,0,5.3,22.7,327
Talas,2025-08-22,13:00,2025-08-22T13:00,30.6,0,0,0,8.2,27,322
Talas,2025-08-22,14:00,2025-08-22T14:00,31.6,0,0,0,11.1,31.3,317
Talas,2025-08-22,15:00,2025-08-22T15:00,32.2,0,0,0,12.8,33.5,312
Talas,2025-08-22,16:00,2025-08-22T16:00,31.9,0,0,0,11.6,30.6,305
Talas,2025-08-22,17:00,2025-08-22T17:00,31.6,0,0,0,11.4,30.2,297
Talas,2025-08-22,18:00,2025-08-22T18:00,30.8,0,0,0,11.4,28.1,281
Talas,2025-08-22,19:00,2025-08-22T19:00,28.6,0,0,0,6.2,25.2,255
Talas,2025-08-22,20:00,2025-08-22T20:00,26.3,0,0,0,7.6,14,207
Talas,2025-08-22,21:00,2025-08-22T21:00,25.5,0,0,0,7.3,15.1,211
Talas,2025-08-22,22:00,2025-08-22T22:00,24.1,0,0,0,5.9,14,203
Talas,2025-08-22,23:00,2025-08-22T23:00,23,0,0,0,5.2,11.5,196
Talas,2025-08-23,00:00,2025-08-23T00:00,21.8,0,0,0,4.6,10.4,191
Talas,2025-08-23,01:00,2025-08-23T01:00,20.8,0,0,0,3.6,9,180
Talas,2025-08-23,02:00,2025-08-23T02:00,20.1,0,0,0,3.6,7.9,171
Talas,2025-08-23,03:00,2025-08-23T03:00,19.6,0,0,0,3.7,9.4,169
Talas,2025-08-23,04:00,2025-08-23T04:00,19.1,0,0,0,3.8,8.3,172
Talas,2025-08-23,05:00,2025-08-23T05:00,18.8,0,0,0,2.7,7.9,176
Talas,2025-08-23,06:00,2025-08-23T06:00,18.7,0,0,0,2.5,6.5,188
Talas,2025-08-23,07:00,2025-08-23T07:00,20.2,0,0,0,3.1,7.2,190
Talas,2025-08-23,08:00,2025-08-23T08:00,24,0,0,0,3.1,9.7,201
Talas,2025-08-23,09:00,2025-08-23T09:00,26.5,0,0,0,2.7,13.3,312
Talas,2025-08-23,10:00,2025-08-23T10:00,28.8,0,0,0,6.2,20.9,322
Talas,2025-08-23,11:00,2025-08-23T11:00,30.6,0,0,0,10.2,28.8,324
Talas,2025-08-23,12:00,2025-08-23T12:00,31.8,0,0,0,11.5,32.4,329
Talas,2025-08-23,13:00,2025-08-23T13:00,32.7,0,0,0,13.3,34.9,320
Talas,2025-08-23,14:00,2025-08-23T14:00,33.2,0,0,0,14.8,37.1,312
Talas,2025-08-23,15:00,2025-08-23T15:00,33.7,0,0,0,15.1,37.4,305
Talas,2025-08-23,16:00,2025-08-23T16:00,33.5,0,0,0,13.7,36.7,297
Talas,2025-08-23,17:00,2025-08-23T17:00,33.5,0,0,0,12.1,33.1,282
Talas,2025-08-23,18:00,2025-08-23T18:00,32.3,0,0,0,10.9,28.8,309
Talas,2025-08-23,19:00,2025-08-23T19:00,29.6,0,0,0,0.8,25.2,243
Talas,2025-08-23,20:00,2025-08-23T20:00,27,0,0,0,3.8,6.1,163
Talas,2025-08-23,21:00,2025-08-23T21:00,26.2,0,0,0,6.5,13.3,175
Talas,2025-08-23,22:00,2025-08-23T22:00,24.5,0,0,0,8.3,18,186
Talas,2025-08-23,23:00,2025-08-23T23:00,23.7,0,0,0,6.3,17.3,195
Talas,2025-08-24,00:00,2025-08-24T00:00,23.3,0,0,0,6.2,14,187
Talas,2025-08-24,01:00,2025-08-24T01:00,22.4,0,0,0,6,14.4,177
Talas,2025-08-24,02:00,2025-08-24T02:00,21.2,0,0,0,3.1,14,170
Talas,2025-08-24,03:00,2025-08-24T03:00,20.6,0,0,0,2.9,9.7,173
Talas,2025-08-24,04:00,2025-08-24T04:00,20.3,0,0,0,3.9,9.4,164
Talas,2025-08-24,05:00,2025-08-24T05:00,19.8,0,0,0,4.4,11.9,161
Talas,2025-08-24,06:00,2025-08-24T06:00,18.9,0,0,0,5,14,167
Talas,2025-08-24,07:00,2025-08-24T07:00,20.4,0,0,0,5.3,14,168
Talas,2025-08-24,08:00,2025-08-24T08:00,24.8,0,0,0,3.9,13.3,164
Talas,2025-08-24,09:00,2025-08-24T09:00,28.6,0,0,0,2.7,13.7,67
Talas,2025-08-24,10:00,2025-08-24T10:00,31.2,0,0,0,4.7,19.8,43
Talas,2025-08-24,11:00,2025-08-24T11:00,32.9,0,0,0,5.9,23.4,360
Talas,2025-08-24,12:00,2025-08-24T12:00,33.6,0,0,0,9.1,28.4,343
Talas,2025-08-24,13:00,2025-08-24T13:00,34.1,0,0,0,12.4,33.5,347
Talas,2025-08-24,14:00,2025-08-24T14:00,34.3,0,0,0,15.7,38.9,349
Talas,2025-08-24,15:00,2025-08-24T15:00,34.1,0,0,0,18.5,42.8,342
Talas,2025-08-24,16:00,2025-08-24T16:00,33.5,0,0,0,16,40.3,331
Talas,2025-08-24,17:00,2025-08-24T17:00,33,0,0,0,16.9,38.5,315
Talas,2025-08-24,18:00,2025-08-24T18:00,31.8,0,0,0,16.6,38.5,289
Talas,2025-08-24,19:00,2025-08-24T19:00,30.4,0,0,0,15.8,34.9,271
Talas,2025-08-24,20:00,2025-08-24T20:00,28.5,0,0,0,12.1,32,300
Talas,2025-08-24,21:00,2025-08-24T21:00,25,0,0,0,4.2,27.4,282
Talas,2025-08-24,22:00,2025-08-24T22:00,24,0,0,0,5.4,15.5,268
Talas,2025-08-24,23:00,2025-08-24T23:00,22.6,0,0,0,6.8,16.6,42
Talas,2025-08-25,00:00,2025-08-25T00:00,20.6,0,0,0,4.8,17.3,70
Talas,2025-08-25,01:00,2025-08-25T01:00,19.1,0,0,0,2.9,12.6,94
Talas,2025-08-25,02:00,2025-08-25T02:00,18.3,0,0,0,0.8,8.3,27
Talas,2025-08-25,03:00,2025-08-25T03:00,17.2,0,0,0,1.1,6.1,18
Talas,2025-08-25,04:00,2025-08-25T04:00,17.1,0,0,0,2.9,8.3,112
Talas,2025-08-25,05:00,2025-08-25T05:00,16.5,0,0,0,2.6,7.6,115
Talas,2025-08-25,06:00,2025-08-25T06:00,15.9,0,0,0,1.9,7.2,124
Talas,2025-08-25,07:00,2025-08-25T07:00,16.9,0,0,0,3.3,9.7,77
Talas,2025-08-25,08:00,2025-08-25T08:00,18.5,0,0,0,5.2,16.9,56
Talas,2025-08-25,09:00,2025-08-25T09:00,20.4,0,0,0,7.4,23.4,47
Talas,2025-08-25,10:00,2025-08-25T10:00,22.3,0,0,0,7.5,25.6,37
Talas,2025-08-25,11:00,2025-08-25T11:00,24.4,0,0,0,6.9,25.2,31
Talas,2025-08-25,12:00,2025-08-25T12:00,26.3,0,0,0,7.8,27.4,23
Talas,2025-08-25,13:00,2025-08-25T13:00,27.6,0,0,0,8.5,28.8,12
Talas,2025-08-25,14:00,2025-08-25T14:00,28.8,0,0,0,7.9,28.8,4
Talas,2025-08-25,15:00,2025-08-25T15:00,29.4,0,0,0,10.2,29.5,332
Talas,2025-08-25,16:00,2025-08-25T16:00,28.5,0,0,0,12.3,32.4,323
Talas,2025-08-25,17:00,2025-08-25T17:00,27.4,0,0,0,14.4,35.3,317
Talas,2025-08-25,18:00,2025-08-25T18:00,26.1,0,0,0,14.5,34.9,316
Talas,2025-08-25,19:00,2025-08-25T19:00,24.1,0,0,0,15,33.8,297
Talas,2025-08-25,20:00,2025-08-25T20:00,22.7,0,0,0,9.5,30.6,268
Talas,2025-08-25,21:00,2025-08-25T21:00,21.3,0,0,0,2.4,18.7,253
Talas,2025-08-25,22:00,2025-08-25T22:00,20.5,0,0,0,5.2,13.7,49
Talas,2025-08-25,23:00,2025-08-25T23:00,19.1,0,0,0,4.2,14.4,54
Talas,2025-08-26,00:00,2025-08-26T00:00,17.8,0,0,0,3.9,11.2,56
Talas,2025-08-26,01:00,2025-08-26T01:00,16.9,0,0,0,2.4,10.1,77
Talas,2025-08-26,02:00,2025-08-26T02:00,16.2,0,0,0,1.9,7.2,163
Talas,2025-08-26,03:00,2025-08-26T03:00,16,0,0,0,0.2,5.4,180
Talas,2025-08-26,04:00,2025-08-26T04:00,16.1,0,0,0,0.8,4,63
Talas,2025-08-26,05:00,2025-08-26T05:00,15.3,0,0,0,0.2,4,270
Talas,2025-08-26,06:00,2025-08-26T06:00,14.5,0,0,0,0.6,2.9,236
Talas,2025-08-26,07:00,2025-08-26T07:00,15.4,0,0,0,2.7,4.7,250
Talas,2025-08-26,08:00,2025-08-26T08:00,16.8,0,0,0,1.1,10.8,342
Talas,2025-08-26,09:00,2025-08-26T09:00,18.8,0,0,0,2.5,15.5,360
Talas,2025-08-26,10:00,2025-08-26T10:00,20.9,0,0,0,4.3,19.8,343
Talas,2025-08-26,11:00,2025-08-26T11:00,22.9,0,0,0,5.9,23.4,325
Talas,2025-08-26,12:00,2025-08-26T12:00,24.6,0,0,0,7.4,26.3,319
Talas,2025-08-26,13:00,2025-08-26T13:00,26.2,0,0,0,8.3,27.4,318
Talas,2025-08-26,14:00,2025-08-26T14:00,27.4,0,0,0,10.3,30.6,317
Talas,2025-08-26,15:00,2025-08-26T15:00,28.2,0,0,0,11.7,32.8,319
Talas,2025-08-26,16:00,2025-08-26T16:00,27.6,0,0,0,13.6,35.3,326
Talas,2025-08-26,17:00,2025-08-26T17:00,27,0,0,0,15,36.7,328
Talas,2025-08-26,18:00,2025-08-26T18:00,25.5,0,0,0,16.6,37.8,324
Talas,2025-08-26,19:00,2025-08-26T19:00,23.8,0,0,0,14.8,37.8,314
Talas,2025-08-26,20:00,2025-08-26T20:00,22.3,0,0,0,9.5,31.3,299
Talas,2025-08-26,21:00,2025-08-26T21:00,20.8,0,0,0,5.6,20.9,358
Talas,2025-08-26,22:00,2025-08-26T22:00,19.6,0,0,0,8.6,22.7,61
Talas,2025-08-26,23:00,2025-08-26T23:00,17.6,0,0,0,4,20.2,120
Talas,2025-08-27,00:00,2025-08-27T00:00,17,0,0,0,1.3,10.1,106
Talas,2025-08-27,01:00,2025-08-27T01:00,16.2,0,0,0,0.6,5.8,146
Talas,2025-08-27,02:00,2025-08-27T02:00,15.3,0,0,0,0.3,4.3,225
Talas,2025-08-27,03:00,2025-08-27T03:00,14.4,0,0,0,0.3,3.6,225
Talas,2025-08-27,04:00,2025-08-27T04:00,13.8,0,0,0,0.4,3.6,153
Talas,2025-08-27,05:00,2025-08-27T05:00,13,0,0,0,0.2,3.2,180
Talas,2025-08-27,06:00,2025-08-27T06:00,12.5,0,0,0,0.6,2.5,198
Talas,2025-08-27,07:00,2025-08-27T07:00,13.7,0,0,0,1,2.5,239
Talas,2025-08-27,08:00,2025-08-27T08:00,15.5,0,0,0,2.6,11.5,335
Talas,2025-08-27,09:00,2025-08-27T09:00,17.6,0,0,0,4.5,17.6,344
Talas,2025-08-27,10:00,2025-08-27T10:00,19.7,0,0,0,6.6,22.3,339
Talas,2025-08-27,11:00,2025-08-27T11:00,21.6,0,0,0,8.2,26.3,331
Talas,2025-08-27,12:00,2025-08-27T12:00,23.3,0,0,0,9.2,28.4,325
Talas,2025-08-27,13:00,2025-08-27T13:00,24.8,0,0,0,11,31.3,319
Talas,2025-08-27,14:00,2025-08-27T14:00,26.1,0,0,0,12,32.8,311
Talas,2025-08-27,15:00,2025-08-27T15:00,26.9,0,0,0,12.9,33.8,306
Talas,2025-08-27,16:00,2025-08-27T16:00,26.3,0,0,0,11.4,30.2,301
Talas,2025-08-27,17:00,2025-08-27T17:00,26.1,0,0,0,11.5,30.6,300
Talas,2025-08-27,18:00,2025-08-27T18:00,25.4,0,0,0,10.3,29.2,303
Talas,2025-08-27,19:00,2025-08-27T19:00,23.7,0,0,0,7.7,25.2,291
Talas,2025-08-27,20:00,2025-08-27T20:00,21.6,0,0,0,5.2,17.6,290
Talas,2025-08-27,21:00,2025-08-27T21:00,20,0,0,0,4,13,265
Talas,2025-08-27,22:00,2025-08-27T22:00,19.5,0,0,0,6.9,13,237
Talas,2025-08-27,23:00,2025-08-27T23:00,17.9,0,0,0,3.1,12.6,234
Talas,2025-08-28,00:00,2025-08-28T00:00,17.3,0,0,0,0.8,6.5,207
Talas,2025-08-28,01:00,2025-08-28T01:00,16.4,0,0,0,1.5,3.6,187
Talas,2025-08-28,02:00,2025-08-28T02:00,15.7,0,0,0,1.7,3.6,193
Talas,2025-08-28,03:00,2025-08-28T03:00,15,0,0,0,0.9,3.2,180
Talas,2025-08-28,04:00,2025-08-28T04:00,14.2,0,0,0,1.1,4,180
Talas,2025-08-28,05:00,2025-08-28T05:00,13.5,0,0,0,1.7,2.9,193
Talas,2025-08-28,06:00,2025-08-28T06:00,13,0,0,0,1.3,3.2,214
Talas,2025-08-28,07:00,2025-08-28T07:00,13.8,0,0,0,1.4,2.5,220
Talas,2025-08-28,08:00,2025-08-28T08:00,15.5,0,0,0,2.3,10.8,293
Talas,2025-08-28,09:00,2025-08-28T09:00,17.5,0,0,0,3.8,16.2,335
Talas,2025-08-28,10:00,2025-08-28T10:00,19.7,0,0,0,4.7,19.8,342
Talas,2025-08-28,11:00,2025-08-28T11:00,21.9,0,0,0,6.1,23,337
Talas,2025-08-28,12:00,2025-08-28T12:00,23.9,0,0,0,7,24.8,331
Talas,2025-08-28,13:00,2025-08-28T13:00,25.7,0,0,0,8.5,27.4,331
Talas,2025-08-28,14:00,2025-08-28T14:00,27.1,0,0,0,10.1,29.5,329
Talas,2025-08-28,15:00,2025-08-28T15:00,28,0,0,0,10.6,30.2,320
Talas,2025-08-28,16:00,2025-08-28T16:00,27.6,0,0,0,12.7,32.4,305
Talas,2025-08-28,17:00,2025-08-28T17:00,27.7,0,0,0,12.3,32.8,295
Talas,2025-08-28,18:00,2025-08-28T18:00,27.1,0,0,0,10.8,30.2,308
Talas,2025-08-28,19:00,2025-08-28T19:00,25.3,0,0,0,7.5,25.9,287
Talas,2025-08-28,20:00,2025-08-28T20:00,23.6,0,0,0,5.6,17.6,274
Talas,2025-08-28,21:00,2025-08-28T21:00,22.4,0,0,0,5,13.3,272
Talas,2025-08-28,22:00,2025-08-28T22:00,21.4,0,0,0,5.3,11.5,225
Talas,2025-08-28,23:00,2025-08-28T23:00,20.6,0,0,0,5.2,11.9,205
Talas,2025-08-29,00:00,2025-08-29T00:00,19.7,0,0,0,1.6,9.4,186
Talas,2025-08-29,01:00,2025-08-29T01:00,19.3,0,0,0,0.9,4,180
Talas,2025-08-29,02:00,2025-08-29T02:00,18.6,0,0,0,1,3.2,202
Talas,2025-08-29,03:00,2025-08-29T03:00,17.8,0,0,0,1.1,3.2,198
Talas,2025-08-29,04:00,2025-08-29T04:00,17.2,0,0,0,1.1,4,198
Talas,2025-08-29,05:00,2025-08-29T05:00,16.4,0,0,0,1.9,3.2,221
Talas,2025-08-29,06:00,2025-08-29T06:00,15.9,0,0,0,1.8,3.6,233
Talas,2025-08-29,07:00,2025-08-29T07:00,16.7,0,0,0,2.6,4.3,236
Talas,2025-08-29,08:00,2025-08-29T08:00,18.3,0,0,0,2.7,10.8,278
Talas,2025-08-29,09:00,2025-08-29T09:00,20.3,0,0,0,3.1,14.8,332
Talas,2025-08-29,10:00,2025-08-29T10:00,22.7,0,0,0,4.6,19.1,347
Talas,2025-08-29,11:00,2025-08-29T11:00,25,0,0,0,6.7,23.8,344
Talas,2025-08-29,12:00,2025-08-29T12:00,26.9,0,0,0,8.4,27,340
Talas,2025-08-29,13:00,2025-08-29T13:00,28.8,0,0,0,9.7,29.2,335
Talas,2025-08-29,14:00,2025-08-29T14:00,30.1,0,0,0,10.7,30.6,329
Talas,2025-08-29,15:00,2025-08-29T15:00,31,0,0,0,11.6,31.3,318
Talas,2025-08-29,16:00,2025-08-29T16:00,30.5,0,0,0,13.1,32.8,312
Talas,2025-08-29,17:00,2025-08-29T17:00,30.1,0,0,0,11.9,33.1,299
Talas,2025-08-29,18:00,2025-08-29T18:00,29.5,0,0,0,11.4,28.8,281
Talas,2025-08-29,19:00,2025-08-29T19:00,27.8,0,0,0,10.3,25.2,264
Talas,2025-08-29,20:00,2025-08-29T20:00,26.2,0,0,0,6.5,21.2,238
Talas,2025-08-29,21:00,2025-08-29T21:00,24.7,0,0,0,4.2,13.3,205
Talas,2025-08-29,22:00,2025-08-29T22:00,24.1,0,0,0,3.7,7.9,227
Talas,2025-08-29,23:00,2025-08-29T23:00,23.2,0,0,0,4.2,7.9,216
Talas,2025-08-30,00:00,2025-08-30T00:00,22.5,0,0,0,3.3,6.8,189
Talas,2025-08-30,01:00,2025-08-30T01:00,22.3,0,0,0,0.7,5,194
Talas,2025-08-30,02:00,2025-08-30T02:00,21.9,0,0,0,0.5,2.9,180
Talas,2025-08-30,03:00,2025-08-30T03:00,21.3,0,0,0,1.1,2.9,189
Talas,2025-08-30,04:00,2025-08-30T04:00,20.5,0,0,0,1.8,3.2,204
Talas,2025-08-30,05:00,2025-08-30T05:00,19.9,0,0,0,1.8,2.9,191
Talas,2025-08-30,06:00,2025-08-30T06:00,19.4,0,0,0,2.3,3.2,198
Talas,2025-08-30,07:00,2025-08-30T07:00,20.5,0,0,0,1.8,3.2,204
Talas,2025-08-30,08:00,2025-08-30T08:00,22.7,0,0,0,1.5,9,339
Talas,2025-08-30,09:00,2025-08-30T09:00,24.6,0,0,0,3.1,15.1,353
Talas,2025-08-30,10:00,2025-08-30T10:00,26.7,0,0,0,6.1,20.9,330
Talas,2025-08-30,11:00,2025-08-30T11:00,28.2,0,0,0,8.5,25.9,325
Talas,2025-08-30,12:00,2025-08-30T12:00,29.4,0,0,0,9.1,27.7,322
Talas,2025-08-30,13:00,2025-08-30T13:00,30.4,0,0,0,8,27.4,322
Talas,2025-08-30,14:00,2025-08-30T14:00,31.1,0,0,0,5.1,25.9,342
Talas,2025-08-30,15:00,2025-08-30T15:00,32.1,0,0,0,6.9,24.1,9
Talas,2025-08-30,16:00,2025-08-30T16:00,31.8,0,0,0,4.9,19.1,327
Talas,2025-08-30,17:00,2025-08-30T17:00,31.3,0,0,0,6.2,19.8,303
Talas,2025-08-30,18:00,2025-08-30T18:00,31.1,0,0,0,8.7,19.8,292
Talas,2025-08-30,19:00,2025-08-30T19:00,29.5,0,0,0,15.8,34.6,311
Talas,2025-08-30,20:00,2025-08-30T20:00,27.5,0,0,0,11.5,33.8,262
Talas,2025-08-30,21:00,2025-08-30T21:00,27,0,0,0,5.8,23,244
Talas,2025-08-30,22:00,2025-08-30T22:00,25.7,0,0,0,4.8,13,222
Talas,2025-08-30,23:00,2025-08-30T23:00,25.6,0,0,0,6.8,11.5,202
Talas,2025-08-31,00:00,2025-08-31T00:00,23.8,0,0,0,4.4,11.5,192
Talas,2025-08-31,01:00,2025-08-31T01:00,22.8,0,0,0,5.4,8.3,194
Talas,2025-08-31,02:00,2025-08-31T02:00,22.2,0,0,0,5.5,10.1,197
Talas,2025-08-31,03:00,2025-08-31T03:00,21.5,0,0,0,5.2,9.7,202
Talas,2025-08-31,04:00,2025-08-31T04:00,21.6,0,0,0,6.9,14.4,219
Talas,2025-08-31,05:00,2025-08-31T05:00,20.7,0,0,0,5.6,13.3,211
Talas,2025-08-31,06:00,2025-08-31T06:00,20.2,0,0,0,5.3,10.4,204
Talas,2025-08-31,07:00,2025-08-31T07:00,21.8,0,0,0,5.3,10.4,208
Talas,2025-08-31,08:00,2025-08-31T08:00,24.2,0,0,0,5.5,13.7,253
Talas,2025-08-31,09:00,2025-08-31T09:00,26,0,0,0,5.6,17.6,274
Talas,2025-08-31,10:00,2025-08-31T10:00,27.9,0,0,0,7.6,23,284
Talas,2025-08-31,11:00,2025-08-31T11:00,29.9,0,0,0,8.9,26.3,295
Talas,2025-08-31,12:00,2025-08-31T12:00,31.5,0,0,0,10.8,30.6,298
Talas,2025-08-31,13:00,2025-08-31T13:00,32.5,0,0,0,10.8,31.3,300
Talas,2025-08-31,14:00,2025-08-31T14:00,33.1,0,0,0,11.6,32,302
Talas,2025-08-31,15:00,2025-08-31T15:00,33.4,0,0,0,12.3,33.1,307
Talas,2025-08-31,16:00,2025-08-31T16:00,33.4,0,0,0,12.4,33.1,291
Talas,2025-08-31,17:00,2025-08-31T17:00,33.2,0,0,0,12.7,31.3,295
Talas,2025-08-31,18:00,2025-08-31T18:00,32.3,0,0,0,11.7,30.2,313
Talas,2025-08-31,19:00,2025-08-31T19:00,29,0,0,0,5.8,26.6,309
Talas,2025-08-31,20:00,2025-08-31T20:00,28,0,0,0,1.8,14.4,276
Talas,2025-08-31,21:00,2025-08-31T21:00,26.3,0,0,0,5,10.1,229
Talas,2025-08-31,22:00,2025-08-31T22:00,26.4,0,0,0,10.3,18.7,220
Talas,2025-08-31,23:00,2025-08-31T23:00,25.5,0,0,0,9.5,20.5,217
Talas,2025-09-01,00:00,2025-09-01T00:00,24.3,0,0,0,7.5,18.4,210
Talas,2025-09-01,01:00,2025-09-01T01:00,23.6,0,0,0,7.5,14.4,207
Talas,2025-09-01,02:00,2025-09-01T02:00,22.1,0,0,0,5.7,14.8,204
Talas,2025-09-01,03:00,2025-09-01T03:00,21,0,0,0,5.2,11.2,202
Talas,2025-09-01,04:00,2025-09-01T04:00,20.9,0,0,0,7,14.4,193
Talas,2025-09-01,05:00,2025-09-01T05:00,20.4,0,0,0,5.9,14.4,191
Talas,2025-09-01,06:00,2025-09-01T06:00,19.3,0,0,0,4.7,13,196
Talas,2025-09-01,07:00,2025-09-01T07:00,20.6,0,0,0,4.2,9.4,205
Talas,2025-09-01,08:00,2025-09-01T08:00,23.9,0,0,0,4.6,11.2,216
Talas,2025-09-01,09:00,2025-09-01T09:00,26.5,0,0,0,3.2,13.7,270
Talas,2025-09-01,10:00,2025-09-01T10:00,28.6,0,0,0,4.9,19.1,309
Talas,2025-09-01,11:00,2025-09-01T11:00,30.4,0,0,0,6.1,22.7,320
Talas,2025-09-01,12:00,2025-09-01T12:00,31.8,0,0,0,6.2,24.1,327
Talas,2025-09-01,13:00,2025-09-01T13:00,32.8,0,0,0,7.8,26.3,323
Talas,2025-09-01,14:00,2025-09-01T14:00,33.5,0,0,0,9.7,29.2,321
Talas,2025-09-01,15:00,2025-09-01T15:00,33.9,0,0,0,10.4,29.9,316
Talas,2025-09-01,16:00,2025-09-01T16:00,33.6,0,0,0,9.3,29.2,310
Talas,2025-09-01,17:00,2025-09-01T17:00,33.2,0,0,0,7.9,26.6,305
Talas,2025-09-01,18:00,2025-09-01T18:00,32.4,0,0,0,6.8,22.3,307
Talas,2025-09-01,19:00,2025-09-01T19:00,29.5,0,0,0,2.4,17.3,216
Talas,2025-09-01,20:00,2025-09-01T20:00,27.3,0,0,0,4.2,6.5,192
Talas,2025-09-01,21:00,2025-09-01T21:00,27.1,0,0,0,7.8,14.4,193
Talas,2025-09-01,22:00,2025-09-01T22:00,26.4,0,0,0,8.9,15.8,199
Talas,2025-09-01,23:00,2025-09-01T23:00,25.5,0,0,0,9.5,17.6,207
Talas,2025-09-02,00:00,2025-09-02T00:00,24.7,0,0,0,8.5,17.6,212
Talas,2025-09-02,01:00,2025-09-02T01:00,24,0,0,0,8.8,17.3,219
Talas,2025-09-02,02:00,2025-09-02T02:00,22.6,0,0,0,6.2,17.3,210
Talas,2025-09-02,03:00,2025-09-02T03:00,21.7,0,0,0,3.5,11.9,208
Talas,2025-09-02,04:00,2025-09-02T04:00,20.4,0,0,0,4.2,10.4,205
Talas,2025-09-02,05:00,2025-09-02T05:00,20.2,0,0,0,2.1,7.9,211
Talas,2025-09-02,06:00,2025-09-02T06:00,18.8,0,0,0,4,8.3,238
Talas,2025-09-02,07:00,2025-09-02T07:00,19.6,0,0,0,2.4,8.3,216
Talas,2025-09-02,08:00,2025-09-02T08:00,21.8,0,0,0,2.6,9.7,258
Talas,2025-09-02,09:00,2025-09-02T09:00,23.8,0,0,0,3.1,14.4,329
Talas,2025-09-02,10:00,2025-09-02T10:00,26.1,0,0,0,4.1,18.4,347
Talas,2025-09-02,11:00,2025-09-02T11:00,28.5,0,0,0,5.8,22.3,351
Talas,2025-09-02,12:00,2025-09-02T12:00,30.5,0,0,0,8.1,26.6,356
Talas,2025-09-02,13:00,2025-09-02T13:00,32.1,0,0,0,9.2,29.2,353
Talas,2025-09-02,14:00,2025-09-02T14:00,32.9,0,0,0,9.4,29.2,336
Talas,2025-09-02,15:00,2025-09-02T15:00,33.1,0,0,0,10,29.5,326
Talas,2025-09-02,16:00,2025-09-02T16:00,32.7,0,0,0,11.9,31,321
Talas,2025-09-02,17:00,2025-09-02T17:00,32.2,0,0,0,12.9,31.3,310
Talas,2025-09-02,18:00,2025-09-02T18:00,31.2,0,0,0,13.2,31.7,310
Talas,2025-09-02,19:00,2025-09-02T19:00,29,0,0,0,6.7,29.9,301
Talas,2025-09-02,20:00,2025-09-02T20:00,26.6,0,0,0,5.1,16.9,293
Talas,2025-09-02,21:00,2025-09-02T21:00,25.5,0,0,0,4.2,13.3,260
Talas,2025-09-02,22:00,2025-09-02T22:00,24.5,0,0,0,3.8,13.3,278
Talas,2025-09-02,23:00,2025-09-02T23:00,23.8,0,0,0,2.3,9.7,67
Talas,2025-09-03,00:00,2025-09-03T00:00,21.9,0,0,0,4.2,11.5,102
Talas,2025-09-03,01:00,2025-09-03T01:00,21.2,0,0,0,1.9,11.2,151
Talas,2025-09-03,02:00,2025-09-03T02:00,20.8,0,0,0,0.3,7.6,225
Talas,2025-09-03,03:00,2025-09-03T03:00,20,0,0,0,0.9,4.3,270
Talas,2025-09-03,04:00,2025-09-03T04:00,19.4,0,0,0,0.6,4.7,34
Talas,2025-09-03,05:00,2025-09-03T05:00,18.5,0,0,0,1.1,4.3,180
Talas,2025-09-03,06:00,2025-09-03T06:00,17.8,0,0,0,1.4,4,203
Talas,2025-09-03,07:00,2025-09-03T07:00,18.2,0,0,0,2.4,5,228
Talas,2025-09-03,08:00,2025-09-03T08:00,20,0,0,0,3.4,11.9,264
Talas,2025-09-03,09:00,2025-09-03T09:00,21.7,0,0,0,3.2,15.5,313
Talas,2025-09-03,10:00,2025-09-03T10:00,23.4,0,0,0,6.5,22,316
Talas,2025-09-03,11:00,2025-09-03T11:00,25.1,0,0,0,9,27,300
Talas,2025-09-03,12:00,2025-09-03T12:00,26.7,0,0,0,12.6,33.8,304
Talas,2025-09-03,13:00,2025-09-03T13:00,27.9,0,0,0,13.4,35.6,309
Talas,2025-09-03,14:00,2025-09-03T14:00,28.8,0,0,0,15,38.5,313
Talas,2025-09-03,15:00,2025-09-03T15:00,29.2,0,0,0,16.2,40.3,319
Talas,2025-09-03,16:00,2025-09-03T16:00,28.5,0,0,0,17.8,42.5,320
Talas,2025-09-03,17:00,2025-09-03T17:00,27.7,0,0,0,17.6,42.5,323
Talas,2025-09-03,18:00,2025-09-03T18:00,26.5,0,0,0,15.9,41,333
Talas,2025-09-03,19:00,2025-09-03T19:00,24.7,0,0,0,11.9,36,338
Talas,2025-09-03,20:00,2025-09-03T20:00,22.9,0,0,0,6.8,27.4,335
Talas,2025-09-03,21:00,2025-09-03T21:00,21.7,0,0,0,1.3,17.3,16
Talas,2025-09-03,22:00,2025-09-03T22:00,21.1,0,0,0,10,22.3,34
Talas,2025-09-03,23:00,2025-09-03T23:00,19.2,0,0,0,6.4,28.1,80
Talas,2025-09-04,00:00,2025-09-04T00:00,17.7,0,0,0,2.3,16.2,141
Talas,2025-09-04,01:00,2025-09-04T01:00,17.1,0,0,0,0.9,8.3,217
Talas,2025-09-04,02:00,2025-09-04T02:00,16.2,0,0,0,2.4,6.1,216
Talas,2025-09-04,03:00,2025-09-04T03:00,15.8,0,0,0,2.2,6.1,189
Talas,2025-09-04,04:00,2025-09-04T04:00,15.2,0,0,0,0.7,6.1,194
Talas,2025-09-04,05:00,2025-09-04T05:00,14.7,0,0,0,0.3,4,135
Talas,2025-09-04,06:00,2025-09-04T06:00,13.6,0,0,0,2.2,5.4,166
Talas,2025-09-04,07:00,2025-09-04T07:00,14.8,0,0,0,3.6,6.8,177
Talas,2025-09-04,08:00,2025-09-04T08:00,16.5,0,0,0,1.9,11.5,107
Talas,2025-09-04,09:00,2025-09-04T09:00,18.4,0,0,0,3.6,16.9,27
Talas,2025-09-04,10:00,2025-09-04T10:00,20.1,0,0,0,6,22.7,21
Talas,2025-09-04,11:00,2025-09-04T11:00,22.4,0,0,0,6.9,25.6,37
Talas,2025-09-04,12:00,2025-09-04T12:00,24.5,0,0,0,7.7,27,33
Talas,2025-09-04,13:00,2025-09-04T13:00,25.6,0,0,0,9.9,30.6,37
Talas,2025-09-04,14:00,2025-09-04T14:00,26,0,0,0,10.7,32,57
Talas,2025-09-04,15:00,2025-09-04T15:00,26.4,0,0,0,10.3,31.7,71
Talas,2025-09-04,16:00,2025-09-04T16:00,26.1,0,0,0,6.8,26.3,37
Talas,2025-09-04,17:00,2025-09-04T17:00,26,0,0,0,6.4,23.8,10
Talas,2025-09-04,18:00,2025-09-04T18:00,25.8,0,0,0,5,21.2,347
Talas,2025-09-04,19:00,2025-09-04T19:00,24.2,0,0,0,7.4,17.6,319
Talas,2025-09-04,20:00,2025-09-04T20:00,22.6,0,0,0,8.2,22,302
Talas,2025-09-04,21:00,2025-09-04T21:00,21.2,0,0,0,4.6,18.7,283
Talas,2025-09-04,22:00,2025-09-04T22:00,20.1,0,0,0,1.6,12.2,360
Talas,2025-09-04,23:00,2025-09-04T23:00,19,0,0,0,2.9,9,94
Talas,2025-09-05,00:00,2025-09-05T00:00,18.2,0,0,0,2.3,9.4,108
Talas,2025-09-05,01:00,2025-09-05T01:00,17.3,0,0,0,1.9,7.6,151
Talas,2025-09-05,02:00,2025-09-05T02:00,16.8,0,0,0,0.8,5.8,135
Talas,2025-09-05,03:00,2025-09-05T03:00,16.1,0,0,0,0.8,4,153
Talas,2025-09-05,04:00,2025-09-05T04:00,15.9,0,0,0,0.6,4,146
Talas,2025-09-05,05:00,2025-09-05T05:00,15.4,0,0,0,0.4,2.9,180
Talas,2025-09-05,06:00,2025-09-05T06:00,15.2,0,0,0,0.2,2.2,180
Talas,2025-09-05,07:00,2025-09-05T07:00,16.2,0,0,0,0.8,1.8,225
Talas,2025-09-05,08:00,2025-09-05T08:00,18.2,0,0,0,3.4,11.9,328
Talas,2025-09-05,09:00,2025-09-05T09:00,20.3,0,0,0,4.3,17.3,2
Talas,2025-09-05,10:00,2025-09-05T10:00,22.6,0,0,0,5.4,21.2,6
Talas,2025-09-05,11:00,2025-09-05T11:00,24.9,0,0,0,7.4,25.2,359
Talas,2025-09-05,12:00,2025-09-05T12:00,26.8,0,0,0,8,27.4,354
Talas,2025-09-05,13:00,2025-09-05T13:00,28.3,0,0,0,9.8,30.2,353
Talas,2025-09-05,14:00,2025-09-05T14:00,29.3,0,0,0,13,35.3,342
Talas,2025-09-05,15:00,2025-09-05T15:00,29.3,0,0,0,15.1,38.2,332
Talas,2025-09-05,16:00,2025-09-05T16:00,28.8,0,0,0,16.8,41,321
Talas,2025-09-05,17:00,2025-09-05T17:00,29,0,0,0,11.2,38.9,325
Talas,2025-09-05,18:00,2025-09-05T18:00,27.9,0,0,0,11.3,28.1,317
Talas,2025-09-05,19:00,2025-09-05T19:00,25.8,0,0,0,6.8,25.6,267
Talas,2025-09-05,20:00,2025-09-05T20:00,24.8,0,0,0,7.1,14.4,201
Talas,2025-09-05,21:00,2025-09-05T21:00,23,0,0,0,2.9,11.9,184
Talas,2025-09-05,22:00,2025-09-05T22:00,22.2,0,0,0,2.8,5.4,191
Talas,2025-09-05,23:00,2025-09-05T23:00,21.7,0,0,0,3.2,7.9,183
Talas,2025-09-06,00:00,2025-09-06T00:00,20.6,0,0,0,2.9,7.9,176
Talas,2025-09-06,01:00,2025-09-06T01:00,19.6,0,0,0,2.2,7.6,166
Talas,2025-09-06,02:00,2025-09-06T02:00,19,0,0,0,2,6.1,170
Talas,2025-09-06,03:00,2025-09-06T03:00,18.4,0,0,0,2,5.4,170
Talas,2025-09-06,04:00,2025-09-06T04:00,17.9,0,0,0,2.3,5.8,157
Talas,2025-09-06,05:00,2025-09-06T05:00,17.2,0,0,0,2.8,7.2,162
Talas,2025-09-06,06:00,2025-09-06T06:00,16.7,0,0,0,3.5,7.9,168
Talas,2025-09-06,07:00,2025-09-06T07:00,17.9,0,0,0,2.9,7.9,184
Talas,2025-09-06,08:00,2025-09-06T08:00,21.8,0,0,0,1.7,8.3,257
Talas,2025-09-06,09:00,2025-09-06T09:00,24.3,0,0,0,2.9,14,356
Talas,2025-09-06,10:00,2025-09-06T10:00,26.5,0,0,0,5.2,20.5,6
Talas,2025-09-06,11:00,2025-09-06T11:00,28.6,0,0,0,7.8,25.9,7
Talas,2025-09-06,12:00,2025-09-06T12:00,30,0,0,0,9.4,29.2,2
Talas,2025-09-06,13:00,2025-09-06T13:00,30.8,0,0,0,9.2,30.2,3
Talas,2025-09-06,14:00,2025-09-06T14:00,31.5,0,0,0,5.3,29.2,342
Talas,2025-09-06,15:00,2025-09-06T15:00,31.6,0,0,0,3.6,22.7,270
Talas,2025-09-06,16:00,2025-09-06T16:00,30.9,0,0,0,9.6,21.6,192
Talas,2025-09-06,17:00,2025-09-06T17:00,29.7,0,0,0,11,27,174
Talas,2025-09-06,18:00,2025-09-06T18:00,27.8,0,0,0,14,27.7,179
Talas,2025-09-06,19:00,2025-09-06T19:00,26.2,0,0,0,8.8,27.7,154
Talas,2025-09-06,20:00,2025-09-06T20:00,24.8,0,0,0,9.5,18.4,171
Talas,2025-09-06,21:00,2025-09-06T21:00,23.2,0,0,0,6,18.4,159
Talas,2025-09-06,22:00,2025-09-06T22:00,21.7,0,0,0,6.1,13,161
Talas,2025-09-06,23:00,2025-09-06T23:00,20.6,0,0,0,6,14,171
Talas,2025-09-07,00:00,2025-09-07T00:00,19.8,0,0,0,2.9,13,191
Talas,2025-09-07,01:00,2025-09-07T01:00,19.2,0,0,0,4.4,10.4,189
Talas,2025-09-07,02:00,2025-09-07T02:00,18.3,0,0,0,1.1,9.7,162
Talas,2025-09-07,03:00,2025-09-07T03:00,17.9,0,0,0,0.5,4.7,180
Talas,2025-09-07,04:00,2025-09-07T04:00,17.1,0,0,0,1.8,5,217
Talas,2025-09-07,05:00,2025-09-07T05:00,16.7,0,0,0,1.4,4.7,270
Talas,2025-09-07,06:00,2025-09-07T06:00,16,0,0,0,1.3,4.3,278
Talas,2025-09-07,07:00,2025-09-07T07:00,16.5,0,0,0,1.1,3.6,270
Talas,2025-09-07,08:00,2025-09-07T08:00,18.2,0,0,0,4.4,13.3,325
Talas,2025-09-07,09:00,2025-09-07T09:00,19.6,0,0,0,6.9,21.2,327
Talas,2025-09-07,10:00,2025-09-07T10:00,21.2,0,0,0,9.8,26.6,322
Talas,2025-09-07,11:00,2025-09-07T11:00,22.6,0,0,0,11.8,31,310
Talas,2025-09-07,12:00,2025-09-07T12:00,24,0,0,0,12.7,33.5,310
Talas,2025-09-07,13:00,2025-09-07T13:00,25.1,0,0,0,11.5,33.8,302
Talas,2025-09-07,14:00,2025-09-07T14:00,26.2,0,0,0,11.4,31.7,307
Talas,2025-09-07,15:00,2025-09-07T15:00,26.6,0,0,0,12.1,32,312
Talas,2025-09-07,16:00,2025-09-07T16:00,26.1,0,0,0,12,31,311
Talas,2025-09-07,17:00,2025-09-07T17:00,25.6,0,0,0,14.5,34.6,312
Talas,2025-09-07,18:00,2025-09-07T18:00,24.5,0,0,0,13.9,34.6,319
Talas,2025-09-07,19:00,2025-09-07T19:00,23.4,0,0,0,8.6,32,334
Talas,2025-09-07,20:00,2025-09-07T20:00,22.2,0,0,0,6.8,21.2,360
Talas,2025-09-07,21:00,2025-09-07T21:00,20.7,0.1,0.1,0,2.5,18,356
Talas,2025-09-07,22:00,2025-09-07T22:00,20.2,0.2,0.2,0,0.4,8.6,117
Talas,2025-09-07,23:00,2025-09-07T23:00,19.1,0,0,0,4.1,10.8,75
Talas,2025-09-08,00:00,2025-09-08T00:00,18,0,0,0,3.7,11.5,119
Talas,2025-09-08,01:00,2025-09-08T01:00,17.1,0,0,0,2.6,9.4,146
Talas,2025-09-08,02:00,2025-09-08T02:00,16.5,0,0,0,2.3,7.2,135
Talas,2025-09-08,03:00,2025-09-08T03:00,16,0,0,0,1.3,6.5,146
Talas,2025-09-08,04:00,2025-09-08T04:00,16,0,0,0,0.9,3.6,37
Talas,2025-09-08,05:00,2025-09-08T05:00,15.2,0,0,0,0.5,4.3,270
Talas,2025-09-08,06:00,2025-09-08T06:00,14.8,0,0,0,0.6,2.5,236
Talas,2025-09-08,07:00,2025-09-08T07:00,15.3,1.5,1.5,0,1.8,4.3,264
Talas,2025-09-08,08:00,2025-09-08T08:00,15.9,2.4,2.4,0,4.4,12.6,261
Talas,2025-09-08,09:00,2025-09-08T09:00,17.1,2.1,2.1,0,8.1,19.1,266
Talas,2025-09-08,10:00,2025-09-08T10:00,18.4,0,0,0,2.8,20.5,342
Talas,2025-09-08,11:00,2025-09-08T11:00,18.5,1.3,1.3,0,2.1,24.1,250
Talas,2025-09-08,12:00,2025-09-08T12:00,20.7,0.1,0.1,0,8.2,22.7,319
Talas,2025-09-08,13:00,2025-09-08T13:00,21.9,0,0,0,1.6,27.7,6
Talas,2025-09-08,14:00,2025-09-08T14:00,23.3,0,0,0,8.2,25.2,351
Talas,2025-09-08,15:00,2025-09-08T15:00,21.4,0,0,0,10.7,31.7,295
Talas,2025-09-08,16:00,2025-09-08T16:00,22.7,0,0,0,9.3,25.2,320
Talas,2025-09-08,17:00,2025-09-08T17:00,21.6,0,0,0,8.2,27,296
Talas,2025-09-08,18:00,2025-09-08T18:00,21.3,0,0,0,6.3,21.2,305
Talas,2025-09-08,19:00,2025-09-08T19:00,19.2,0,0,0,4.7,17.6,298
Talas,2025-09-08,20:00,2025-09-08T20:00,18.3,0,0,0,4.8,11.2,248
Talas,2025-09-08,21:00,2025-09-08T21:00,17.7,0,0,0,5.1,11.5,231
Talas,2025-09-08,22:00,2025-09-08T22:00,17.1,0,0,0,5.4,11.2,240
Talas,2025-09-08,23:00,2025-09-08T23:00,16.3,0,0,0,5.7,11.5,242
Talas,2025-09-09,00:00,2025-09-09T00:00,15.4,0,0,0,5.5,11.5,229
Talas,2025-09-09,01:00,2025-09-09T01:00,14.7,0,0,0,5.4,10.4,220
Talas,2025-09-09,02:00,2025-09-09T02:00,14.2,0,0,0,5.1,10.1,212
Talas,2025-09-09,03:00,2025-09-09T03:00,13.6,0,0,0,4.8,9.4,217
Talas,2025-09-09,04:00,2025-09-09T04:00,12.6,0,0,0,4.7,9.7,220
Talas,2025-09-09,05:00,2025-09-09T05:00,12.4,0,0,0,3.6,9,200
Talas,2025-09-09,06:00,2025-09-09T06:00,12.5,0,0,0,1.8,6.8,191
Talas,2025-09-09,07:00,2025-09-09T07:00,13.4,0,0,0,1.8,4.7,217
Talas,2025-09-09,08:00,2025-09-09T08:00,15.4,0,0,0,3.2,11.5,289
Talas,2025-09-09,09:00,2025-09-09T09:00,17.2,0,0,0,5,18,325
Talas,2025-09-09,10:00,2025-09-09T10:00,18.8,0,0,0,7.4,23.4,334
Talas,2025-09-09,11:00,2025-09-09T11:00,20.4,0,0,0,9.1,27.4,330
Talas,2025-09-09,12:00,2025-09-09T12:00,21.4,0,0,0,11.1,30.6,320
Talas,2025-09-09,13:00,2025-09-09T13:00,22.4,0,0,0,12,32,303
Talas,2025-09-09,14:00,2025-09-09T14:00,23.3,0,0,0,12.1,32,298
Talas,2025-09-09,15:00,2025-09-09T15:00,24,0,0,0,12.5,32.4,302
Talas,2025-09-09,16:00,2025-09-09T16:00,23,0,0,0,11.8,31.3,303
Talas,2025-09-09,17:00,2025-09-09T17:00,22.8,0,0,0,13,30.6,304
Talas,2025-09-09,18:00,2025-09-09T18:00,22,0,0,0,12.4,30.6,312
Talas,2025-09-09,19:00,2025-09-09T19:00,20.2,0,0,0,6.5,27.4,337
Talas,2025-09-09,20:00,2025-09-09T20:00,17.9,0,0,0,5.2,16.6,356
Talas,2025-09-09,21:00,2025-09-09T21:00,17.6,0,0,0,1.3,13.7,352
Talas,2025-09-09,22:00,2025-09-09T22:00,16.4,0,0,0,2.7,6.5,217
Talas,2025-09-09,23:00,2025-09-09T23:00,15.5,0,0,0,5.5,9,216
Talas,2025-09-10,00:00,2025-09-10T00:00,14.7,0,0,0,5.2,9,194
Talas,2025-09-10,01:00,2025-09-10T01:00,14,0,0,0,4.9,9,184
Talas,2025-09-10,02:00,2025-09-10T02:00,14,0,0,0,2.9,7.9,180
Talas,2025-09-10,03:00,2025-09-10T03:00,13.8,0,0,0,1.8,4.7,174
Talas,2025-09-10,04:00,2025-09-10T04:00,12.7,0,0,0,4.2,6.5,187
Talas,2025-09-10,05:00,2025-09-10T05:00,12.5,0,0,0,3.4,6.8,186
Talas,2025-09-10,06:00,2025-09-10T06:00,12.5,0,0,0,2.3,5,176
Talas,2025-09-10,07:00,2025-09-10T07:00,13.4,0,0,0,1.9,4.3,197
Talas,2025-09-10,08:00,2025-09-10T08:00,16,0,0,0,3.8,10.8,239
Talas,2025-09-10,09:00,2025-09-10T09:00,18,0,0,0,3.4,14.8,270
Talas,2025-09-10,10:00,2025-09-10T10:00,19.8,0,0,0,3.3,17.6,306
Talas,2025-09-10,11:00,2025-09-10T11:00,21.4,0,0,0,4.6,20.5,324
Talas,2025-09-10,12:00,2025-09-10T12:00,22.6,0,0,0,7.8,25.6,314
Talas,2025-09-10,13:00,2025-09-10T13:00,23.7,0,0,0,10.5,30.2,308
Talas,2025-09-10,14:00,2025-09-10T14:00,24.4,0,0,0,12.1,32.8,313
Talas,2025-09-10,15:00,2025-09-10T15:00,24.6,0,0,0,13.4,34.2,314
Talas,2025-09-10,16:00,2025-09-10T16:00,24.2,0,0,0,9.7,31.3,329
Talas,2025-09-10,17:00,2025-09-10T17:00,23.8,0,0,0,10.3,27.4,338
Talas,2025-09-10,18:00,2025-09-10T18:00,23,0,0,0,6.4,26.6,315
Talas,2025-09-10,19:00,2025-09-10T19:00,20,0,0,0,3.2,14.8,199
Talas,2025-09-10,20:00,2025-09-10T20:00,19.4,0,0,0,5.8,13.7,296
Talas,2025-09-10,21:00,2025-09-10T21:00,17.9,0,0,0,4.2,15.5,258
Talas,2025-09-10,22:00,2025-09-10T22:00,17.5,0,0,0,9.1,15.8,210
Talas,2025-09-10,23:00,2025-09-10T23:00,16.9,0,0,0,8.1,17.3,204
Talas,2025-09-11,00:00,2025-09-11T00:00,16.3,0,0,0,7,14.8,212
Talas,2025-09-11,01:00,2025-09-11T01:00,15.3,0,0,0,6,14,221
Talas,2025-09-11,02:00,2025-09-11T02:00,14.9,0,0,0,7.2,14.4,231
Talas,2025-09-11,03:00,2025-09-11T03:00,14.6,0,0,0,9.3,18.4,229
Talas,2025-09-11,04:00,2025-09-11T04:00,14.1,0,0,0,10.3,22,227
Talas,2025-09-11,05:00,2025-09-11T05:00,13.8,0,0,0,8.8,20.2,235
Talas,2025-09-11,06:00,2025-09-11T06:00,13.1,0,0,0,8.1,18.4,246
Talas,2025-09-11,07:00,2025-09-11T07:00,13.5,0,0,0,8.6,17.6,248
Talas,2025-09-11,08:00,2025-09-11T08:00,15.8,0,0,0,9.2,20.9,276
Talas,2025-09-11,09:00,2025-09-11T09:00,17.4,0,0,0,12.5,29.2,285
Talas,2025-09-11,10:00,2025-09-11T10:00,18.9,0,0,0,12.8,31.7,290
Talas,2025-09-11,11:00,2025-09-11T11:00,20.3,0,0,0,13.9,34.6,295
Talas,2025-09-11,12:00,2025-09-11T12:00,21.6,0,0,0,14.5,36.7,297
Talas,2025-09-11,13:00,2025-09-11T13:00,22.7,0,0,0,16.3,40.3,301
Talas,2025-09-11,14:00,2025-09-11T14:00,23.4,0,0,0,14.9,40.3,305
Talas,2025-09-11,15:00,2025-09-11T15:00,24,0,0,0,15.5,38.2,313
Talas,2025-09-11,16:00,2025-09-11T16:00,23.5,0,0,0,17.7,41.4,322
Talas,2025-09-11,17:00,2025-09-11T17:00,23.1,0,0,0,17,41.4,330
Talas,2025-09-11,18:00,2025-09-11T18:00,22,0,0,0,15.2,38.9,341
Talas,2025-09-11,19:00,2025-09-11T19:00,20.2,0,0,0,9.4,33.8,349
Talas,2025-09-11,20:00,2025-09-11T20:00,18,0,0,0,3.9,22.3,332
Talas,2025-09-11,21:00,2025-09-11T21:00,17.2,0,0,0,1.9,11.2,209
Talas,2025-09-11,22:00,2025-09-11T22:00,16.5,0,0,0,3.2,6.5,199
Talas,2025-09-11,23:00,2025-09-11T23:00,16.1,0,0,0,2,6.1,180
Talas,2025-09-12,00:00,2025-09-12T00:00,15.5,0,0,0,1.7,5,148
Talas,2025-09-12,01:00,2025-09-12T01:00,14.6,0,0,0,2.5,5.8,150
Talas,2025-09-12,02:00,2025-09-12T02:00,14.1,0,0,0,2.7,5.8,157
Talas,2025-09-12,03:00,2025-09-12T03:00,13.7,0,0,0,1.6,5.4,153
Talas,2025-09-12,04:00,2025-09-12T04:00,13.5,0,0,0,2.7,6.5,200
Talas,2025-09-12,05:00,2025-09-12T05:00,13.3,0,0,0,2.1,5.4,195
Talas,2025-09-12,06:00,2025-09-12T06:00,12.9,0,0,0,2,5,190
Talas,2025-09-12,07:00,2025-09-12T07:00,13.5,0,0,0,2.2,4.7,171
Talas,2025-09-12,08:00,2025-09-12T08:00,16.3,0,0,0,2.8,9.4,195
Talas,2025-09-12,09:00,2025-09-12T09:00,18.6,0,0,0,1.3,12.6,262
Talas,2025-09-12,10:00,2025-09-12T10:00,20.5,0,0,0,2.2,16.2,325
Talas,2025-09-12,11:00,2025-09-12T11:00,22.3,0,0,0,4.3,19.8,332
Talas,2025-09-12,12:00,2025-09-12T12:00,23.8,0,0,0,6.8,24.8,328
Talas,2025-09-12,13:00,2025-09-12T13:00,25,0,0,0,8.8,27.7,317
Talas,2025-09-12,14:00,2025-09-12T14:00,25.8,0,0,0,11,30.6,310
Talas,2025-09-12,15:00,2025-09-12T15:00,26.1,0,0,0,12.2,32.4,307
Talas,2025-09-12,16:00,2025-09-12T16:00,26,0,0,0,11.6,31.7,311
Talas,2025-09-12,17:00,2025-09-12T17:00,25.4,0,0,0,11.2,30.6,308
Talas,2025-09-12,18:00,2025-09-12T18:00,24.4,0,0,0,9.9,27.7,302
Talas,2025-09-12,19:00,2025-09-12T19:00,21.6,0,0,0,5.2,22.7,272
Talas,2025-09-12,20:00,2025-09-12T20:00,20.6,0,0,0,4.9,12.2,253
Talas,2025-09-12,21:00,2025-09-12T21:00,19.6,0,0,0,3.3,10.8,216
Talas,2025-09-12,22:00,2025-09-12T22:00,18.8,0,0,0,5.2,8.6,184
Talas,2025-09-12,23:00,2025-09-12T23:00,17.7,0,0,0,4.2,9,162
Talas,2025-09-13,00:00,2025-09-13T00:00,17,0,0,0,3.5,7.9,152
Talas,2025-09-13,01:00,2025-09-13T01:00,16.4,0,0,0,3.4,7.6,148
Talas,2025-09-13,02:00,2025-09-13T02:00,16,0,0,0,1.7,7.2,148
Talas,2025-09-13,03:00,2025-09-13T03:00,15.4,0,0,0,1.5,4.7,144
Talas,2025-09-13,04:00,2025-09-13T04:00,14.6,0,0,0,1.9,5,151
Talas,2025-09-13,05:00,2025-09-13T05:00,14,0,0,0,2.3,5.8,148
Talas,2025-09-13,06:00,2025-09-13T06:00,13.6,0,0,0,3,7.2,155
Talas,2025-09-13,07:00,2025-09-13T07:00,14.5,0,0,0,1.9,6.8,146
Talas,2025-09-13,08:00,2025-09-13T08:00,17.7,0,0,0,1.2,7.9,153
Talas,2025-09-13,09:00,2025-09-13T09:00,20.2,0,0,0,2,13.3,355
Talas,2025-09-13,10:00,2025-09-13T10:00,22.1,0,0,0,3.4,18,360
Talas,2025-09-13,11:00,2025-09-13T11:00,23.7,0,0,0,4.3,20.5,345
Talas,2025-09-13,12:00,2025-09-13T12:00,25.1,0,0,0,6.6,24.1,319
Talas,2025-09-13,13:00,2025-09-13T13:00,26.1,0,0,0,10.8,30.6,308
Talas,2025-09-13,14:00,2025-09-13T14:00,26.6,0,0,0,13.2,34.9,310
Talas,2025-09-13,15:00,2025-09-13T15:00,26.8,0,0,0,14,36.4,311
Talas,2025-09-13,16:00,2025-09-13T16:00,26.3,0,0,0,14.1,35.6,322
Talas,2025-09-13,17:00,2025-09-13T17:00,25.4,0,0,0,14.6,36,322
Talas,2025-09-13,18:00,2025-09-13T18:00,23.7,0,0,0,14.4,34.9,328
Talas,2025-09-13,19:00,2025-09-13T19:00,21.8,0,0,0,9,32,317
Talas,2025-09-13,20:00,2025-09-13T20:00,20.3,0,0,0,5.3,20.9,288
Talas,2025-09-13,21:00,2025-09-13T21:00,19.3,0,0,0,1.7,13,302
Talas,2025-09-13,22:00,2025-09-13T22:00,18.6,0,0,0,0.8,6.8,27
Talas,2025-09-13,23:00,2025-09-13T23:00,17.3,0,0,0,2.1,6.8,75
Talas,2025-09-14,00:00,2025-09-14T00:00,15.9,0,0,0,2.9,8.6,79
Talas,2025-09-14,01:00,2025-09-14T01:00,14.9,0,0,0,2.5,8.6,150
Talas,2025-09-14,02:00,2025-09-14T02:00,14.4,0,0,0,1.1,6.5,171
Talas,2025-09-14,03:00,2025-09-14T03:00,13.9,0,0,0,0.5,4.7,135
Talas,2025-09-14,04:00,2025-09-14T04:00,13,0,0,0,0.9,4,143
Talas,2025-09-14,05:00,2025-09-14T05:00,12.5,0,0,0,1.1,4.3,162
Talas,2025-09-14,06:00,2025-09-14T06:00,12.1,0,0,0,0.6,4,146
Talas,2025-09-14,07:00,2025-09-14T07:00,12.4,0,0,0,0.6,3.2,146
Talas,2025-09-14,08:00,2025-09-14T08:00,14.9,0,0,0,1.7,8.3,311
Talas,2025-09-14,09:00,2025-09-14T09:00,17.1,0,0,0,3.8,15.8,341
Talas,2025-09-14,10:00,2025-09-14T10:00,19.3,0,0,0,4.5,19.1,346
Talas,2025-09-14,11:00,2025-09-14T11:00,21.3,0,0,0,6.3,23,342
Talas,2025-09-14,12:00,2025-09-14T12:00,23,0,0,0,6.8,24.5,335
Talas,2025-09-14,13:00,2025-09-14T13:00,24.5,0,0,0,8,26.3,332
Talas,2025-09-14,14:00,2025-09-14T14:00,25.7,0,0,0,8.6,27,323
Talas,2025-09-14,15:00,2025-09-14T15:00,26.3,0,0,0,9.7,28.1,315
Talas,2025-09-14,16:00,2025-09-14T16:00,26.1,0,0,0,9.8,27.4,316
Talas,2025-09-14,17:00,2025-09-14T17:00,25.5,0,0,0,10.4,27.4,302
Talas,2025-09-14,18:00,2025-09-14T18:00,24.5,0,0,0,8,25.9,288
Talas,2025-09-14,19:00,2025-09-14T19:00,21.4,0,0,0,4.7,17.6,247
Talas,2025-09-14,20:00,2025-09-14T20:00,20.3,0,0,0,3.6,9.7,233
Talas,2025-09-14,21:00,2025-09-14T21:00,19.7,0,0,0,3.2,7.2,218
Talas,2025-09-14,22:00,2025-09-14T22:00,18.8,0,0,0,3.2,5.8,196
Talas,2025-09-14,23:00,2025-09-14T23:00,18.4,0,0,0,1.5,4.7,166
Talas,2025-09-15,00:00,2025-09-15T00:00,17.6,0,0,0,1.2,3.6,129
Talas,2025-09-15,01:00,2025-09-15T01:00,16.5,0,0,0,0.9,3.6,127
Talas,2025-09-15,02:00,2025-09-15T02:00,15.6,0,0,0,0.7,2.9,166
Talas,2025-09-15,03:00,2025-09-15T03:00,15.1,0,0,0,0.2,2.5,180
Talas,2025-09-15,04:00,2025-09-15T04:00,14.2,0,0,0,0.6,3.2,162
Talas,2025-09-15,05:00,2025-09-15T05:00,13.6,0,0,0,0.7,2.9,166
Talas,2025-09-15,06:00,2025-09-15T06:00,13.6,0,0,0,0.4,3.2,180
Talas,2025-09-15,07:00,2025-09-15T07:00,14.2,0,0,0,0.4,2.2,180
Talas,2025-09-15,08:00,2025-09-15T08:00,17.2,0,0,0,0.4,4,297
Talas,2025-09-15,09:00,2025-09-15T09:00,19.8,0,0,0,3.3,13.7,347
Talas,2025-09-15,10:00,2025-09-15T10:00,22,0,0,0,4.9,19.1,350
Talas,2025-09-15,11:00,2025-09-15T11:00,24.1,0,0,0,7.2,23.8,347
Talas,2025-09-15,12:00,2025-09-15T12:00,25.7,0,0,0,9.3,27.7,336
Talas,2025-09-15,13:00,2025-09-15T13:00,26.9,0,0,0,10.4,30.2,328
Talas,2025-09-15,14:00,2025-09-15T14:00,27.5,0,0,0,11,30.6,319
Talas,2025-09-15,15:00,2025-09-15T15:00,27.7,0,0,0,11.5,30.6,309
Talas,2025-09-15,16:00,2025-09-15T16:00,27.5,0,0,0,11.8,29.5,295
Talas,2025-09-15,17:00,2025-09-15T17:00,27,0,0,0,12.2,29.5,296
Talas,2025-09-15,18:00,2025-09-15T18:00,25.6,0,0,0,10.1,29.2,301
Talas,2025-09-15,19:00,2025-09-15T19:00,22.1,0,0,0,4.6,21.6,234
Talas,2025-09-15,20:00,2025-09-15T20:00,21.2,0,0,0,5,9.4,218
Talas,2025-09-15,21:00,2025-09-15T21:00,20.6,0,0,0,6.4,10.8,209
Talas,2025-09-15,22:00,2025-09-15T22:00,20.1,0,0,0,6.2,12.2,195
Talas,2025-09-15,23:00,2025-09-15T23:00,18.7,0,0,0,5,11.9,182
Talas,2025-09-16,00:00,2025-09-16T00:00,18.3,0,0,0,3.1,9.4,170
Talas,2025-09-16,01:00,2025-09-16T01:00,18,0,0,0,2.3,5.4,162
Talas,2025-09-16,02:00,2025-09-16T02:00,17.2,0,0,0,1.9,4.7,139
Talas,2025-09-16,03:00,2025-09-16T03:00,16.2,0,0,0,3.4,7.2,148
Talas,2025-09-16,04:00,2025-09-16T04:00,16.1,0,0,0,3,6.1,155
Talas,2025-09-16,05:00,2025-09-16T05:00,15.4,0,0,0,3,6.5,147
Talas,2025-09-16,06:00,2025-09-16T06:00,15.1,0,0,0,3.1,6.8,152
Talas,2025-09-16,07:00,2025-09-16T07:00,16.1,0,0,0,1.9,6.5,163
Talas,2025-09-16,08:00,2025-09-16T08:00,19.1,0,0,0,1.6,5.4,180
Talas,2025-09-16,09:00,2025-09-16T09:00,21.8,0,0,0,1.5,11.5,330
Talas,2025-09-16,10:00,2025-09-16T10:00,23.9,0,0,0,3.4,16.9,335
Talas,2025-09-16,11:00,2025-09-16T11:00,25.4,0,0,0,5.6,22,329
Talas,2025-09-16,12:00,2025-09-16T12:00,26.8,0,0,0,7.5,25.2,323
Talas,2025-09-16,13:00,2025-09-16T13:00,27.7,0,0,0,10.4,30.2,324
Talas,2025-09-16,14:00,2025-09-16T14:00,28,0,0,0,13.4,35.3,324
Talas,2025-09-16,15:00,2025-09-16T15:00,28.4,0,0,0,14,36,324
Talas,2025-09-16,16:00,2025-09-16T16:00,27.8,0,0,0,14.7,36.7,332
Talas,2025-09-16,17:00,2025-09-16T17:00,27.1,0,0,0,13.7,36.7,327
Talas,2025-09-16,18:00,2025-09-16T18:00,25.9,0,0,0,10.1,32.8,336
Talas,2025-09-16,19:00,2025-09-16T19:00,22.7,0,0,0,5.1,23,321
Talas,2025-09-16,20:00,2025-09-16T20:00,22.4,0,0,0,1,13.3,301
Talas,2025-09-16,21:00,2025-09-16T21:00,21.5,0,0,0,0.7,6.5,180
Talas,2025-09-16,22:00,2025-09-16T22:00,20,0,0,0,3.4,7.2,264
Talas,2025-09-16,23:00,2025-09-16T23:00,18.8,0,0,0,4.9,9.4,213
Talas,2025-09-17,00:00,2025-09-17T00:00,18.3,0,0,0,1.3,7.9,146
Talas,2025-09-17,01:00,2025-09-17T01:00,17.5,0,0,0,0.9,4,127
Talas,2025-09-17,02:00,2025-09-17T02:00,16.6,0,0,0,0.2,3.2,180
Talas,2025-09-17,03:00,2025-09-17T03:00,15.7,0,0,0,0.4,2.9,207
Talas,2025-09-17,04:00,2025-09-17T04:00,14.9,0,0,0,0.3,5,135
Talas,2025-09-17,05:00,2025-09-17T05:00,14.2,0,0,0,0.5,2.5,135
Talas,2025-09-17,06:00,2025-09-17T06:00,14,0,0,0,0.4,2.2,153
Talas,2025-09-17,07:00,2025-09-17T07:00,14.5,0,0,0,0.4,1.8,153
Talas,2025-09-17,08:00,2025-09-17T08:00,17.4,0,0,0,1,5.8,292
Talas,2025-09-17,09:00,2025-09-17T09:00,20.1,0,0,0,4.3,16.2,355
Talas,2025-09-17,10:00,2025-09-17T10:00,22.4,0,0,0,5.6,20.5,358
Talas,2025-09-17,11:00,2025-09-17T11:00,24.4,0,0,0,8,25.9,350
Talas,2025-09-17,12:00,2025-09-17T12:00,25.6,0,0,0,10.4,29.9,342
Talas,2025-09-17,13:00,2025-09-17T13:00,26.6,0,0,0,11,31.3,341
Talas,2025-09-17,14:00,2025-09-17T14:00,27.2,0,0,0,11.5,32,340
Talas,2025-09-17,15:00,2025-09-17T15:00,27.4,0,0,0,11.8,32,334
Talas,2025-09-17,16:00,2025-09-17T16:00,27,0,0,0,11.7,32,323
Talas,2025-09-17,17:00,2025-09-17T17:00,26.8,0,0,0,9.8,29.5,310
Talas,2025-09-17,18:00,2025-09-17T18:00,25.7,0,0,0,6.9,24.5,285
Talas,2025-09-17,19:00,2025-09-17T19:00,22.6,0,0,0,3.6,15.5,221
Talas,2025-09-17,20:00,2025-09-17T20:00,22.1,0,0,0,1.3,7.6,188
Talas,2025-09-17,21:00,2025-09-17T21:00,21.1,0,0,0,1.6,4.3,174
Talas,2025-09-17,22:00,2025-09-17T22:00,19.7,0,0,0,2.4,5.4,163
Talas,2025-09-17,23:00,2025-09-17T23:00,18.6,0,0,0,3.1,7.6,167
Talas,2025-09-18,00:00,2025-09-18T00:00,17.7,0,0,0,2.6,8.3,168
Talas,2025-09-18,01:00,2025-09-18T01:00,16.6,0,0,0,1.9,8.3,163
Talas,2025-09-18,02:00,2025-09-18T02:00,15.6,0,0,0,2.1,9,165
Talas,2025-09-18,03:00,2025-09-18T03:00,15.4,0,0,0,2.3,9.7,157
Talas,2025-09-18,04:00,2025-09-18T04:00,15.7,0,0,0,3.1,6.5,140
Talas,2025-09-18,05:00,2025-09-18T05:00,15,0,0,0,2,6.1,153
Talas,2025-09-18,06:00,2025-09-18T06:00,14.5,0,0,0,2.7,7.6,160
Talas,2025-09-18,07:00,2025-09-18T07:00,15.4,0,0,0,1.9,7.9,163
Talas,2025-09-18,08:00,2025-09-18T08:00,19.5,0,0,0,1.3,6.8,164
Talas,2025-09-18,09:00,2025-09-18T09:00,22.4,0,0,0,4.8,15.8,349
Talas,2025-09-18,10:00,2025-09-18T10:00,23.7,0,0,0,11.5,28.1,318
Talas,2025-09-18,11:00,2025-09-18T11:00,24.5,0,0,0,17.6,40.3,299
Talas,2025-09-18,12:00,2025-09-18T12:00,24.9,0,0,0,19.7,45.7,301
Talas,2025-09-18,13:00,2025-09-18T13:00,25,0,0,0,19.7,46.4,306
Talas,2025-09-18,14:00,2025-09-18T14:00,25.1,0,0,0,21,49,313
Talas,2025-09-18,15:00,2025-09-18T15:00,24.4,0,0,0,22.4,50.4,310
Talas,2025-09-18,16:00,2025-09-18T16:00,24.3,0,0,0,23.6,49.3,285
Talas,2025-09-18,17:00,2025-09-18T17:00,20.2,0,0,0,24,56.5,330
Talas,2025-09-18,18:00,2025-09-18T18:00,19.3,0,0,0,21,51.1,314
Talas,2025-09-18,19:00,2025-09-18T19:00,17.8,0,0,0,16.6,45.4,304
Talas,2025-09-18,20:00,2025-09-18T20:00,16.9,0,0,0,12.7,36,306
Talas,2025-09-18,21:00,2025-09-18T21:00,15.4,0,0,0,8.3,28.1,340
Talas,2025-09-18,22:00,2025-09-18T22:00,14.7,0.1,0.1,0,9.4,20.9,312
Talas,2025-09-18,23:00,2025-09-18T23:00,13.6,0.1,0.1,0,10.2,23,298
Talas,2025-09-19,00:00,2025-09-19T00:00,13,0,0,0,11.3,22,262
Talas,2025-09-19,01:00,2025-09-19T01:00,12.1,0,0,0,11.8,24.1,279
Talas,2025-09-19,02:00,2025-09-19T02:00,11.1,0.1,0.1,0,11,23.8,267
Talas,2025-09-19,03:00,2025-09-19T03:00,10.3,0,0,0,12.2,23.4,257
Talas,2025-09-19,04:00,2025-09-19T04:00,9.9,0,0,0,7.6,18,265
Talas,2025-09-19,05:00,2025-09-19T05:00,9.2,0,0,0,9.1,18,255
Talas,2025-09-19,06:00,2025-09-19T06:00,8.5,0,0,0,9.7,19.4,258
Talas,2025-09-19,07:00,2025-09-19T07:00,8.5,0,0,0,10.9,20.9,250
Talas,2025-09-19,08:00,2025-09-19T08:00,10,0,0,0,10.9,24.1,261
Talas,2025-09-19,09:00,2025-09-19T09:00,11.6,0,0,0,11.7,27.7,265
Talas,2025-09-19,10:00,2025-09-19T10:00,13.3,0,0,0,13.5,32.4,272
Talas,2025-09-19,11:00,2025-09-19T11:00,15.1,0,0,0,16.7,40,289
Talas,2025-09-19,12:00,2025-09-19T12:00,17.2,0,0,0,20.7,48.6,319
Talas,2025-09-19,13:00,2025-09-19T13:00,17.8,0,0,0,20.9,49,319
Talas,2025-09-19,14:00,2025-09-19T14:00,17.6,0,0,0,20.6,49.7,322
Talas,2025-09-19,15:00,2025-09-19T15:00,17.8,0,0,0,19.8,47.9,318
Talas,2025-09-19,16:00,2025-09-19T16:00,16.8,0,0,0,17.8,41,316
Talas,2025-09-19,17:00,2025-09-19T17:00,16.5,0,0,0,16.6,40.7,324
Talas,2025-09-19,18:00,2025-09-19T18:00,16.3,0,0,0,15.4,37.4,322
Talas,2025-09-19,19:00,2025-09-19T19:00,15.3,0,0,0,10.6,34.6,321
Talas,2025-09-19,20:00,2025-09-19T20:00,14.5,0,0,0,6.2,24.8,306
Talas,2025-09-19,21:00,2025-09-19T21:00,13.7,0,0,0,6.5,17.6,337
Talas,2025-09-19,22:00,2025-09-19T22:00,12.6,0,0,0,3.3,17.6,311
Talas,2025-09-19,23:00,2025-09-19T23:00,11.7,0,0,0,2.4,10.4,253
Talas,2025-09-20,00:00,2025-09-20T00:00,11.4,0,0,0,1.7,8.3,238
Talas,2025-09-20,01:00,2025-09-20T01:00,10.8,0,0,0,1.5,6.8,216
Talas,2025-09-20,02:00,2025-09-20T02:00,10.2,0,0,0,1.6,6.1,207
Talas,2025-09-20,03:00,2025-09-20T03:00,9.9,0,0,0,1.1,6.1,198
Talas,2025-09-20,04:00,2025-09-20T04:00,9.6,0,0,0,2.4,7.2,197
Talas,2025-09-20,05:00,2025-09-20T05:00,10.1,0,0,0,6.6,11.2,191
Talas,2025-09-20,06:00,2025-09-20T06:00,9.1,0,0,0,7.4,13.7,180
Talas,2025-09-20,07:00,2025-09-20T07:00,9.2,0,0,0,9.6,17.3,175
Talas,2025-09-20,08:00,2025-09-20T08:00,11.7,0,0,0,9.5,20.5,178
Talas,2025-09-20,09:00,2025-09-20T09:00,12.8,0,0,0,5.3,20.5,168
Talas,2025-09-20,10:00,2025-09-20T10:00,14.1,0,0,0,4.6,18,59
Talas,2025-09-20,11:00,2025-09-20T11:00,15.8,0,0,0,9,26.3,52
Talas,2025-09-20,12:00,2025-09-20T12:00,17.6,0,0,0,10,29.2,39
Talas,2025-09-20,13:00,2025-09-20T13:00,19.3,0,0,0,11.5,32.8,32
Talas,2025-09-20,14:00,2025-09-20T14:00,20.3,0,0,0,11.1,33.1,29
Talas,2025-09-20,15:00,2025-09-20T15:00,21.2,0,0,0,13,34.6,26
Talas,2025-09-20,16:00,2025-09-20T16:00,19.3,0,0,0,13.8,36,37
Talas,2025-09-20,17:00,2025-09-20T17:00,18.3,0,0,0,11.6,35.3,55
Talas,2025-09-20,18:00,2025-09-20T18:00,17.1,0,0,0,9.4,29.9,73
Talas,2025-09-20,19:00,2025-09-20T19:00,15.5,0,0,0,6.4,22.7,117
Talas,2025-09-20,20:00,2025-09-20T20:00,14.8,0,0,0,8.3,18.7,129
Talas,2025-09-20,21:00,2025-09-20T21:00,13.8,0,0,0,6.3,18.7,129
Talas,2025-09-20,22:00,2025-09-20T22:00,12.9,0,0,0,5.9,15.5,128
Talas,2025-09-20,23:00,2025-09-20T23:00,12,0,0,0,5.4,14.4,132
Talas,2025-09-21,00:00,2025-09-21T00:00,10.9,0,0,0,5,13,136
Talas,2025-09-21,01:00,2025-09-21T01:00,10,0,0,0,4.3,11.5,152
Talas,2025-09-21,02:00,2025-09-21T02:00,9.5,0,0,0,3.2,10.1,142
Talas,2025-09-21,03:00,2025-09-21T03:00,8.7,0,0,0,3.7,9.4,151
Talas,2025-09-21,04:00,2025-09-21T04:00,8.2,0,0,0,4.6,10.1,171
Talas,2025-09-21,05:00,2025-09-21T05:00,7.7,0,0,0,4.3,10.1,158
Talas,2025-09-21,06:00,2025-09-21T06:00,7.2,0,0,0,4.5,10.4,164
Talas,2025-09-21,07:00,2025-09-21T07:00,7.9,0,0,0,4.2,10.4,173
Talas,2025-09-21,08:00,2025-09-21T08:00,10.6,0,0,0,4.8,13.7,160
Talas,2025-09-21,09:00,2025-09-21T09:00,12.3,0,0,0,4.1,17.3,113
Talas,2025-09-21,10:00,2025-09-21T10:00,14.1,0,0,0,6.7,22.3,59
Talas,2025-09-21,11:00,2025-09-21T11:00,15.4,0,0,0,9.3,28.1,50
Talas,2025-09-21,12:00,2025-09-21T12:00,16.8,0,0,0,8.1,30.2,45
Talas,2025-09-21,13:00,2025-09-21T13:00,18.7,0,0,0,6.8,27,35
Talas,2025-09-21,14:00,2025-09-21T14:00,19.8,0,0,0,8.2,27.7,26
Talas,2025-09-21,15:00,2025-09-21T15:00,20.4,0,0,0,8.7,28.1,32
Talas,2025-09-21,16:00,2025-09-21T16:00,20,0,0,0,10.9,30.6,46
Talas,2025-09-21,17:00,2025-09-21T17:00,19.4,0,0,0,10.9,30.2,54
Talas,2025-09-21,18:00,2025-09-21T18:00,18.2,0,0,0,9.4,28.4,66
Talas,2025-09-21,19:00,2025-09-21T19:00,15.9,0,0,0,7.5,22.3,100
Talas,2025-09-21,20:00,2025-09-21T20:00,15.2,0,0,0,10.2,23.4,103
Talas,2025-09-21,21:00,2025-09-21T21:00,14.2,0,0,0,8.9,23.4,104
Talas,2025-09-21,22:00,2025-09-21T22:00,12.8,0,0,0,6.8,20.9,107
Talas,2025-09-21,23:00,2025-09-21T23:00,11.2,0,0,0,5.1,16.9,129
Talas,2025-09-22,00:00,2025-09-22T00:00,10.2,0,0,0,3.6,12.6,150
Talas,2025-09-22,01:00,2025-09-22T01:00,9.7,0,0,0,1.5,9.7,150
Talas,2025-09-22,02:00,2025-09-22T02:00,9,0,0,0,1.2,7.2,117
Talas,2025-09-22,03:00,2025-09-22T03:00,8.1,0,0,0,0.9,6.8,127
Talas,2025-09-22,04:00,2025-09-22T04:00,7.3,0,0,0,0.9,7.2,143
Talas,2025-09-22,05:00,2025-09-22T05:00,6.8,0,0,0,0.4,5.8,153
Talas,2025-09-22,06:00,2025-09-22T06:00,6.3,0,0,0,0.2,4.3,180
Talas,2025-09-22,07:00,2025-09-22T07:00,6.7,0,0,0,0.5,3.2,225
Talas,2025-09-22,08:00,2025-09-22T08:00,9,0,0,0,3.2,9.7,304
Talas,2025-09-22,09:00,2025-09-22T09:00,11.4,0,0,0,3.7,15.1,346
Talas,2025-09-22,10:00,2025-09-22T10:00,14.1,0,0,0,4.1,18,358
Talas,2025-09-22,11:00,2025-09-22T11:00,16.7,0,0,0,5.6,21.6,356
Talas,2025-09-22,12:00,2025-09-22T12:00,18.8,0,0,0,7,24.5,356
Talas,2025-09-22,13:00,2025-09-22T13:00,20.7,0,0,0,7.6,25.6,360
Talas,2025-09-22,14:00,2025-09-22T14:00,22,0,0,0,7.8,26.3,9
Talas,2025-09-22,15:00,2025-09-22T15:00,22.9,0,0,0,6.7,25.9,6
Talas,2025-09-22,16:00,2025-09-22T16:00,23,0,0,0,8,25.2,16
Talas,2025-09-22,17:00,2025-09-22T17:00,22.6,0,0,0,5.5,24.5,11
Talas,2025-09-22,18:00,2025-09-22T18:00,20.9,0,0,0,0,17.6,270
Talas,2025-09-22,19:00,2025-09-22T19:00,18.2,0,0,0,2.8,5,215
Talas,2025-09-22,20:00,2025-09-22T20:00,17,0,0,0,3,6.5,218
Talas,2025-09-22,21:00,2025-09-22T21:00,16,0,0,0,2.4,5.4,197
Talas,2025-09-22,22:00,2025-09-22T22:00,15.3,0,0,0,1.8,5,174
Talas,2025-09-22,23:00,2025-09-22T23:00,14.7,0,0,0,1.3,4.7,164
Talas,2025-09-23,00:00,2025-09-23T00:00,14.2,0,0,0,0.6,4,146
Talas,2025-09-23,01:00,2025-09-23T01:00,13.4,0,0,0,0.6,2.9,146
Talas,2025-09-23,02:00,2025-09-23T02:00,12.5,0,0,0,1,3.6,135
Talas,2025-09-23,03:00,2025-09-23T03:00,12,0,0,0,0.9,3.6,143
Talas,2025-09-23,04:00,2025-09-23T04:00,10.5,0,0,0,0.5,3.6,180
Talas,2025-09-23,05:00,2025-09-23T05:00,9.6,0,0,0,1.8,5.4,156
Talas,2025-09-23,06:00,2025-09-23T06:00,9.2,0,0,0,2.1,6.1,160
Talas,2025-09-23,07:00,2025-09-23T07:00,9.6,0,0,0,2.1,6.1,160
Talas,2025-09-23,08:00,2025-09-23T08:00,13.9,0,0,0,1.5,5.8,194
Talas,2025-09-23,09:00,2025-09-23T09:00,17.3,0,0,0,2.9,12.2,356
Talas,2025-09-23,10:00,2025-09-23T10:00,20,0,0,0,6,20.2,5
Talas,2025-09-23,11:00,2025-09-23T11:00,22.1,0,0,0,8.3,25.9,360
Talas,2025-09-23,12:00,2025-09-23T12:00,23.7,0,0,0,10.5,29.9,357
Talas,2025-09-23,13:00,2025-09-23T13:00,24.6,0,0,0,11.2,31.3,354
Talas,2025-09-23,14:00,2025-09-23T14:00,25.3,0,0,0,10.7,31.3,351
Talas,2025-09-23,15:00,2025-09-23T15:00,25.5,0,0,0,10,29.9,345
Talas,2025-09-23,16:00,2025-09-23T16:00,25.2,0,0,0,9.6,28.4,332
Talas,2025-09-23,17:00,2025-09-23T17:00,24.7,0,0,0,8,25.6,314
Talas,2025-09-23,18:00,2025-09-23T18:00,22.3,0,0,0,3.3,20.5,283
Talas,2025-09-23,19:00,2025-09-23T19:00,20.1,0,0,0,1.5,7.9,201
Talas,2025-09-23,20:00,2025-09-23T20:00,18,0,0,0,3.8,7.2,163
Talas,2025-09-23,21:00,2025-09-23T21:00,17.3,0,0,0,4.7,11.5,164
Talas,2025-09-23,22:00,2025-09-23T22:00,15.9,0,0,0,3.5,11.5,165
Talas,2025-09-23,23:00,2025-09-23T23:00,15.2,0,0,0,3.8,11.5,172
Talas,2025-09-24,00:00,2025-09-24T00:00,14.4,0,0,0,3.6,12.6,174
Talas,2025-09-24,01:00,2025-09-24T01:00,13.5,0,0,0,2.3,12.2,180
Talas,2025-09-24,02:00,2025-09-24T02:00,13.1,0,0,0,2.5,10.4,172
Talas,2025-09-24,03:00,2025-09-24T03:00,12.6,0,0,0,2.4,10.4,167
Talas,2025-09-24,04:00,2025-09-24T04:00,10.8,0,0,0,2.6,9.4,164
Talas,2025-09-24,05:00,2025-09-24T05:00,10.8,0,0,0,2.1,8.6,165
Talas,2025-09-24,06:00,2025-09-24T06:00,10.8,0,0,0,2.3,6.8,162
Talas,2025-09-24,07:00,2025-09-24T07:00,11.5,0,0,0,2.4,6.8,153
Talas,2025-09-24,08:00,2025-09-24T08:00,16,0,0,0,1.8,6.5,156
Talas,2025-09-24,09:00,2025-09-24T09:00,19.2,0,0,0,2.7,11.5,8
Talas,2025-09-24,10:00,2025-09-24T10:00,21.8,0,0,0,6.2,20.5,10
Talas,2025-09-24,11:00,2025-09-24T11:00,23.9,0,0,0,8.1,25.2,6
Talas,2025-09-24,12:00,2025-09-24T12:00,25.3,0,0,0,9.4,28.1,358
Talas,2025-09-24,13:00,2025-09-24T13:00,26.3,0,0,0,11.3,31.3,352
Talas,2025-09-24,14:00,2025-09-24T14:00,26.6,0,0,0,12.4,33.1,343
Talas,2025-09-24,15:00,2025-09-24T15:00,26.7,0,0,0,11.3,32.8,326
Talas,2025-09-24,16:00,2025-09-24T16:00,26.5,0,0,0,11.7,29.2,299
Talas,2025-09-24,17:00,2025-09-24T17:00,26.2,0,0,0,10.6,28.4,289
Talas,2025-09-24,18:00,2025-09-24T18:00,23.6,0,0,0,5.4,24.5,285
Talas,2025-09-24,19:00,2025-09-24T19:00,20.8,0,0,0,3.2,13,236
Talas,2025-09-24,20:00,2025-09-24T20:00,20.2,0,0,0,2.2,8.3,235
Talas,2025-09-24,21:00,2025-09-24T21:00,18.6,0,0,0,5.9,8.6,198
Talas,2025-09-24,22:00,2025-09-24T22:00,18,0,0,0,5.9,12.6,182
Talas,2025-09-24,23:00,2025-09-24T23:00,17.3,0,0,0,3.8,11.2,169
Talas,2025-09-25,00:00,2025-09-25T00:00,17.2,0,0,0,2.5,7.2,180
Talas,2025-09-25,01:00,2025-09-25T01:00,16.7,0,0,0,0.8,5,153
Talas,2025-09-25,02:00,2025-09-25T02:00,15.1,0,0,0,0.8,2.5,135
Talas,2025-09-25,03:00,2025-09-25T03:00,14.4,0,0,0,1.4,4.3,140
Talas,2025-09-25,04:00,2025-09-25T04:00,13,0,0,0,1.4,5.8,140
Talas,2025-09-25,05:00,2025-09-25T05:00,12.9,0,0,0,1,4,149
Talas,2025-09-25,06:00,2025-09-25T06:00,12.6,0,0,0,1,2.9,158
Talas,2025-09-25,07:00,2025-09-25T07:00,12.8,0,0,0,0.3,2.9,135
Talas,2025-09-25,08:00,2025-09-25T08:00,15.3,0,0,0,1.5,2.5,234
Talas,2025-09-25,09:00,2025-09-25T09:00,17.8,0,0,0,2.4,11.5,306
Talas,2025-09-25,10:00,2025-09-25T10:00,20.3,0,0,0,3.6,16.6,323
Talas,2025-09-25,11:00,2025-09-25T11:00,22.2,0,0,0,6.3,22,342
Talas,2025-09-25,12:00,2025-09-25T12:00,23.7,0,0,0,8,25.9,340
Talas,2025-09-25,13:00,2025-09-25T13:00,24.9,0,0,0,9.4,28.4,329
Talas,2025-09-25,14:00,2025-09-25T14:00,25.8,0,0,0,11.5,31.3,316
Talas,2025-09-25,15:00,2025-09-25T15:00,26,0,0,0,13.5,34.2,311
Talas,2025-09-25,16:00,2025-09-25T16:00,26,0,0,0,12.5,32.8,319
Talas,2025-09-25,17:00,2025-09-25T17:00,25.5,0,0,0,10.9,31.3,333
Talas,2025-09-25,18:00,2025-09-25T18:00,23.4,0,0,0,6.9,27,351
Talas,2025-09-25,19:00,2025-09-25T19:00,19.8,0,0,0,5.4,18,360
Talas,2025-09-25,20:00,2025-09-25T20:00,18.9,0,0,0,1.5,14,54
Talas,2025-09-25,21:00,2025-09-25T21:00,17.7,0,0,0,0.4,8.6,153
Talas,2025-09-25,22:00,2025-09-25T22:00,16.4,0,0,0,2.3,7.2,157
Talas,2025-09-25,23:00,2025-09-25T23:00,15.5,0,0,0,1.5,7.2,126
Talas,2025-09-26,00:00,2025-09-26T00:00,14.2,0,0,0,1.5,6.5,159
Talas,2025-09-26,01:00,2025-09-26T01:00,13.3,0,0,0,1.5,5.8,173
Talas,2025-09-26,02:00,2025-09-26T02:00,12.5,0,0,0,1,4.7,158
Talas,2025-09-26,03:00,2025-09-26T03:00,11.4,0,0,0,1.7,5,162
Talas,2025-09-26,04:00,2025-09-26T04:00,11.2,0,0,0,1.9,5.4,158
Talas,2025-09-26,05:00,2025-09-26T05:00,10.5,0,0,0,1,4.7,158
Talas,2025-09-26,06:00,2025-09-26T06:00,9.8,0,0,0,1.1,4,162
Talas,2025-09-26,07:00,2025-09-26T07:00,9.7,0,0,0,1.8,5,169
Talas,2025-09-26,08:00,2025-09-26T08:00,12.7,0,0,0,1.5,7.2,210
Talas,2025-09-26,09:00,2025-09-26T09:00,15.2,0,0,0,3.4,14.4,43
Talas,2025-09-26,10:00,2025-09-26T10:00,16.9,0,0,0,6.1,21.6,47
Talas,2025-09-26,11:00,2025-09-26T11:00,18.6,0,0,0,6.6,23.8,26
Talas,2025-09-26,12:00,2025-09-26T12:00,20.2,0,0,0,8.1,27,12
Talas,2025-09-26,13:00,2025-09-26T13:00,21.3,0,0,0,8.8,28.4,4
Talas,2025-09-26,14:00,2025-09-26T14:00,22,0,0,0,8.2,28.8,345
Talas,2025-09-26,15:00,2025-09-26T15:00,22.4,0,0,0,8.3,27,326
Talas,2025-09-26,16:00,2025-09-26T16:00,21.7,0,0,0,11.3,29.9,317
Talas,2025-09-26,17:00,2025-09-26T17:00,20.9,0,0,0,14.2,32.8,311
Talas,2025-09-26,18:00,2025-09-26T18:00,19.1,0,0,0,16.1,35.3,305
Talas,2025-09-26,19:00,2025-09-26T19:00,16.9,0,0,0,11.4,33.5,275
Talas,2025-09-26,20:00,2025-09-26T20:00,15.7,0,0,0,5.4,22.3,240
Talas,2025-09-26,21:00,2025-09-26T21:00,14.8,0,0,0,1,10.4,22
Talas,2025-09-26,22:00,2025-09-26T22:00,13.5,0,0,0,5.7,16.6,66
Talas,2025-09-26,23:00,2025-09-26T23:00,12.1,0,0,0,3,14.8,104
Talas,2025-09-27,00:00,2025-09-27T00:00,11.4,0,0,0,0.7,9,166
Talas,2025-09-27,01:00,2025-09-27T01:00,10.7,0,0,0,1,6.5,121
Talas,2025-09-27,02:00,2025-09-27T02:00,10.2,0,0,0,0.8,6.5,135
Talas,2025-09-27,03:00,2025-09-27T03:00,9.5,0,0,0,0.4,5.8,90
Talas,2025-09-27,04:00,2025-09-27T04:00,9.1,0,0,0,0.8,4,117
Talas,2025-09-27,05:00,2025-09-27T05:00,8.4,0,0,0,1.3,4.3,172
Talas,2025-09-27,06:00,2025-09-27T06:00,8.1,0,0,0,0.9,4,191
Talas,2025-09-27,07:00,2025-09-27T07:00,8.2,0,0,0,1.3,3.6,180
Talas,2025-09-27,08:00,2025-09-27T08:00,10.4,0,0,0,0.6,7.9,236
Talas,2025-09-27,09:00,2025-09-27T09:00,12.6,0,0,0,3.3,15.1,22
Talas,2025-09-27,10:00,2025-09-27T10:00,14.7,0,0,0,4.9,19.4,358
Talas,2025-09-27,11:00,2025-09-27T11:00,16.5,0,0,0,7.1,24.1,341
Talas,2025-09-27,12:00,2025-09-27T12:00,18.1,0,0,0,8.6,27,330
Talas,2025-09-27,13:00,2025-09-27T13:00,19.4,0,0,0,11.9,31.7,318
Talas,2025-09-27,14:00,2025-09-27T14:00,20.3,0,0,0,12.7,33.5,314
Talas,2025-09-27,15:00,2025-09-27T15:00,20.8,0,0,0,14,35.3,312
Talas,2025-09-27,16:00,2025-09-27T16:00,20.4,0,0,0,13.1,33.1,308
Talas,2025-09-27,17:00,2025-09-27T17:00,19.6,0,0,0,11.5,32,310
Talas,2025-09-27,18:00,2025-09-27T18:00,18.3,0,0,0,7.3,27.7,303
Talas,2025-09-27,19:00,2025-09-27T19:00,15.7,0,0,0,3,16.6,256
Talas,2025-09-27,20:00,2025-09-27T20:00,14.9,0,0,0,3.2,7.9,243
Talas,2025-09-27,21:00,2025-09-27T21:00,14.6,0,0,0,1.3,7.9,254
Talas,2025-09-27,22:00,2025-09-27T22:00,13.7,0,0,0,1.1,5,162
Talas,2025-09-27,23:00,2025-09-27T23:00,12.9,0,0,0,1.3,4.3,146
Talas,2025-09-28,00:00,2025-09-28T00:00,12.2,0,0,0,1.6,3.6,153
Talas,2025-09-28,01:00,2025-09-28T01:00,11.8,0,0,0,1.2,4,153
Talas,2025-09-28,02:00,2025-09-28T02:00,11.3,0,0,0,1.1,3.6,162
Talas,2025-09-28,03:00,2025-09-28T03:00,10.9,0,0,0,0.9,4,169
Talas,2025-09-28,04:00,2025-09-28T04:00,10.5,0,0,0,1,4.3,149
Talas,2025-09-28,05:00,2025-09-28T05:00,10.6,0,0,0,1.3,3.6,146
Talas,2025-09-28,06:00,2025-09-28T06:00,10.3,0,0,0,2.8,6.1,145
Talas,2025-09-28,07:00,2025-09-28T07:00,10.5,0,0,0,3.5,8.3,152
Talas,2025-09-28,08:00,2025-09-28T08:00,14.8,0,0,0,3.4,8.3,162
Talas,2025-09-28,09:00,2025-09-28T09:00,18.8,0,0,0,2.2,11.5,35
Talas,2025-09-28,10:00,2025-09-28T10:00,21.8,0,0,0,4.8,19.1,34
Talas,2025-09-28,11:00,2025-09-28T11:00,24.1,0,0,0,6.2,23.4,30
Talas,2025-09-28,12:00,2025-09-28T12:00,25.8,0,0,0,7.7,26.3,9
Talas,2025-09-28,13:00,2025-09-28T13:00,26.9,0,0,0,11.4,32.4,349
Talas,2025-09-28,14:00,2025-09-28T14:00,28,0,0,0,11.4,35.3,344
Talas,2025-09-28,15:00,2025-09-28T15:00,28.7,0,0,0,8.4,33.5,329
Talas,2025-09-28,16:00,2025-09-28T16:00,27.7,0,0,0,2.3,22.7,356
Talas,2025-09-28,17:00,2025-09-28T17:00,26.6,0,0,0,3.6,15.8,135
Talas,2025-09-28,18:00,2025-09-28T18:00,24.1,0,0,0,11.4,22.7,139
Talas,2025-09-28,19:00,2025-09-28T19:00,21.6,0,0,0,15.5,32,152
Talas,2025-09-28,20:00,2025-09-28T20:00,19.8,0,0,0,12.6,31.3,156
Talas,2025-09-28,21:00,2025-09-28T21:00,18.5,0,0,0,11.4,26.3,155
Talas,2025-09-28,22:00,2025-09-28T22:00,17.3,0,0,0,7.7,23.4,156
Talas,2025-09-28,23:00,2025-09-28T23:00,16,0,0,0,7.4,16.9,158
Talas,2025-09-29,00:00,2025-09-29T00:00,14.8,0,0,0,7.6,17.6,162
Talas,2025-09-29,01:00,2025-09-29T01:00,14.1,0,0,0,8.3,18.7,164
Talas,2025-09-29,02:00,2025-09-29T02:00,13.8,0,0,0,8,19.4,164
Talas,2025-09-29,03:00,2025-09-29T03:00,13.2,0,0,0,6.4,19.1,170
Talas,2025-09-29,04:00,2025-09-29T04:00,12.3,0,0,0,5.8,17.3,166
Talas,2025-09-29,05:00,2025-09-29T05:00,11.7,0,0,0,5.2,15.5,166
Talas,2025-09-29,06:00,2025-09-29T06:00,11.3,0,0,0,4.4,14.4,168
Talas,2025-09-29,07:00,2025-09-29T07:00,11.5,0,0,0,4.2,13.3,168
Talas,2025-09-29,08:00,2025-09-29T08:00,15.9,0,0,0,4,13,148
Talas,2025-09-29,09:00,2025-09-29T09:00,19.9,0,0,0,3.1,13.3,36
Talas,2025-09-29,10:00,2025-09-29T10:00,22.1,0,0,0,8,24.1,6
Talas,2025-09-29,11:00,2025-09-29T11:00,23.9,0,0,0,13.4,35.3,354
Talas,2025-09-29,12:00,2025-09-29T12:00,25.9,0,0,0,10.3,36,314
Talas,2025-09-29,13:00,2025-09-29T13:00,26.4,0,0,0,14.8,34.2,269
Talas,2025-09-29,14:00,2025-09-29T14:00,26.4,0,0,0,13,35.6,259
Talas,2025-09-29,15:00,2025-09-29T15:00,26.4,0,0,0,15.1,32.8,258
Talas,2025-09-29,16:00,2025-09-29T16:00,25.2,0,0,0,14.7,41.8,262
Talas,2025-09-29,17:00,2025-09-29T17:00,25.1,0,0,0,13.3,31.3,279
Talas,2025-09-29,18:00,2025-09-29T18:00,24.2,0,0,0,12.4,28.8,311
Talas,2025-09-29,19:00,2025-09-29T19:00,22.2,0,0,0,5.7,29.9,9
Talas,2025-09-29,20:00,2025-09-29T20:00,20.5,0,0,0,6,15.1,123
Talas,2025-09-29,21:00,2025-09-29T21:00,18.7,0,0,0,5.2,13.7,153
Talas,2025-09-29,22:00,2025-09-29T22:00,17.3,0,0,0,4.7,11.2,162
Talas,2025-09-29,23:00,2025-09-29T23:00,16.8,0,0,0,1.8,10.8,156
Talas,2025-09-30,00:00,2025-09-30T00:00,16.2,0,0,0,1,4.3,149
Talas,2025-09-30,01:00,2025-09-30T01:00,15.5,0,0,0,0.4,4,153
Talas,2025-09-30,02:00,2025-09-30T02:00,14.6,0,0,0,0.7,4,194
Talas,2025-09-30,03:00,2025-09-30T03:00,13.8,0,0,0,1.3,4.3,188
Talas,2025-09-30,04:00,2025-09-30T04:00,13.5,0,0,0,3.5,8.3,282
Talas,2025-09-30,05:00,2025-09-30T05:00,12.7,0,0,0,4.8,11.2,250
Talas,2025-09-30,06:00,2025-09-30T06:00,12,0,0,0,5.2,12.2,236
Talas,2025-09-30,07:00,2025-09-30T07:00,12.4,0,0,0,4.2,11.9,230
Talas,2025-09-30,08:00,2025-09-30T08:00,14.7,0.1,0.1,0,5.9,14.4,281
Talas,2025-09-30,09:00,2025-09-30T09:00,16.2,0,0,0,6.2,18.4,314
Talas,2025-09-30,10:00,2025-09-30T10:00,17.7,0,0,0,10.8,27.4,317
Talas,2025-09-30,11:00,2025-09-30T11:00,18.8,0,0,0,12.7,32.4,310
Talas,2025-09-30,12:00,2025-09-30T12:00,20.2,0,0,0,11.9,33.1,301
Talas,2025-09-30,13:00,2025-09-30T13:00,21.1,0,0,0,14.3,34.9,299
Talas,2025-09-30,14:00,2025-09-30T14:00,21.2,0.1,0.1,0,15.8,37.1,300
Talas,2025-09-30,15:00,2025-09-30T15:00,21.4,0.1,0.1,0,16.9,39.6,297
Talas,2025-09-30,16:00,2025-09-30T16:00,20.9,0,0,0,16.7,39.6,305
Talas,2025-09-30,17:00,2025-09-30T17:00,20.3,0,0,0,16.8,38.2,305
Talas,2025-09-30,18:00,2025-09-30T18:00,19,0,0,0,14.8,37.4,315
Talas,2025-09-30,19:00,2025-09-30T19:00,17.7,0,0,0,8,32.8,316
Talas,2025-09-30,20:00,2025-09-30T20:00,16.3,0,0,0,4.3,19.1,270
Talas,2025-09-30,21:00,2025-09-30T21:00,16.1,0,0,0,6.2,13.7,262
Talas,2025-09-30,22:00,2025-09-30T22:00,15.7,0,0,0,7.4,14.8,241
Talas,2025-09-30,23:00,2025-09-30T23:00,13.9,0,0,0,3.4,14,223
Talas,2025-10-01,00:00,2025-10-01T00:00,13.6,0,0,0,0.9,7.6,37
Talas,2025-10-01,01:00,2025-10-01T01:00,12.6,0,0,0,1.1,5.4,90
Talas,2025-10-01,02:00,2025-10-01T02:00,11.9,0,0,0,0.4,4.7,153
Talas,2025-10-01,03:00,2025-10-01T03:00,11.1,0,0,0,1,3.2,202
Talas,2025-10-01,04:00,2025-10-01T04:00,10.3,0,0,0,0.4,3.6,180
Talas,2025-10-01,05:00,2025-10-01T05:00,9.7,0,0,0,0.5,2.9,180
Talas,2025-10-01,06:00,2025-10-01T06:00,9.3,0,0,0,0.5,2.9,180
Talas,2025-10-01,07:00,2025-10-01T07:00,9.2,0,0,0,0.4,2.9,180
Talas,2025-10-01,08:00,2025-10-01T08:00,11.2,0,0,0,1.5,6.8,263
Talas,2025-10-01,09:00,2025-10-01T09:00,12.3,0,0,0,2.3,13.3,274
Talas,2025-10-01,10:00,2025-10-01T10:00,14.5,0,0,0,4.7,18.7,342
Talas,2025-10-01,11:00,2025-10-01T11:00,15.9,0,0,0,5.5,21.6,347
Talas,2025-10-01,12:00,2025-10-01T12:00,17.3,0,0,0,5.9,23,340
Talas,2025-10-01,13:00,2025-10-01T13:00,18.3,0,0,0,7,24.1,334
Talas,2025-10-01,14:00,2025-10-01T14:00,18.5,0,0,0,10.7,29.5,335
Talas,2025-10-01,15:00,2025-10-01T15:00,18.7,0,0,0,6.6,29.9,313
Talas,2025-10-01,16:00,2025-10-01T16:00,18.7,0,0,0,12.1,27.4,280
Talas,2025-10-01,17:00,2025-10-01T17:00,17.8,0,0,0,14.3,31,274
Talas,2025-10-01,18:00,2025-10-01T18:00,16.8,0,0,0,10.1,30.2,273
Talas,2025-10-01,19:00,2025-10-01T19:00,14.6,0,0,0,4.5,19.8,263
Talas,2025-10-01,20:00,2025-10-01T20:00,13.9,0,0,0,1.8,11.2,246
Talas,2025-10-01,21:00,2025-10-01T21:00,13.6,0,0,0,1.4,6.1,247
Talas,2025-10-01,22:00,2025-10-01T22:00,12.6,0,0,0,1.3,5.4,254
Talas,2025-10-01,23:00,2025-10-01T23:00,12.1,0,0,0,0.3,5,135
Talas,2025-10-02,00:00,2025-10-02T00:00,10.9,0,0,0,1.3,5.4,135
Talas,2025-10-02,01:00,2025-10-02T01:00,10.1,0,0,0,2.1,5.8,165
Talas,2025-10-02,02:00,2025-10-02T02:00,9.6,0,0,0,1,5.4,158
Talas,2025-10-02,03:00,2025-10-02T03:00,9.6,0,0,0,1.1,4.3,180
Talas,2025-10-02,04:00,2025-10-02T04:00,8.4,0,0,0,1.5,4.3,144
Talas,2025-10-02,05:00,2025-10-02T05:00,7.8,0,0,0,2.4,6.1,153
Talas,2025-10-02,06:00,2025-10-02T06:00,7.7,0,0,0,0.8,5.4,153
Talas,2025-10-02,07:00,2025-10-02T07:00,7.5,0,0,0,0.9,3.6,169
Talas,2025-10-02,08:00,2025-10-02T08:00,9.9,0,0,0,1,6.8,135
Talas,2025-10-02,09:00,2025-10-02T09:00,11.4,0,0,0,3.8,16.2,31
Talas,2025-10-02,10:00,2025-10-02T10:00,13.6,0,0,0,7.6,23.4,28
Talas,2025-10-02,11:00,2025-10-02T11:00,15.4,0,0,0,8.9,27,24
Talas,2025-10-02,12:00,2025-10-02T12:00,16.9,0,0,0,9.1,28.1,21
Talas,2025-10-02,13:00,2025-10-02T13:00,18.1,0,0,0,9,28.4,22
Talas,2025-10-02,14:00,2025-10-02T14:00,18.9,0,0,0,9.4,28.4,24
Talas,2025-10-02,15:00,2025-10-02T15:00,19.1,0,0,0,8.2,28.8,22
Talas,2025-10-02,16:00,2025-10-02T16:00,19.2,0,0,0,10.1,27.4,5
Talas,2025-10-02,17:00,2025-10-02T17:00,18.4,0,0,0,9,27.4,13
Talas,2025-10-02,18:00,2025-10-02T18:00,16,0,0,0,2.2,22.7,336
Talas,2025-10-02,19:00,2025-10-02T19:00,14.3,0,0,0,3.5,6.5,195
Talas,2025-10-02,20:00,2025-10-02T20:00,13.2,0,0,0,2.8,7.2,165
Talas,2025-10-02,21:00,2025-10-02T21:00,12.1,0,0,0,3.7,9.4,166
Talas,2025-10-02,22:00,2025-10-02T22:00,11,0,0,0,3.4,10.8,164
Talas,2025-10-02,23:00,2025-10-02T23:00,10.2,0,0,0,4.2,12.6,162
Talas,2025-10-03,00:00,2025-10-03T00:00,9.7,0,0,0,4.5,13.3,166
Talas,2025-10-03,01:00,2025-10-03T01:00,9.3,0,0,0,4.9,14,172
Talas,2025-10-03,02:00,2025-10-03T02:00,9.2,0,0,0,4.4,14,173
Talas,2025-10-03,03:00,2025-10-03T03:00,8.6,0,0,0,2,13.3,185
Talas,2025-10-03,04:00,2025-10-03T04:00,8.7,0,0,0,2.7,9.7,172
Talas,2025-10-03,05:00,2025-10-03T05:00,8.7,0,0,0,3.3,10.1,167
Talas,2025-10-03,06:00,2025-10-03T06:00,8.8,0,0,0,4.5,12.2,166
Talas,2025-10-03,07:00,2025-10-03T07:00,9.4,0,0,0,5.2,13.7,164
Talas,2025-10-03,08:00,2025-10-03T08:00,13.2,0,0,0,5.3,14,172
Talas,2025-10-03,09:00,2025-10-03T09:00,16.9,0,0,0,0.8,11.5,333
Talas,2025-10-03,10:00,2025-10-03T10:00,19.6,0,0,0,3.1,16.2,21
Talas,2025-10-03,11:00,2025-10-03T11:00,21.5,0,0,0,5.7,21.6,13
Talas,2025-10-03,12:00,2025-10-03T12:00,23.3,0,0,0,8.5,27,2
Talas,2025-10-03,13:00,2025-10-03T13:00,24.6,0,0,0,12.5,34.6,348
Talas,2025-10-03,14:00,2025-10-03T14:00,25.4,0,0,0,7.8,34.6,331
Talas,2025-10-03,15:00,2025-10-03T15:00,24.9,0,0,0,6.1,25.9,208
Talas,2025-10-03,16:00,2025-10-03T16:00,25.4,0,0,0,1.9,16.2,326
Talas,2025-10-03,17:00,2025-10-03T17:00,24.7,0,0,0,2.3,14,51
Talas,2025-10-03,18:00,2025-10-03T18:00,21,0,0,0,5.7,12.6,114
Talas,2025-10-03,19:00,2025-10-03T19:00,18.1,0,0,0,9.8,19.8,148
Talas,2025-10-03,20:00,2025-10-03T20:00,16.4,0,0,0,9.2,21.2,159
Talas,2025-10-03,21:00,2025-10-03T21:00,15.8,0,0,0,9.4,19.4,157
Talas,2025-10-03,22:00,2025-10-03T22:00,15.1,0,0,0,9,20.5,158
Talas,2025-10-03,23:00,2025-10-03T23:00,13.9,0,0,0,8.3,19.1,160
Talas,2025-10-04,00:00,2025-10-04T00:00,13.2,0,0,0,8.3,19.1,164
Talas,2025-10-04,01:00,2025-10-04T01:00,12.8,0,0,0,8.1,19.4,163
Talas,2025-10-04,02:00,2025-10-04T02:00,12.4,0,0,0,7.7,19.1,162
Talas,2025-10-04,03:00,2025-10-04T03:00,11.6,0,0,0,7.5,18.7,163
Talas,2025-10-04,04:00,2025-10-04T04:00,11.9,0,0,0,8,19.8,160
Talas,2025-10-04,05:00,2025-10-04T05:00,11.7,0,0,0,7.2,19.4,162
Talas,2025-10-04,06:00,2025-10-04T06:00,11.7,0,0,0,8,19.4,157
Talas,2025-10-04,07:00,2025-10-04T07:00,12.1,0,0,0,8.5,20.5,155
Talas,2025-10-04,08:00,2025-10-04T08:00,16.2,0,0,0,9.4,20.5,148
Talas,2025-10-04,09:00,2025-10-04T09:00,20.2,0,0,0,7.3,20.9,121
Talas,2025-10-04,10:00,2025-10-04T10:00,23.1,0,0,0,8.7,23,127
Talas,2025-10-04,11:00,2025-10-04T11:00,25.1,0,0,0,9.1,24.1,141
Talas,2025-10-04,12:00,2025-10-04T12:00,26.7,0,0,0,11,26.3,156
Talas,2025-10-04,13:00,2025-10-04T13:00,27.3,0,0,0,15.5,34.9,160
Talas,2025-10-04,14:00,2025-10-04T14:00,27.5,0,0,0,16.9,37.8,155
Talas,2025-10-04,15:00,2025-10-04T15:00,27,0,0,0,15.7,38.5,153
Talas,2025-10-04,16:00,2025-10-04T16:00,26.5,0,0,0,14.4,35.6,147
Talas,2025-10-04,17:00,2025-10-04T17:00,24.9,0,0,0,15.7,33.1,138
Talas,2025-10-04,18:00,2025-10-04T18:00,22.2,0,0,0,17.1,34.9,135
Talas,2025-10-04,19:00,2025-10-04T19:00,20.6,0,0,0,16.9,37.1,151
Talas,2025-10-04,20:00,2025-10-04T20:00,19.5,0,0,0,15.1,35.6,155
Talas,2025-10-04,21:00,2025-10-04T21:00,18.3,0,0,0,13.8,32.8,154
Talas,2025-10-04,22:00,2025-10-04T22:00,17.3,0,0,0,11.7,30.2,153
Talas,2025-10-04,23:00,2025-10-04T23:00,16.1,0,0,0,10.7,26.3,157
Talas,2025-10-05,00:00,2025-10-05T00:00,15.1,0,0,0,10.3,24.1,165
Talas,2025-10-05,01:00,2025-10-05T01:00,13.7,0,0,0,8.6,22.7,169
Talas,2025-10-05,02:00,2025-10-05T02:00,12.2,0,0,0,6.5,19.8,172
Talas,2025-10-05,03:00,2025-10-05T03:00,10.9,0,0,0,2,17.3,180
Talas,2025-10-05,04:00,2025-10-05T04:00,10.6,0,0,0,0.9,10.1,169
Talas,2025-10-05,05:00,2025-10-05T05:00,11.3,0,0,0,1.1,5.4,162
Talas,2025-10-05,06:00,2025-10-05T06:00,11.7,0,0,0,1.7,4,122
Talas,2025-10-05,07:00,2025-10-05T07:00,11.8,0,0,0,1.1,4,90
Talas,2025-10-05,08:00,2025-10-05T08:00,13.8,0,0,0,2.6,6.5,304
Talas,2025-10-05,09:00,2025-10-05T09:00,15.2,0,0,0,5.2,16.6,333
Talas,2025-10-05,10:00,2025-10-05T10:00,17.1,0,0,0,8.4,23,340
Talas,2025-10-05,11:00,2025-10-05T11:00,18.8,0,0,0,10.8,28.8,349
Talas,2025-10-05,12:00,2025-10-05T12:00,20.1,0,0,0,12.5,32.4,348
Talas,2025-10-05,13:00,2025-10-05T13:00,21.1,0,0,0,13.8,34.6,344
Talas,2025-10-05,14:00,2025-10-05T14:00,21.8,0,0,0,14.8,36,344
Talas,2025-10-05,15:00,2025-10-05T15:00,21.6,0,0,0,13,35.6,346
Talas,2025-10-05,16:00,2025-10-05T16:00,21.6,0,0,0,10.8,31,356
Talas,2025-10-05,17:00,2025-10-05T17:00,20.7,0,0,0,5.4,27,346
Talas,2025-10-05,18:00,2025-10-05T18:00,18.1,0,0,0,1.3,15.1,214
Talas,2025-10-05,19:00,2025-10-05T19:00,16.7,0,0,0,5,11.2,165
Talas,2025-10-05,20:00,2025-10-05T20:00,15.4,0,0,0,2.9,11.5,158
Talas,2025-10-05,21:00,2025-10-05T21:00,14.8,0,0,0,1.6,8.3,174
Talas,2025-10-05,22:00,2025-10-05T22:00,14.5,0,0,0,3.3,7.2,193
Talas,2025-10-05,23:00,2025-10-05T23:00,13.9,0,0,0,3.8,7.6,197
Talas,2025-10-06,00:00,2025-10-06T00:00,13.8,0,0,0,2,7.2,190
Talas,2025-10-06,01:00,2025-10-06T01:00,13.4,0,0,0,0.9,3.6,180
Talas,2025-10-06,02:00,2025-10-06T02:00,13.1,0,0,0,1,2.2,202
Talas,2025-10-06,03:00,2025-10-06T03:00,11.9,0,0,0,1.3,2.5,188
Talas,2025-10-06,04:00,2025-10-06T04:00,11.7,0,0,0,0.4,3.2,180
Talas,2025-10-06,05:00,2025-10-06T05:00,11.4,0,0,0,0.4,1.8,180
Talas,2025-10-06,06:00,2025-10-06T06:00,11,0,0,0,0.4,2.5,153
Talas,2025-10-06,07:00,2025-10-06T07:00,10.5,0,0,0,0.7,3.2,166
Talas,2025-10-06,08:00,2025-10-06T08:00,13.4,0,0,0,1.9,4.7,214
Talas,2025-10-06,09:00,2025-10-06T09:00,16,0,0,0,3.1,13.3,332
Talas,2025-10-06,10:00,2025-10-06T10:00,18.2,0,0,0,5.4,19.8,356
Talas,2025-10-06,11:00,2025-10-06T11:00,20.1,0,0,0,6.3,23,2
Talas,2025-10-06,12:00,2025-10-06T12:00,22,0,0,0,7.6,25.9,355
Talas,2025-10-06,13:00,2025-10-06T13:00,23.3,0,0,0,10.1,29.9,349
Talas,2025-10-06,14:00,2025-10-06T14:00,23.8,0,0,0,12.8,34.2,338
Talas,2025-10-06,15:00,2025-10-06T15:00,23.6,0,0,0,15.6,37.8,330
Talas,2025-10-06,16:00,2025-10-06T16:00,23.3,0,0,0,14.7,37.8,338
Talas,2025-10-06,17:00,2025-10-06T17:00,23,0,0,0,10.1,34.2,4
Talas,2025-10-06,18:00,2025-10-06T18:00,20.4,0,0,0,4.4,24.5,99
Talas,2025-10-06,19:00,2025-10-06T19:00,18.4,0,0,0,6.3,14,149
Talas,2025-10-06,20:00,2025-10-06T20:00,16.8,0,0,0,5.9,13.3,162
Talas,2025-10-06,21:00,2025-10-06T21:00,15.7,0,0,0,7.2,13,162
Talas,2025-10-06,22:00,2025-10-06T22:00,14.7,0,0,0,7.4,15.8,158
Talas,2025-10-06,23:00,2025-10-06T23:00,13.7,0,0,0,6.7,15.5,161
Talas,2025-10-07,00:00,2025-10-07T00:00,13.5,0,0,0,6.3,15.1,165
Talas,2025-10-07,01:00,2025-10-07T01:00,13,0,0,0,5.5,14.8,163
Talas,2025-10-07,02:00,2025-10-07T02:00,12.4,0,0,0,5.6,14,165
Talas,2025-10-07,03:00,2025-10-07T03:00,11.6,0,0,0,4.1,13.7,167
Talas,2025-10-07,04:00,2025-10-07T04:00,11,0,0,0,4.2,11.2,162
Talas,2025-10-07,05:00,2025-10-07T05:00,10.5,0,0,0,4.6,11.9,159
Talas,2025-10-07,06:00,2025-10-07T06:00,9.8,0,0,0,3.8,11.9,163
Talas,2025-10-07,07:00,2025-10-07T07:00,9.9,0,0,0,4,10.1,162
Talas,2025-10-07,08:00,2025-10-07T08:00,13.9,0,0,0,4.4,10.1,145
Talas,2025-10-07,09:00,2025-10-07T09:00,16.7,0,0,0,0.2,13,360
Talas,2025-10-07,10:00,2025-10-07T10:00,19.3,0,0,0,1.5,14,69
Talas,2025-10-07,11:00,2025-10-07T11:00,21.4,0,0,0,2.1,16.9,31
Talas,2025-10-07,12:00,2025-10-07T12:00,22.9,0,0,0,1.3,17.3,82
Talas,2025-10-07,13:00,2025-10-07T13:00,24,0,0,0,3.4,18,137
Talas,2025-10-07,14:00,2025-10-07T14:00,24.5,0,0,0,9,23.8,157
Talas,2025-10-07,15:00,2025-10-07T15:00,24.2,0,0,0,14.3,32.4,163
Talas,2025-10-07,16:00,2025-10-07T16:00,22.9,0,0,0,18.2,38.9,166
Talas,2025-10-07,17:00,2025-10-07T17:00,21.2,0,0,0,19.6,41.4,167
Talas,2025-10-07,18:00,2025-10-07T18:00,19.2,0,0,0,13.7,40.3,158
Talas,2025-10-07,19:00,2025-10-07T19:00,17.5,0,0,0,15.9,33.8,155
Talas,2025-10-07,20:00,2025-10-07T20:00,16.7,0,0,0,16.1,34.6,155
Talas,2025-10-07,21:00,2025-10-07T21:00,16.1,0,0,0,15.6,34.2,156
Talas,2025-10-07,22:00,2025-10-07T22:00,15.2,0,0,0,13.8,33.1,158
Talas,2025-10-07,23:00,2025-10-07T23:00,14.5,0,0,0,15,32,160
Talas,2025-10-08,00:00,2025-10-08T00:00,13.9,0,0,0,13.8,33.5,165
Talas,2025-10-08,01:00,2025-10-08T01:00,13.1,0,0,0,9.4,29.9,162
Talas,2025-10-08,02:00,2025-10-08T02:00,12.4,0,0,0,11.2,23.4,165
Talas,2025-10-08,03:00,2025-10-08T03:00,11.9,0,0,0,9.7,25.2,161
Talas,2025-10-08,04:00,2025-10-08T04:00,11.5,0,0,0,8.7,21.2,158
Talas,2025-10-08,05:00,2025-10-08T05:00,11.1,0,0,0,8.4,19.1,160
Talas,2025-10-08,06:00,2025-10-08T06:00,11,0,0,0,9.8,21.2,163
Talas,2025-10-08,07:00,2025-10-08T07:00,11.8,0,0,0,11.6,24.5,164
Talas,2025-10-08,08:00,2025-10-08T08:00,14.9,0,0,0,14.3,26.6,165
Talas,2025-10-08,09:00,2025-10-08T09:00,17.5,0,0,0,13.8,29.9,163
Talas,2025-10-08,10:00,2025-10-08T10:00,18.4,0,0,0,13.4,30.6,152
Talas,2025-10-08,11:00,2025-10-08T11:00,19.3,0,0,0,12,31.7,135
Talas,2025-10-08,12:00,2025-10-08T12:00,20.2,0,0,0,11.9,35.6,142
Talas,2025-10-08,13:00,2025-10-08T13:00,20.6,0,0,0,12,33.1,134
Talas,2025-10-08,14:00,2025-10-08T14:00,22,0.2,0.2,0,12.6,31.7,153
Talas,2025-10-08,15:00,2025-10-08T15:00,21.1,0.5,0.5,0,11.8,30.2,140
Talas,2025-10-08,16:00,2025-10-08T16:00,20.7,0.3,0.3,0,13.2,31.7,143
Talas,2025-10-08,17:00,2025-10-08T17:00,18.9,0,0,0,13.8,31,139
Talas,2025-10-08,18:00,2025-10-08T18:00,17,0,0,0,12.5,30.6,139
Talas,2025-10-08,19:00,2025-10-08T19:00,16,0,0,0,14.8,32,153
Talas,2025-10-08,20:00,2025-10-08T20:00,15.6,0,0,0,9.1,30.6,155
Talas,2025-10-08,21:00,2025-10-08T21:00,14.1,0,0,0,5.2,20.5,146
Talas,2025-10-08,22:00,2025-10-08T22:00,14,2.5,2.5,0,6.4,16.2,148
Talas,2025-10-08,23:00,2025-10-08T23:00,13,0.6,0.6,0,1.5,12.2,126
Talas,2025-10-09,00:00,2025-10-09T00:00,13,0,0,0,2.1,5.4,142
Talas,2025-10-09,01:00,2025-10-09T01:00,11.7,0.3,0.3,0,0.9,6.1,270
Talas,2025-10-09,02:00,2025-10-09T02:00,10.5,1.2,1.2,0,2.6,5.4,115
Talas,2025-10-09,03:00,2025-10-09T03:00,11.4,1.3,1.3,0,4.9,7.6,96
Talas,2025-10-09,04:00,2025-10-09T04:00,11.3,4.1,4.1,0,5.1,12.6,98
Talas,2025-10-09,05:00,2025-10-09T05:00,11.1,2.7,2.7,0,3.1,12.6,90
Talas,2025-10-09,06:00,2025-10-09T06:00,10.7,1.3,1.3,0,1.9,7.2,112
Talas,2025-10-09,07:00,2025-10-09T07:00,9.9,6.4,6.4,0,2.3,4.7,231
Talas,2025-10-09,08:00,2025-10-09T08:00,11.2,0.7,0.7,0,2,7.6,297
Talas,2025-10-09,09:00,2025-10-09T09:00,12.9,0.8,0.8,0,5.6,15.5,338
Talas,2025-10-09,10:00,2025-10-09T10:00,13.9,0.4,0.4,0,8.8,23.8,337
Talas,2025-10-09,11:00,2025-10-09T11:00,14.7,0.2,0.2,0,6.9,26.3,351
Talas,2025-10-09,12:00,2025-10-09T12:00,14.9,0.5,0.5,0,7.4,24.1,13
Talas,2025-10-09,13:00,2025-10-09T13:00,13.5,1.9,1.9,0,13.3,29.2,308
Talas,2025-10-09,14:00,2025-10-09T14:00,11.2,5.1,5.1,0,15.5,38.2,296
Talas,2025-10-09,15:00,2025-10-09T15:00,13,0.2,0.2,0,11.2,31.3,311
Talas,2025-10-09,16:00,2025-10-09T16:00,13.4,0.2,0.2,0,10.3,31,289
Talas,2025-10-09,17:00,2025-10-09T17:00,12.8,0.1,0.1,0,5.1,25.9,264
Talas,2025-10-09,18:00,2025-10-09T18:00,11.4,0,0,0,4.2,13.7,295
Talas,2025-10-09,19:00,2025-10-09T19:00,10.3,0,0,0,3.4,11.9,270
Talas,2025-10-09,20:00,2025-10-09T20:00,9.8,0,0,0,1.4,11.2,293
Talas,2025-10-09,21:00,2025-10-09T21:00,9,0,0,0,1.4,8.6,247
Talas,2025-10-09,22:00,2025-10-09T22:00,8.2,0,0,0,1.2,9,141
Talas,2025-10-09,23:00,2025-10-09T23:00,7.8,0,0,0,0.8,7.2,135
Talas,2025-10-10,00:00,2025-10-10T00:00,7.7,0,0,0,0.7,6.1,166
Talas,2025-10-10,01:00,2025-10-10T01:00,7.7,0,0,0,1.6,7.6,186
Talas,2025-10-10,02:00,2025-10-10T02:00,7.3,0,0,0,3.3,9.7,229
Talas,2025-10-10,03:00,2025-10-10T03:00,7.3,0,0,0,7.9,14,235
Talas,2025-10-10,04:00,2025-10-10T04:00,7.5,0,0,0,7.8,17.6,222
Talas,2025-10-10,05:00,2025-10-10T05:00,7.3,0,0,0,6.1,16.6,220
Talas,2025-10-10,06:00,2025-10-10T06:00,6.8,0,0,0,3.9,13.7,202
Talas,2025-10-10,07:00,2025-10-10T07:00,7.4,0,0,0,1.3,10.1,225
Talas,2025-10-10,08:00,2025-10-10T08:00,9.2,0,0,0,1.9,7.6,41
Talas,2025-10-10,09:00,2025-10-10T09:00,10.6,0,0,0,8.4,18.7,312
Talas,2025-10-10,10:00,2025-10-10T10:00,12.2,0,0,0,13.3,31.3,300
Talas,2025-10-10,11:00,2025-10-10T11:00,13.1,0,0,0,14.5,33.8,297
Talas,2025-10-10,12:00,2025-10-10T12:00,14.1,0,0,0,13.7,33.8,295
Talas,2025-10-10,13:00,2025-10-10T13:00,14.9,0,0,0,15.7,36.4,304
Talas,2025-10-10,14:00,2025-10-10T14:00,15.1,0,0,0,17.1,40,303
Talas,2025-10-10,15:00,2025-10-10T15:00,14.8,0,0,0,15.4,39.2,288
Talas,2025-10-10,16:00,2025-10-10T16:00,15.1,0,0,0,14.2,35.3,283
Talas,2025-10-10,17:00,2025-10-10T17:00,14.9,0,0,0,12.7,31.7,295
Talas,2025-10-10,18:00,2025-10-10T18:00,12.4,0,0,0,6.5,27.4,300
Talas,2025-10-10,19:00,2025-10-10T19:00,10.3,0,0,0,4.2,15.5,234
Talas,2025-10-10,20:00,2025-10-10T20:00,9.9,0,0,0,6.3,13.3,233
Talas,2025-10-10,21:00,2025-10-10T21:00,9.2,0,0,0,7.3,15.8,224
Talas,2025-10-10,22:00,2025-10-10T22:00,8.6,0,0,0,7.6,14.4,208
Talas,2025-10-10,23:00,2025-10-10T23:00,7.9,0,0,0,5.9,14,198
Talas,2025-10-11,00:00,2025-10-11T00:00,7.2,0,0,0,4.8,11.2,193
Talas,2025-10-11,01:00,2025-10-11T01:00,6.8,0,0,0,4.4,9.4,189
Talas,2025-10-11,02:00,2025-10-11T02:00,6.5,0,0,0,3.3,8.3,186
Talas,2025-10-11,03:00,2025-10-11T03:00,6.1,0,0,0,4,6.5,219
Talas,2025-10-11,04:00,2025-10-11T04:00,5.5,0,0,0,3.5,9,189
Talas,2025-10-11,05:00,2025-10-11T05:00,5.5,0,0,0,1.6,7.6,174
Talas,2025-10-11,06:00,2025-10-11T06:00,5.3,0,0,0,1.4,5,157
Talas,2025-10-11,07:00,2025-10-11T07:00,5.3,0,0,0,1.4,4,157
Talas,2025-10-11,08:00,2025-10-11T08:00,8.4,0,0,0,2.2,3.6,145
Talas,2025-10-11,09:00,2025-10-11T09:00,10.3,0,0,0,4.3,14,355
Talas,2025-10-11,10:00,2025-10-11T10:00,12.2,0,0,0,6.5,20.9,354
Talas,2025-10-11,11:00,2025-10-11T11:00,13.8,0,0,0,8.7,25.6,342
Talas,2025-10-11,12:00,2025-10-11T12:00,15.1,0,0,0,10.8,28.8,334
Talas,2025-10-11,13:00,2025-10-11T13:00,16,0,0,0,12.2,32,332
Talas,2025-10-11,14:00,2025-10-11T14:00,16.3,0,0,0,14.9,36,337
Talas,2025-10-11,15:00,2025-10-11T15:00,15.6,0,0,0,13.1,36.4,335
Talas,2025-10-11,16:00,2025-10-11T16:00,15.8,0,0,0,10.2,30.2,323
Talas,2025-10-11,17:00,2025-10-11T17:00,15.2,0,0,0,9.4,25.2,329
Talas,2025-10-11,18:00,2025-10-11T18:00,12.4,0,0,0,0.8,21.2,63
Talas,2025-10-11,19:00,2025-10-11T19:00,10.7,0,0,0,2.9,5.4,169
Talas,2025-10-11,20:00,2025-10-11T20:00,10,0,0,0,3.6,9,186
Talas,2025-10-11,21:00,2025-10-11T21:00,10.1,0,0,0,6.8,13.3,235
Talas,2025-10-11,22:00,2025-10-11T22:00,8.8,0,0,0,5.1,13.7,207
Talas,2025-10-11,23:00,2025-10-11T23:00,8.5,0,0,0,3.6,9.7,183
Talas,2025-10-12,00:00,2025-10-12T00:00,8.5,0,0,0,3.1,8.6,173
Talas,2025-10-12,01:00,2025-10-12T01:00,7.8,0,0,0,2.7,9,172
Talas,2025-10-12,02:00,2025-10-12T02:00,7.3,0,0,0,2.2,9,175
Talas,2025-10-12,03:00,2025-10-12T03:00,7.2,0,0,0,3.2,7.9,218
Talas,2025-10-12,04:00,2025-10-12T04:00,6.8,0,0,0,3.5,7.6,215
Talas,2025-10-12,05:00,2025-10-12T05:00,6.2,0,0,0,6.1,11.9,256
Talas,2025-10-12,06:00,2025-10-12T06:00,6.4,0,0,0,9.2,18.7,254
Talas,2025-10-12,07:00,2025-10-12T07:00,6.2,0,0,0,8.5,19.1,257
Talas,2025-10-12,08:00,2025-10-12T08:00,6.9,0.7,0.7,0,9.7,20.2,285
Talas,2025-10-12,09:00,2025-10-12T09:00,6.6,2.1,2.1,0,11.3,21.2,287
Talas,2025-10-12,10:00,2025-10-12T10:00,5.9,1.7,1.7,0,13,27.4,294
Talas,2025-10-12,11:00,2025-10-12T11:00,5.1,2.1,2.1,0,12.2,26.6,284
Talas,2025-10-12,12:00,2025-10-12T12:00,5.2,1.5,1.5,0,11.2,25.2,285
Talas,2025-10-12,13:00,2025-10-12T13:00,5.4,0.7,0.7,0,10,23.4,284
Talas,2025-10-12,14:00,2025-10-12T14:00,6.2,0.4,0.4,0,10.8,24.1,291
Talas,2025-10-12,15:00,2025-10-12T15:00,7.6,0.2,0.2,0,9.7,24.5,325
Talas,2025-10-12,16:00,2025-10-12T16:00,7.3,0.1,0.1,0,8.6,25.2,324
Talas,2025-10-12,17:00,2025-10-12T17:00,7.4,0,0,0,7.6,21.2,313
Talas,2025-10-12,18:00,2025-10-12T18:00,6.8,0,0,0,6.6,18.7,261
Talas,2025-10-12,19:00,2025-10-12T19:00,6.6,0,0,0,8.9,13.7,220
Talas,2025-10-12,20:00,2025-10-12T20:00,5.3,0,0,0,9.5,15.8,213
Talas,2025-10-12,21:00,2025-10-12T21:00,5.4,0,0,0,8.5,15.8,228
Talas,2025-10-12,22:00,2025-10-12T22:00,5.5,0,0,0,8.4,15.8,230
Talas,2025-10-12,23:00,2025-10-12T23:00,5.7,0,0,0,9.9,18,233
Talas,2025-10-13,00:00,2025-10-13T00:00,5.7,0.1,0.1,0,9.6,18,223
Talas,2025-10-13,01:00,2025-10-13T01:00,5.6,0.1,0.1,0,9.1,16.2,219
Talas,2025-10-13,02:00,2025-10-13T02:00,5.2,0,0,0,8.6,15.5,216
Talas,2025-10-13,03:00,2025-10-13T03:00,5.3,0,0,0,8.7,14.8,232
Talas,2025-10-13,04:00,2025-10-13T04:00,4.9,0,0,0,7.8,15.1,224
Talas,2025-10-13,05:00,2025-10-13T05:00,4.6,0,0,0,7.1,13.7,218
Talas,2025-10-13,06:00,2025-10-13T06:00,4.1,0,0,0,6,11.9,205
Talas,2025-10-13,07:00,2025-10-13T07:00,3.3,0,0,0,4.8,10.1,207
Talas,2025-10-13,08:00,2025-10-13T08:00,5.3,0,0,0,6.1,10.8,212
Talas,2025-10-13,09:00,2025-10-13T09:00,6.6,0,0,0,4.1,13,221
Talas,2025-10-13,10:00,2025-10-13T10:00,8.2,0,0,0,3.9,15.8,307
Talas,2025-10-13,11:00,2025-10-13T11:00,9.5,0,0,0,4.3,19.1,336
Talas,2025-10-13,12:00,2025-10-13T12:00,11,0,0,0,3.5,19.1,336
Talas,2025-10-13,13:00,2025-10-13T13:00,12.3,0,0,0,4.9,19.8,309
Talas,2025-10-13,14:00,2025-10-13T14:00,13.1,0,0,0,4.4,20.2,308
Talas,2025-10-13,15:00,2025-10-13T15:00,13.1,0,0,0,3,19.1,322
Talas,2025-10-13,16:00,2025-10-13T16:00,13.4,0,0,0,5.2,17.6,335
Talas,2025-10-13,17:00,2025-10-13T17:00,12.5,0,0,0,6,17.6,311
Talas,2025-10-13,18:00,2025-10-13T18:00,9.3,0,0,0,3.4,15.1,254
Talas,2025-10-13,19:00,2025-10-13T19:00,8.5,0,0,0,2.5,7.9,225
Talas,2025-10-13,20:00,2025-10-13T20:00,8.4,0,0,0,0.6,6.1,162
Talas,2025-10-13,21:00,2025-10-13T21:00,7.8,0,0,0,2.6,4.7,168
Talas,2025-10-13,22:00,2025-10-13T22:00,7.2,0,0,0,1.3,5,135
Talas,2025-10-13,23:00,2025-10-13T23:00,6.5,0,0,0,1.2,3.6,129
Talas,2025-10-14,00:00,2025-10-14T00:00,5.8,0,0,0,1.8,4.7,143
Talas,2025-10-14,01:00,2025-10-14T01:00,5.4,0,0,0,1.6,5,153
Talas,2025-10-14,02:00,2025-10-14T02:00,4.9,0,0,0,1.5,4.7,166
Talas,2025-10-14,03:00,2025-10-14T03:00,5.1,0,0,0,1.6,4.7,180
Talas,2025-10-14,04:00,2025-10-14T04:00,4.1,0,0,0,1.1,4.3,171
Talas,2025-10-14,05:00,2025-10-14T05:00,4.2,0,0,0,1.1,4.7,180
Talas,2025-10-14,06:00,2025-10-14T06:00,3.7,0,0,0,1.1,4.3,180
Talas,2025-10-14,07:00,2025-10-14T07:00,3.6,0,0,0,0.5,4.3,180
Talas,2025-10-14,08:00,2025-10-14T08:00,6.8,0,0,0,0.6,3.2,214
Talas,2025-10-14,09:00,2025-10-14T09:00,9,0,0,0,3.9,12.2,336
Talas,2025-10-14,10:00,2025-10-14T10:00,11.2,0,0,0,7.8,22,356
Talas,2025-10-14,11:00,2025-10-14T11:00,12.9,0,0,0,9.2,25.9,358
Talas,2025-10-14,12:00,2025-10-14T12:00,14.2,0,0,0,10.7,29.2,352
Talas,2025-10-14,13:00,2025-10-14T13:00,15.1,0,0,0,11.7,30.6,346
Talas,2025-10-14,14:00,2025-10-14T14:00,15.7,0,0,0,10.7,30.6,340
Talas,2025-10-14,15:00,2025-10-14T15:00,15.4,0,0,0,9.9,28.4,335
Talas,2025-10-14,16:00,2025-10-14T16:00,15.2,0,0,0,8.7,25.2,333
Talas,2025-10-14,17:00,2025-10-14T17:00,14.1,0,0,0,4,22,333
Talas,2025-10-14,18:00,2025-10-14T18:00,10.6,0,0,0,2,9.7,170
Talas,2025-10-14,19:00,2025-10-14T19:00,9.6,0,0,0,4.2,9,175
Talas,2025-10-14,20:00,2025-10-14T20:00,8.5,0,0,0,2.4,9,171
Talas,2025-10-14,21:00,2025-10-14T21:00,8.6,0,0,0,3.1,6.5,177
Talas,2025-10-14,22:00,2025-10-14T22:00,8.1,0,0,0,2.4,5.8,171
Talas,2025-10-14,23:00,2025-10-14T23:00,7.8,0,0,0,1.8,4.3,156
Talas,2025-10-15,00:00,2025-10-15T00:00,7.5,0,0,0,1.8,4,156
Talas,2025-10-15,01:00,2025-10-15T01:00,7.2,0,0,0,1.5,4,159
Talas,2025-10-15,02:00,2025-10-15T02:00,7.2,0,0,0,1,3.6,158
Talas,2025-10-15,03:00,2025-10-15T03:00,6.3,0,0,0,1.9,2.2,209
Talas,2025-10-15,04:00,2025-10-15T04:00,5.9,0,0,0,1.8,5,180
Talas,2025-10-15,05:00,2025-10-15T05:00,5.8,0,0,0,1.8,4.7,156
Talas,2025-10-15,06:00,2025-10-15T06:00,5.7,0,0,0,1.5,4.7,159
Talas,2025-10-15,07:00,2025-10-15T07:00,5.6,0,0,0,0.9,4,169
Talas,2025-10-15,08:00,2025-10-15T08:00,8.2,0,0,0,0.9,2.9,169
Talas,2025-10-15,09:00,2025-10-15T09:00,9.7,0,0,0,2.8,10.4,315
Talas,2025-10-15,10:00,2025-10-15T10:00,11.9,0,0,0,3.6,15.5,340
Talas,2025-10-15,11:00,2025-10-15T11:00,13.6,0,0,0,5.1,19.4,350
Talas,2025-10-15,12:00,2025-10-15T12:00,15,0,0,0,6.5,22.3,352
Talas,2025-10-15,13:00,2025-10-15T13:00,16,0,0,0,7.5,23.8,345
Talas,2025-10-15,14:00,2025-10-15T14:00,16.7,0,0,0,8.1,24.1,336
Talas,2025-10-15,15:00,2025-10-15T15:00,16.6,0,0,0,8.4,24.1,320
Talas,2025-10-15,16:00,2025-10-15T16:00,16.5,0,0,0,8.3,23.4,309
Talas,2025-10-15,17:00,2025-10-15T17:00,15.5,0,0,0,4.2,20.5,306
Talas,2025-10-15,18:00,2025-10-15T18:00,12.7,0,0,0,1.4,10.4,293
Talas,2025-10-15,19:00,2025-10-15T19:00,11.8,0,0,0,1.4,6.5,270
Talas,2025-10-15,20:00,2025-10-15T20:00,11,0,0,0,0.4,5.8,207
Talas,2025-10-15,21:00,2025-10-15T21:00,10.5,0,0,0,2.8,3.6,207
Talas,2025-10-15,22:00,2025-10-15T22:00,10,0,0,0,2.2,4.7,171
Talas,2025-10-15,23:00,2025-10-15T23:00,9.6,0,0,0,2.1,4,142
Talas,2025-10-16,00:00,2025-10-16T00:00,9,0,0,0,2.5,5.4,135
Talas,2025-10-16,01:00,2025-10-16T01:00,8.3,0,0,0,2.4,5.8,132
Talas,2025-10-16,02:00,2025-10-16T02:00,7.7,0,0,0,2.2,5.4,138
Talas,2025-10-16,03:00,2025-10-16T03:00,7.1,0,0,0,1.9,5.4,151
Talas,2025-10-16,04:00,2025-10-16T04:00,6.4,0,0,0,2,5,153
Talas,2025-10-16,05:00,2025-10-16T05:00,6.2,0,0,0,1.5,5,159
Talas,2025-10-16,06:00,2025-10-16T06:00,6.1,0,0,0,1,4.3,158
Talas,2025-10-16,07:00,2025-10-16T07:00,6.1,0,0,0,0.6,3.2,162
Talas,2025-10-16,08:00,2025-10-16T08:00,8.5,0,0,0,0.4,2.5,153
Talas,2025-10-16,09:00,2025-10-16T09:00,10.5,0,0,0,3.5,9.7,298
Talas,2025-10-16,10:00,2025-10-16T10:00,12.7,0,0,0,4,15.8,350
Talas,2025-10-16,11:00,2025-10-16T11:00,14.6,0,0,0,6,20.9,7
Talas,2025-10-16,12:00,2025-10-16T12:00,16,0,0,0,7.8,24.5,7
Talas,2025-10-16,13:00,2025-10-16T13:00,17,0,0,0,7.7,24.8,3
Talas,2025-10-16,14:00,2025-10-16T14:00,17.6,0,0,0,7.6,24.5,356
Talas,2025-10-16,15:00,2025-10-16T15:00,17.9,0,0,0,5.4,24.1,358
Talas,2025-10-16,16:00,2025-10-16T16:00,17.8,0,0,0,6.2,19.4,338
Talas,2025-10-16,17:00,2025-10-16T17:00,16.5,0,0,0,3.1,18.4,315
Talas,2025-10-16,18:00,2025-10-16T18:00,13.5,0,0,0,1.9,8.3,248
Talas,2025-10-16,19:00,2025-10-16T19:00,12.6,0,0,0,2.1,5.8,218
Talas,2025-10-16,20:00,2025-10-16T20:00,11.9,0,0,0,1.5,5,210
Talas,2025-10-16,21:00,2025-10-16T21:00,11.8,0,0,0,1.8,3.2,186
Talas,2025-10-16,22:00,2025-10-16T22:00,11,0,0,0,0.8,3.2,117
Talas,2025-10-16,23:00,2025-10-16T23:00,9.6,0,0,0,1.7,5.4,103
Talas,2025-10-17,00:00,2025-10-17T00:00,8.7,0,0,0,1.5,5.4,135
Talas,2025-10-17,01:00,2025-10-17T01:00,8.3,0,0,0,1.3,5,146
Talas,2025-10-17,02:00,2025-10-17T02:00,7.9,0,0,0,1,4.3,149
Talas,2025-10-17,03:00,2025-10-17T03:00,7.5,0,0,0,1.3,3.6,188
Talas,2025-10-17,04:00,2025-10-17T04:00,7.2,0,0,0,0.2,3.6,180
Talas,2025-10-17,05:00,2025-10-17T05:00,6.7,0,0,0,0.8,3.2,153
Talas,2025-10-17,06:00,2025-10-17T06:00,6.7,0,0,0,0.9,3.6,143
Talas,2025-10-17,07:00,2025-10-17T07:00,6.7,0,0,0,0.6,3.2,146
Talas,2025-10-17,08:00,2025-10-17T08:00,9.1,0,0,0,0.3,2.9,135
Talas,2025-10-17,09:00,2025-10-17T09:00,11.1,0,0,0,1.9,9.7,311
Talas,2025-10-17,10:00,2025-10-17T10:00,13.6,0,0,0,4.5,16.2,7
Talas,2025-10-17,11:00,2025-10-17T11:00,15.9,0,0,0,6.2,20.5,17
Talas,2025-10-17,12:00,2025-10-17T12:00,17.7,0,0,0,7.8,24.1,8
Talas,2025-10-17,13:00,2025-10-17T13:00,18.6,0,0,0,9,26.6,358
Talas,2025-10-17,14:00,2025-10-17T14:00,18.9,0,0,0,9.7,27.4,348
Talas,2025-10-17,15:00,2025-10-17T15:00,19.4,0,0,0,7.5,26.6,352
Talas,2025-10-17,16:00,2025-10-17T16:00,18.9,0,0,0,7.4,22.3,331
Talas,2025-10-17,17:00,2025-10-17T17:00,17.1,0,0,0,1.5,19.1,263
Talas,2025-10-17,18:00,2025-10-17T18:00,13.7,0,0,0,3.6,5,183
Talas,2025-10-17,19:00,2025-10-17T19:00,13.2,0,0,0,2.3,6.1,184
Talas,2025-10-17,20:00,2025-10-17T20:00,12.9,0,0,0,2.2,3.6,185
Talas,2025-10-17,21:00,2025-10-17T21:00,12.6,0,0,0,2.4,4.7,163
Talas,2025-10-17,22:00,2025-10-17T22:00,11.9,0,0,0,2.2,5.4,145
Talas,2025-10-17,23:00,2025-10-17T23:00,11.1,0,0,0,1.9,5.4,151
Talas,2025-10-18,00:00,2025-10-18T00:00,10,0,0,0,2.1,6.1,160
Talas,2025-10-18,01:00,2025-10-18T01:00,9.5,0,0,0,1.8,6.1,174
Talas,2025-10-18,02:00,2025-10-18T02:00,9.5,0,0,0,1.1,5.8,162
Talas,2025-10-18,03:00,2025-10-18T03:00,8.5,0,0,0,1.3,4.7,188
Talas,2025-10-18,04:00,2025-10-18T04:00,7.6,0,0,0,1.3,5,180
Talas,2025-10-18,05:00,2025-10-18T05:00,7.1,0,0,0,0.9,4.7,169
Talas,2025-10-18,06:00,2025-10-18T06:00,6.5,0,0,0,2.3,6.5,157
Talas,2025-10-18,07:00,2025-10-18T07:00,6.5,0,0,0,2.4,7.2,163
Talas,2025-10-18,08:00,2025-10-18T08:00,9.8,0,0,0,1.9,6.8,163
Talas,2025-10-18,09:00,2025-10-18T09:00,13.1,0,0,0,1.8,7.2,315
Talas,2025-10-18,10:00,2025-10-18T10:00,15.6,0,0,0,4,15.1,355
Talas,2025-10-18,11:00,2025-10-18T11:00,17.3,0,0,0,6.3,20.9,353
Talas,2025-10-18,12:00,2025-10-18T12:00,18.6,0,0,0,7.8,23.8,351
Talas,2025-10-18,13:00,2025-10-18T13:00,19.3,0,0,0,9.5,26.3,345
Talas,2025-10-18,14:00,2025-10-18T14:00,19.6,0,0,0,10.3,27.4,345
Talas,2025-10-18,15:00,2025-10-18T15:00,19.7,0,0,0,9.9,27.4,341
Talas,2025-10-18,16:00,2025-10-18T16:00,19.6,0,0,0,8.6,24.8,338
Talas,2025-10-18,17:00,2025-10-18T17:00,17.6,0,0,0,3.1,21.2,353
Talas,2025-10-18,18:00,2025-10-18T18:00,14.8,0,0,0,1.5,8.6,201
Talas,2025-10-18,19:00,2025-10-18T19:00,13.4,0,0,0,4.7,7.6,189
Talas,2025-10-18,20:00,2025-10-18T20:00,12.5,0,0,0,5.8,13.7,176
Talas,2025-10-18,21:00,2025-10-18T21:00,11.9,0,0,0,4.7,14,180
Talas,2025-10-18,22:00,2025-10-18T22:00,11.6,0,0,0,4.7,12.2,173
Talas,2025-10-18,23:00,2025-10-18T23:00,10.6,0,0,0,3.8,12.2,172
Talas,2025-10-19,00:00,2025-10-19T00:00,9.8,0,0,0,3.8,12.6,172
Talas,2025-10-19,01:00,2025-10-19T01:00,9.3,0,0,0,3.5,13,171
Talas,2025-10-19,02:00,2025-10-19T02:00,8.9,0,0,0,3.8,13,172
Talas,2025-10-19,03:00,2025-10-19T03:00,10.1,0,0,0,1.5,12.6,173
Talas,2025-10-19,04:00,2025-10-19T04:00,9.8,0,0,0,2.7,6.1,160
Talas,2025-10-19,05:00,2025-10-19T05:00,9.2,0,0,0,3.1,6.8,173
Talas,2025-10-19,06:00,2025-10-19T06:00,8.7,0,0,0,3.1,8.6,177
Talas,2025-10-19,07:00,2025-10-19T07:00,8.5,0,0,0,2.8,9.7,165
Talas,2025-10-19,08:00,2025-10-19T08:00,10.2,0,0,0,4.3,11.9,163
Talas,2025-10-19,09:00,2025-10-19T09:00,14.5,0,0,0,1.5,11.9,315
Talas,2025-10-19,10:00,2025-10-19T10:00,16.4,0,0,0,5.7,18,351
Talas,2025-10-19,11:00,2025-10-19T11:00,17.7,0,0,0,7.8,23,356
Talas,2025-10-19,12:00,2025-10-19T12:00,19,0,0,0,11.1,28.8,344
Talas,2025-10-19,13:00,2025-10-19T13:00,19.5,0,0,0,14.1,34.6,341
Talas,2025-10-19,14:00,2025-10-19T14:00,19.8,0,0,0,13.6,35.3,343
Talas,2025-10-19,15:00,2025-10-19T15:00,20.2,0,0,0,12,33.5,336
Talas,2025-10-19,16:00,2025-10-19T16:00,19.3,0,0,0,16.1,35.6,331
Talas,2025-10-19,17:00,2025-10-19T17:00,17.3,0,0,0,5.9,36,293
Talas,2025-10-19,18:00,2025-10-19T18:00,14.2,0,0,0,6,13.7,213
Talas,2025-10-19,19:00,2025-10-19T19:00,14.4,0,0,0,5.9,16.6,247
Talas,2025-10-19,20:00,2025-10-19T20:00,14.2,0,0,0,2,14,207
Talas,2025-10-19,21:00,2025-10-19T21:00,14.1,0.1,0.1,0,2.3,6.8,293
Talas,2025-10-19,22:00,2025-10-19T22:00,13.2,0.2,0.2,0,0.5,9.4,135
Talas,2025-10-19,23:00,2025-10-19T23:00,12.6,0,0,0,4.5,7.2,151
Talas,2025-10-20,00:00,2025-10-20T00:00,11.8,0.3,0.3,0,2.5,7.6,150
Talas,2025-10-20,01:00,2025-10-20T01:00,11.3,0.8,0.8,0,2.9,5,150
Talas,2025-10-20,02:00,2025-10-20T02:00,11.7,0.2,0.2,0,5.4,9.4,172
Talas,2025-10-20,03:00,2025-10-20T03:00,11.2,0.1,0.1,0,3.2,9,183
Talas,2025-10-20,04:00,2025-10-20T04:00,11,0,0,0,1.7,7.6,221
Talas,2025-10-20,05:00,2025-10-20T05:00,11.5,0,0,0,3.5,9,291
Talas,2025-10-20,06:00,2025-10-20T06:00,11.3,0.1,0.1,0,4.2,9.7,263
Talas,2025-10-20,07:00,2025-10-20T07:00,11.2,0,0,0,3.8,9.7,251
Talas,2025-10-20,08:00,2025-10-20T08:00,12,0,0,0,5.4,10.8,296
Talas,2025-10-20,09:00,2025-10-20T09:00,12.8,0,0,0,8.2,16.6,292
Talas,2025-10-20,10:00,2025-10-20T10:00,13.2,0.1,0.1,0,11.5,25.6,292
Talas,2025-10-20,11:00,2025-10-20T11:00,13.8,0.2,0.2,0,11.5,31.3,290
Talas,2025-10-20,12:00,2025-10-20T12:00,15.1,0.1,0.1,0,13.9,33.5,293
Talas,2025-10-20,13:00,2025-10-20T13:00,15.9,0.1,0.1,0,15.4,36,302
Talas,2025-10-20,14:00,2025-10-20T14:00,14.6,0.5,0.5,0,16.1,38.9,292
Talas,2025-10-20,15:00,2025-10-20T15:00,15.7,0.3,0.3,0,17.4,37.1,290
Talas,2025-10-20,16:00,2025-10-20T16:00,15.5,0,0,0,17.5,39.2,289
Talas,2025-10-20,17:00,2025-10-20T17:00,14.9,0,0,0,13.9,36.7,295
Talas,2025-10-20,18:00,2025-10-20T18:00,13.6,0,0,0,9.7,28.8,289
Talas,2025-10-20,19:00,2025-10-20T19:00,11.9,0,0,0,6.1,21.2,240
Talas,2025-10-20,20:00,2025-10-20T20:00,10.5,0,0,0,5.2,13.3,205
Talas,2025-10-20,21:00,2025-10-20T21:00,10.5,0,0,0,5.4,10.4,220
Talas,2025-10-20,22:00,2025-10-20T22:00,10.3,0,0,0,4.6,11.2,189
Talas,2025-10-20,23:00,2025-10-20T23:00,10.1,0,0,0,4.3,9,213
Talas,2025-10-21,00:00,2025-10-21T00:00,10.3,0,0,0,2.7,9.4,238
Talas,2025-10-21,01:00,2025-10-21T01:00,9.4,0,0,0,2.1,7.9,255
Talas,2025-10-21,02:00,2025-10-21T02:00,8.7,0,0,0,2.6,7.6,219
Talas,2025-10-21,03:00,2025-10-21T03:00,8.1,0,0,0,4,7.6,240
Talas,2025-10-21,04:00,2025-10-21T04:00,7.8,0,0,0,2.2,10.8,185
Talas,2025-10-21,05:00,2025-10-21T05:00,7.8,0,0,0,1,7.2,158
Talas,2025-10-21,06:00,2025-10-21T06:00,7.3,0,0,0,1.7,5.4,162
Talas,2025-10-21,07:00,2025-10-21T07:00,7,0,0,0,1.5,5,150
Talas,2025-10-21,08:00,2025-10-21T08:00,9.2,0,0,0,2.3,4.3,151
Talas,2025-10-21,09:00,2025-10-21T09:00,11.2,0,0,0,2.1,9,301
Talas,2025-10-21,10:00,2025-10-21T10:00,13,0,0,0,4.3,16.9,5
Talas,2025-10-21,11:00,2025-10-21T11:00,14.3,0,0,0,7.4,23.4,7
Talas,2025-10-21,12:00,2025-10-21T12:00,15.1,0,0,0,8.4,24.8,345
Talas,2025-10-21,13:00,2025-10-21T13:00,15.8,0,0,0,9,25.6,334
Talas,2025-10-21,14:00,2025-10-21T14:00,16.1,0,0,0,9.9,26.6,325
Talas,2025-10-21,15:00,2025-10-21T15:00,16.5,0,0,0,9,27.4,313
Talas,2025-10-21,16:00,2025-10-21T16:00,16.2,0,0,0,8.4,24.8,312
Talas,2025-10-21,17:00,2025-10-21T17:00,15.1,0,0,0,5.8,21.6,309
Talas,2025-10-21,18:00,2025-10-21T18:00,12.6,0,0,0,1.2,13.3,309
Talas,2025-10-21,19:00,2025-10-21T19:00,11.5,0,0,0,1.8,5.4,96
Talas,2025-10-21,20:00,2025-10-21T20:00,10.1,0,0,0,3.4,7.2,137
Talas,2025-10-21,21:00,2025-10-21T21:00,10.1,0,0,0,4.3,9,163
Talas,2025-10-21,22:00,2025-10-21T22:00,8.9,0,0,0,3,8.3,142
Talas,2025-10-21,23:00,2025-10-21T23:00,8.5,0,0,0,4.2,9.7,155
Talas,2025-10-22,00:00,2025-10-22T00:00,8.2,0,0,0,4.1,10.8,165
Talas,2025-10-22,01:00,2025-10-22T01:00,8,0,0,0,4.4,11.9,168
Talas,2025-10-22,02:00,2025-10-22T02:00,7.4,0,0,0,3.8,12.2,172
Talas,2025-10-22,03:00,2025-10-22T03:00,7.7,0,0,0,2.1,12.2,165
Talas,2025-10-22,04:00,2025-10-22T04:00,7.3,0,0,0,3,7.6,155
Talas,2025-10-22,05:00,2025-10-22T05:00,7.3,0,0,0,3.2,9,161
Talas,2025-10-22,06:00,2025-10-22T06:00,7.2,0,0,0,3.4,10.1,164
Talas,2025-10-22,07:00,2025-10-22T07:00,7.1,0,0,0,3.4,10.8,164
Talas,2025-10-22,08:00,2025-10-22T08:00,9.1,0,0,0,3.8,10.8,161
Talas,2025-10-22,09:00,2025-10-22T09:00,13,0,0,0,2.4,9.7,17
Talas,2025-10-22,10:00,2025-10-22T10:00,15.4,0,0,0,7.1,21.2,10
Talas,2025-10-22,11:00,2025-10-22T11:00,16.6,0,0,0,8.7,24.5,17
Talas,2025-10-22,12:00,2025-10-22T12:00,17.8,0,0,0,7.5,24.8,350
Talas,2025-10-22,13:00,2025-10-22T13:00,18.7,0,0,0,9.5,27.4,292
Talas,2025-10-22,14:00,2025-10-22T14:00,19.3,0,0,0,9.9,28.4,289
Talas,2025-10-22,15:00,2025-10-22T15:00,17.5,0,0,0,9.4,27,230
Talas,2025-10-22,16:00,2025-10-22T16:00,18.7,0,0,0,10.3,25.6,272
Talas,2025-10-22,17:00,2025-10-22T17:00,17.3,0,0,0,5.9,25.9,315
Talas,2025-10-22,18:00,2025-10-22T18:00,15.3,0,0,0,1.5,14,277
Talas,2025-10-22,19:00,2025-10-22T19:00,13.9,0,0,0,4.8,9.4,143
Talas,2025-10-22,20:00,2025-10-22T20:00,12,0,0,0,5.4,13,154
Talas,2025-10-22,21:00,2025-10-22T21:00,11.3,0,0,0,4.8,12.2,165
Talas,2025-10-22,22:00,2025-10-22T22:00,10.7,3.4,3.4,0,5.2,10.8,158
Talas,2025-10-22,23:00,2025-10-22T23:00,10.1,0.1,0.1,0,6.5,15.5,157
Talas,2025-10-23,00:00,2025-10-23T00:00,8.8,0,0,0,4.3,14,158
Talas,2025-10-23,01:00,2025-10-23T01:00,8.8,0,0,0,4.2,11.9,160
Talas,2025-10-23,02:00,2025-10-23T02:00,8.3,0,0,0,4.4,12.6,159
Talas,2025-10-23,03:00,2025-10-23T03:00,8.5,0,0,0,5.7,14.4,143
Talas,2025-10-23,04:00,2025-10-23T04:00,8,0,0,0,6.1,15.1,148
Talas,2025-10-23,05:00,2025-10-23T05:00,7.9,0,0,0,5.7,15.1,156
Talas,2025-10-23,06:00,2025-10-23T06:00,7.8,0,0,0,5.6,14.8,158
Talas,2025-10-23,07:00,2025-10-23T07:00,7.5,0,0,0,5.6,14.8,155
Talas,2025-10-23,08:00,2025-10-23T08:00,10.1,0,0,0,6.5,15.1,150
Talas,2025-10-23,09:00,2025-10-23T09:00,14.5,0,0,0,4.8,13.7,61
Talas,2025-10-23,10:00,2025-10-23T10:00,17.5,0,0,0,7.2,20.5,32
Talas,2025-10-23,11:00,2025-10-23T11:00,19,0.2,0.2,0,9.6,26.3,357
Talas,2025-10-23,12:00,2025-10-23T12:00,20.3,0,0,0,9.4,28.8,329
Talas,2025-10-23,13:00,2025-10-23T13:00,21.4,0,0,0,9.2,26.6,298
Talas,2025-10-23,14:00,2025-10-23T14:00,21.4,0,0,0,10.8,25.6,281
Talas,2025-10-23,15:00,2025-10-23T15:00,21,0,0,0,11.7,27.4,284
Talas,2025-10-23,16:00,2025-10-23T16:00,20.3,0,0,0,10.4,26.3,314
Talas,2025-10-23,17:00,2025-10-23T17:00,18.5,0,0,0,7.6,23.4,355
Talas,2025-10-23,18:00,2025-10-23T18:00,15.4,0,0,0,3,18,107
Talas,2025-10-23,19:00,2025-10-23T19:00,13.8,0,0,0,5.5,13.3,153
Talas,2025-10-23,20:00,2025-10-23T20:00,12.1,0,0,0,3,11.9,163
Talas,2025-10-23,21:00,2025-10-23T21:00,11,0,0,0,3.9,11.2,156
Talas,2025-10-23,22:00,2025-10-23T22:00,10.4,0,0,0,3.7,11.9,157
Talas,2025-10-23,23:00,2025-10-23T23:00,10.9,0,0,0,4.3,11.5,156
Talas,2025-10-24,00:00,2025-10-24T00:00,10.3,0,0,0,4.1,11.2,157
Talas,2025-10-24,01:00,2025-10-24T01:00,9.6,0,0,0,4.8,13,158
Talas,2025-10-24,02:00,2025-10-24T02:00,8.9,0,0,0,5.2,14.4,164
Talas,2025-10-24,03:00,2025-10-24T03:00,8.7,0,0,0,6.2,14.8,154
Talas,2025-10-24,04:00,2025-10-24T04:00,8.1,0,0,0,7.2,17.6,153
Talas,2025-10-24,05:00,2025-10-24T05:00,8,0,0,0,7.2,17.6,155
Talas,2025-10-24,06:00,2025-10-24T06:00,8,0,0,0,7.2,18.4,161
Talas,2025-10-24,07:00,2025-10-24T07:00,7.8,0,0,0,6.8,17.6,163
Talas,2025-10-24,08:00,2025-10-24T08:00,10.3,0,0,0,7.3,17.6,163
Talas,2025-10-24,09:00,2025-10-24T09:00,15.3,0,0,0,3,16.2,115
Talas,2025-10-24,10:00,2025-10-24T10:00,17.9,0,0,0,2.5,12.2,69
Talas,2025-10-24,11:00,2025-10-24T11:00,19.4,0.3,0.3,0,4.2,17.3,36
Talas,2025-10-24,12:00,2025-10-24T12:00,20.5,0.1,0.1,0,2.5,18.4,30
Talas,2025-10-24,13:00,2025-10-24T13:00,21.2,0.2,0.2,0,3.2,16.9,344
Talas,2025-10-24,14:00,2025-10-24T14:00,21.6,0,0,0,4.4,17.3,289
Talas,2025-10-24,15:00,2025-10-24T15:00,21.4,0,0,0,7.6,16.2,270
Talas,2025-10-24,16:00,2025-10-24T16:00,21.9,0,0,0,7.5,16.9,260
Talas,2025-10-24,17:00,2025-10-24T17:00,19.8,0,0,0,2.9,15.8,313
Talas,2025-10-24,18:00,2025-10-24T18:00,16.6,0,0,0,3.4,7.9,108
Talas,2025-10-24,19:00,2025-10-24T19:00,15.2,0,0,0,6.4,13,142
Talas,2025-10-24,20:00,2025-10-24T20:00,13.6,0,0,0,6.7,15.5,153
Talas,2025-10-24,21:00,2025-10-24T21:00,11.7,0,0,0,6.3,15.5,162
Talas,2025-10-24,22:00,2025-10-24T22:00,10.6,0,0,0,5.5,15.1,163
Talas,2025-10-24,23:00,2025-10-24T23:00,9.7,0,0,0,5.4,15.5,165
Talas,2025-10-25,00:00,2025-10-25T00:00,9.1,0,0,0,4.7,15.5,164
Talas,2025-10-25,01:00,2025-10-25T01:00,8.8,0,0,0,4.8,14.4,160
Talas,2025-10-25,02:00,2025-10-25T02:00,8.4,0,0,0,5.1,14.8,162
Talas,2025-10-25,03:00,2025-10-25T03:00,8.5,0,0,0,3.4,14.4,164
Talas,2025-10-25,04:00,2025-10-25T04:00,8.2,0,0,0,3.7,12.6,157
Talas,2025-10-25,05:00,2025-10-25T05:00,8,0,0,0,5.2,14.4,155
Talas,2025-10-25,06:00,2025-10-25T06:00,8.1,0,0,0,5.2,14.4,160
Talas,2025-10-25,07:00,2025-10-25T07:00,8.5,0,0,0,4.5,14.4,164
Talas,2025-10-25,08:00,2025-10-25T08:00,10.6,0,0,0,5.5,13,161
Talas,2025-10-25,09:00,2025-10-25T09:00,14.9,0,0,0,3.4,12.2,43
Talas,2025-10-25,10:00,2025-10-25T10:00,17.2,0,0,0,7.3,20.5,38
Talas,2025-10-25,11:00,2025-10-25T11:00,18.7,0,0,0,7.7,23.4,25
Talas,2025-10-25,12:00,2025-10-25T12:00,19.9,0,0,0,10.9,29.2,9
Talas,2025-10-25,13:00,2025-10-25T13:00,20.6,0,0,0,14.2,35.3,353
Talas,2025-10-25,14:00,2025-10-25T14:00,20.8,0,0,0,15.8,38.9,349
Talas,2025-10-25,15:00,2025-10-25T15:00,21,0,0,0,8.1,38.2,294
Talas,2025-10-25,16:00,2025-10-25T16:00,20.8,0,0,0,11.8,25.9,291
Talas,2025-10-25,17:00,2025-10-25T17:00,19.1,0,0,0,10.8,26.3,332
Talas,2025-10-25,18:00,2025-10-25T18:00,15.8,0,0,0,3.3,23,306
Talas,2025-10-25,19:00,2025-10-25T19:00,14.6,0,0,0,2.7,9.7,148
Talas,2025-10-25,20:00,2025-10-25T20:00,13.7,0,0,0,4.8,11.2,158
Talas,2025-10-25,21:00,2025-10-25T21:00,13,0,0,0,4.3,15.1,156
Talas,2025-10-25,22:00,2025-10-25T22:00,11.4,0,0,0,6.6,15.5,159
Talas,2025-10-25,23:00,2025-10-25T23:00,10.7,0,0,0,5.8,16.6,166
Talas,2025-10-26,00:00,2025-10-26T00:00,10.6,0,0,0,6.3,15.5,173
Talas,2025-10-26,01:00,2025-10-26T01:00,10.8,0,0,0,4.2,15.5,173
Talas,2025-10-26,02:00,2025-10-26T02:00,11.4,0.1,0.1,0,7.7,19.1,181
Talas,2025-10-26,03:00,2025-10-26T03:00,11.6,0.4,0.4,0,3.5,18.4,189
Talas,2025-10-26,04:00,2025-10-26T04:00,12,0,0,0,0.8,12.2,63
Talas,2025-10-26,05:00,2025-10-26T05:00,11.1,0,0,0,1.3,6.5,124
Talas,2025-10-26,06:00,2025-10-26T06:00,10.9,0,0,0,0.4,5.4,180
Talas,2025-10-26,07:00,2025-10-26T07:00,10.9,0,0,0,3.9,10.4,313
Talas,2025-10-26,08:00,2025-10-26T08:00,11.4,0.8,0.8,0,2.7,10.4,148
Talas,2025-10-26,09:00,2025-10-26T09:00,12.8,0.4,0.4,0,0.9,9,101
Talas,2025-10-26,10:00,2025-10-26T10:00,14.9,0,0,0,8.4,22,293
Talas,2025-10-26,11:00,2025-10-26T11:00,16.5,0.1,0.1,0,15.1,34.2,293
Talas,2025-10-26,12:00,2025-10-26T12:00,17.6,0,0,0,16,36.7,293
Talas,2025-10-26,13:00,2025-10-26T13:00,18,0,0,0,15.9,37.1,295
Talas,2025-10-26,14:00,2025-10-26T14:00,18.3,0,0,0,16.5,36,299
Talas,2025-10-26,15:00,2025-10-26T15:00,19.1,0,0,0,16.5,37.8,311
Talas,2025-10-26,16:00,2025-10-26T16:00,18,0,0,0,15.5,39.2,331
Talas,2025-10-26,17:00,2025-10-26T17:00,16.7,0,0,0,4.5,33.8,346
Talas,2025-10-26,18:00,2025-10-26T18:00,14.5,0,0,0,0.7,11.9,180
Talas,2025-10-26,19:00,2025-10-26T19:00,13.8,0,0,0,0.4,6.1,180
Talas,2025-10-26,20:00,2025-10-26T20:00,12.7,0,0,0,1.2,4.3,141
Talas,2025-10-26,21:00,2025-10-26T21:00,11.8,0,0,0,4.9,10.8,147
Talas,2025-10-26,22:00,2025-10-26T22:00,10.1,0,0,0,4.4,12.6,159
Talas,2025-10-26,23:00,2025-10-26T23:00,9.1,0,0,0,4.8,13.3,160
Talas,2025-10-27,00:00,2025-10-27T00:00,8.5,0,0,0,5.2,14.8,164
Talas,2025-10-27,01:00,2025-10-27T01:00,8.1,0,0,0,5.2,15.1,166
Talas,2025-10-27,02:00,2025-10-27T02:00,8,0,0,0,5,15.1,167
Talas,2025-10-27,03:00,2025-10-27T03:00,7.9,0,0,0,5,15.1,167
Talas,2025-10-27,04:00,2025-10-27T04:00,8,0,0,0,5,15.1,165
Talas,2025-10-27,05:00,2025-10-27T05:00,8.2,0,0,0,5.2,14.8,164
Talas,2025-10-27,06:00,2025-10-27T06:00,8.4,0,0,0,5.3,15.1,162
Talas,2025-10-27,07:00,2025-10-27T07:00,8.7,0,0,0,4.3,14.8,163
Talas,2025-10-27,08:00,2025-10-27T08:00,11.1,0,0,0,4.2,12.6,149
Talas,2025-10-27,09:00,2025-10-27T09:00,14.3,0,0,0,3.7,12.2,55
Talas,2025-10-27,10:00,2025-10-27T10:00,16.9,0,0,0,6.2,19.1,38
Talas,2025-10-27,11:00,2025-10-27T11:00,18.9,0,0,0,9,25.2,22
Talas,2025-10-27,12:00,2025-10-27T12:00,20.2,0,0,0,12.2,31.7,8
Talas,2025-10-27,13:00,2025-10-27T13:00,21.4,0,0,0,12.6,33.8,358
Talas,2025-10-27,14:00,2025-10-27T14:00,22.6,0,0,0,10.7,33.1,346
Talas,2025-10-27,15:00,2025-10-27T15:00,22.9,0,0,0,9.5,28.8,303
Talas,2025-10-27,16:00,2025-10-27T16:00,22.7,0,0,0,9.2,24.5,312
Talas,2025-10-27,17:00,2025-10-27T17:00,20,0,0,0,4.3,21.2,355
Talas,2025-10-27,18:00,2025-10-27T18:00,16.2,0,0,0,3.9,10.4,124
Talas,2025-10-27,19:00,2025-10-27T19:00,14.3,0,0,0,8.2,18,154
Talas,2025-10-27,20:00,2025-10-27T20:00,12.5,0,0,0,8.9,19.8,156
Talas,2025-10-27,21:00,2025-10-27T21:00,12.8,0,0,0,9.9,19.8,159
Talas,2025-10-27,22:00,2025-10-27T22:00,12.4,0,0,0,7.9,21.6,160
Talas,2025-10-27,23:00,2025-10-27T23:00,11.5,0,0,0,7.2,18,161
Talas,2025-10-28,00:00,2025-10-28T00:00,11.1,0,0,0,7.3,18,164
Talas,2025-10-28,01:00,2025-10-28T01:00,10.8,0,0,0,8.3,19.8,158
Talas,2025-10-28,02:00,2025-10-28T02:00,10.7,0,0,0,7.1,19.4,164
Talas,2025-10-28,03:00,2025-10-28T03:00,9.6,0,0,0,4.9,18,163
Talas,2025-10-28,04:00,2025-10-28T04:00,10.3,0,0,0,6.4,16.6,155
Talas,2025-10-28,05:00,2025-10-28T05:00,10.4,0,0,0,6.1,15.5,157
Talas,2025-10-28,06:00,2025-10-28T06:00,10.4,0,0,0,6.5,16.2,156
Talas,2025-10-28,07:00,2025-10-28T07:00,10.2,0,0,0,6.1,15.8,156
Talas,2025-10-28,08:00,2025-10-28T08:00,12,0,0,0,6.8,15.8,155
Talas,2025-10-28,09:00,2025-10-28T09:00,16.1,0,0,0,2.6,15.1,106
Talas,2025-10-28,10:00,2025-10-28T10:00,18.7,0,0,0,2.5,13,60
Talas,2025-10-28,11:00,2025-10-28T11:00,20.3,0,0,0,3.7,16.6,14
Talas,2025-10-28,12:00,2025-10-28T12:00,21.8,0,0,0,5,23.4,347
Talas,2025-10-28,13:00,2025-10-28T13:00,22.8,0,0,0,3.7,19.8,317
Talas,2025-10-28,14:00,2025-10-28T14:00,23.1,0,0,0,3.1,17.6,220
Talas,2025-10-28,15:00,2025-10-28T15:00,22.9,0,0,0,12,16.2,252
Talas,2025-10-28,16:00,2025-10-28T16:00,21.7,0,0,0,10.2,25.9,171
Talas,2025-10-28,17:00,2025-10-28T17:00,19.4,0,0,0,11.9,25.2,141
Talas,2025-10-28,18:00,2025-10-28T18:00,16.7,0,0,0,9.4,23.8,137
Talas,2025-10-28,19:00,2025-10-28T19:00,14.8,0,0,0,6.4,19.4,153
Talas,2025-10-28,20:00,2025-10-28T20:00,13,3.8,3.8,0,3.9,16.9,202
Talas,2025-10-28,21:00,2025-10-28T21:00,12.5,1.3,1.3,0,6.6,16.6,261
Talas,2025-10-28,22:00,2025-10-28T22:00,12.8,0.4,0.4,0,11.9,23.8,128
Talas,2025-10-28,23:00,2025-10-28T23:00,12.5,0,0,0,8.3,23.8,146
Talas,2025-10-29,00:00,2025-10-29T00:00,13.2,0,0,0,10.5,22.7,142
Talas,2025-10-29,01:00,2025-10-29T01:00,11.1,0,0,0,5.2,22,146
Talas,2025-10-29,02:00,2025-10-29T02:00,9.9,0,0,0,1,12.2,225
Talas,2025-10-29,03:00,2025-10-29T03:00,10.9,0.1,0.1,0,3.6,10.4,120
Talas,2025-10-29,04:00,2025-10-29T04:00,10.2,0.2,0.2,0,3.4,10.8,212
Talas,2025-10-29,05:00,2025-10-29T05:00,10,1.7,1.7,0,5.6,18,228
Talas,2025-10-29,06:00,2025-10-29T06:00,10.6,0.1,0.1,0,5.7,19.4,257
Talas,2025-10-29,07:00,2025-10-29T07:00,9.5,3.3,3.3,0,8.6,23.4,272
Talas,2025-10-29,08:00,2025-10-29T08:00,10.5,0.5,0.5,0,9.8,23.4,256
Talas,2025-10-29,09:00,2025-10-29T09:00,11,0,0,0,13.3,28.4,286
Talas,2025-10-29,10:00,2025-10-29T10:00,11.6,0.1,0.1,0,15.3,34.2,292
Talas,2025-10-29,11:00,2025-10-29T11:00,12.5,0.2,0.2,0,16.4,38.2,294
Talas,2025-10-29,12:00,2025-10-29T12:00,13.6,0.1,0.1,0,15.3,36,297
Talas,2025-10-29,13:00,2025-10-29T13:00,14.5,0,0,0,15.3,36.4,300
Talas,2025-10-29,14:00,2025-10-29T14:00,14.9,0,0,0,14,36,303
Talas,2025-10-29,15:00,2025-10-29T15:00,15.1,0,0,0,14,33.5,298
Talas,2025-10-29,16:00,2025-10-29T16:00,14.8,0,0,0,14.2,32.8,305
Talas,2025-10-29,17:00,2025-10-29T17:00,13.9,0,0,0,9.8,32,314
Talas,2025-10-29,18:00,2025-10-29T18:00,10.5,0,0,0,5.6,22.3,339
Talas,2025-10-29,19:00,2025-10-29T19:00,9.8,0,0,0,1.3,14,326
Talas,2025-10-29,20:00,2025-10-29T20:00,8.9,0,0,0,1.4,6.8,180
Talas,2025-10-29,21:00,2025-10-29T21:00,8,0,0,0,3.5,5.8,189
Talas,2025-10-29,22:00,2025-10-29T22:00,7.1,0,0,0,3.6,6.5,180
Talas,2025-10-29,23:00,2025-10-29T23:00,7,0,0,0,3.1,6.5,187
Talas,2025-10-30,00:00,2025-10-30T00:00,7,0,0,0,2.5,6.5,201
Talas,2025-10-30,01:00,2025-10-30T01:00,6.7,0,0,0,2.3,6.1,198
Talas,2025-10-30,02:00,2025-10-30T02:00,6.6,0,0,0,1.1,5.8,198
Talas,2025-10-30,03:00,2025-10-30T03:00,5.1,0,0,0,5,4.7,218
Talas,2025-10-30,04:00,2025-10-30T04:00,4.7,0,0,0,3.9,9.7,204
Talas,2025-10-30,05:00,2025-10-30T05:00,5,0,0,0,1.9,7.6,197
Talas,2025-10-30,06:00,2025-10-30T06:00,4.7,0,0,0,2.7,4.3,184
Talas,2025-10-30,07:00,2025-10-30T07:00,4.6,0,0,0,2.2,4.3,166
Talas,2025-10-30,08:00,2025-10-30T08:00,6.1,0,0,0,2.7,4.7,157
Talas,2025-10-30,09:00,2025-10-30T09:00,8.8,0,0,0,1.9,8.6,236
Talas,2025-10-30,10:00,2025-10-30T10:00,10.7,0,0,0,2.2,13.3,336
Talas,2025-10-30,11:00,2025-10-30T11:00,12.5,0,0,0,3.6,16.9,354
Talas,2025-10-30,12:00,2025-10-30T12:00,14,0,0,0,5.4,20.2,360
Talas,2025-10-30,13:00,2025-10-30T13:00,15,0,0,0,5.9,21.2,358
Talas,2025-10-30,14:00,2025-10-30T14:00,15.8,0,0,0,5.6,21.2,356
Talas,2025-10-30,15:00,2025-10-30T15:00,15.9,0,0,0,4.1,20.2,360
Talas,2025-10-30,16:00,2025-10-30T16:00,15.8,0,0,0,5.2,17.3,4
Talas,2025-10-30,17:00,2025-10-30T17:00,13.7,0,0,0,1.8,15.8,6
Talas,2025-10-30,18:00,2025-10-30T18:00,11.3,0,0,0,0.7,5.4,166
Talas,2025-10-30,19:00,2025-10-30T19:00,9.6,0,0,0,3.2,6.8,153
Talas,2025-10-30,20:00,2025-10-30T20:00,8.3,0,0,0,3.6,7.9,150
Talas,2025-10-30,21:00,2025-10-30T21:00,8.3,0,0,0,2.1,7.9,160
Talas,2025-10-30,22:00,2025-10-30T22:00,7.1,0,0,0,1.9,5.4,163
Talas,2025-10-30,23:00,2025-10-30T23:00,6.4,0,0,0,2,5.8,170
Talas,2025-10-31,00:00,2025-10-31T00:00,5.8,0,0,0,1.8,6.1,169
Talas,2025-10-31,01:00,2025-10-31T01:00,5.5,0,0,0,1.8,5.8,174
Talas,2025-10-31,02:00,2025-10-31T02:00,5.4,0,0,0,1.5,5.8,173
Talas,2025-10-31,03:00,2025-10-31T03:00,5.4,0,0,0,1.3,5.4,188
Talas,2025-10-31,04:00,2025-10-31T04:00,4.4,0,0,0,1.4,5,157
Talas,2025-10-31,05:00,2025-10-31T05:00,4,0,0,0,1.9,6.5,163
Talas,2025-10-31,06:00,2025-10-31T06:00,4.3,0,0,0,1.5,6.5,166
Talas,2025-10-31,07:00,2025-10-31T07:00,4.8,0,0,0,1,5.8,158
Talas,2025-10-31,08:00,2025-10-31T08:00,7.2,0,0,0,0.8,4.7,153
Talas,2025-10-31,09:00,2025-10-31T09:00,9.9,0,0,0,2.9,5,270
Talas,2025-10-31,10:00,2025-10-31T10:00,12.3,0,0,0,4,13.7,360
Talas,2025-10-31,11:00,2025-10-31T11:00,14.2,0,0,0,5.4,18,2
Talas,2025-10-31,12:00,2025-10-31T12:00,15.7,0,0,0,6.1,20.2,360
Talas,2025-10-31,13:00,2025-10-31T13:00,16.8,0,0,0,6,20.5,357
Talas,2025-10-31,14:00,2025-10-31T14:00,17.3,0,0,0,6,20.2,353
Talas,2025-10-31,15:00,2025-10-31T15:00,17.3,0,0,0,5.2,19.4,348
Talas,2025-10-31,16:00,2025-10-31T16:00,16.7,0,0,0,3.1,16.6,336
Talas,2025-10-31,17:00,2025-10-31T17:00,14.3,0,0,0,0.5,10.8,135
Talas,2025-10-31,18:00,2025-10-31T18:00,11.3,0,0,0,2.7,5,157
Talas,2025-10-31,19:00,2025-10-31T19:00,10.6,0,0,0,2.3,5.8,162
Talas,2025-10-31,20:00,2025-10-31T20:00,10.3,0,0,0,2.1,5,160
Talas,2025-10-31,21:00,2025-10-31T21:00,10,0,0,0,1.8,4.7,174
Talas,2025-10-31,22:00,2025-10-31T22:00,9,0,0,0,1.8,4.7,156
Talas,2025-10-31,23:00,2025-10-31T23:00,8.7,0,0,0,1.5,4.7,150
Talas,2025-11-01,00:00,2025-11-01T00:00,8.4,0,0,0,1,4,158
Talas,2025-11-01,01:00,2025-11-01T01:00,8,0,0,0,0.7,3.6,166
Talas,2025-11-01,02:00,2025-11-01T02:00,7.5,0,0,0,1,3.6,158
Talas,2025-11-01,03:00,2025-11-01T03:00,6.7,0,0,0,1.4,4.3,203
Talas,2025-11-01,04:00,2025-11-01T04:00,6.1,0,0,0,1.7,6.1,167
Talas,2025-11-01,05:00,2025-11-01T05:00,5.9,0,0,0,1.5,5.4,166
Talas,2025-11-01,06:00,2025-11-01T06:00,5.7,0,0,0,1.7,5.4,162
Talas,2025-11-01,07:00,2025-11-01T07:00,5.8,0,0,0,1.3,5,164
Talas,2025-11-01,08:00,2025-11-01T08:00,7.5,0,0,0,1.6,4.3,153
Talas,2025-11-01,09:00,2025-11-01T09:00,9.9,0,0,0,4.3,5,268
Talas,2025-11-01,10:00,2025-11-01T10:00,11.9,0,0,0,3.2,12.2,322
Talas,2025-11-01,11:00,2025-11-01T11:00,13.6,0,0,0,2.8,14.4,320
Talas,2025-11-01,12:00,2025-11-01T12:00,14.9,0,0,0,3.7,16.6,325
Talas,2025-11-01,13:00,2025-11-01T13:00,16,0,0,0,5,18.4,325
Talas,2025-11-01,14:00,2025-11-01T14:00,16.7,0,0,0,5,18.7,339
Talas,2025-11-01,15:00,2025-11-01T15:00,16.9,0,0,0,5.5,18,319
Talas,2025-11-01,16:00,2025-11-01T16:00,16.4,0,0,0,4.1,16.9,304
Talas,2025-11-01,17:00,2025-11-01T17:00,13.7,0,0,0,1.3,12.2,236
Talas,2025-11-01,18:00,2025-11-01T18:00,10.9,0,0,0,3.7,5.4,194
Talas,2025-11-01,19:00,2025-11-01T19:00,10.5,0,0,0,4.3,6.8,195
Talas,2025-11-01,20:00,2025-11-01T20:00,10.4,0,0,0,3.4,7.2,183
Talas,2025-11-01,21:00,2025-11-01T21:00,10.1,0,0,0,3,6.1,194
Talas,2025-11-01,22:00,2025-11-01T22:00,9.9,0,0,0,1.1,5.4,162
Talas,2025-11-01,23:00,2025-11-01T23:00,9.1,0,0,0,1,2.9,135
Talas,2025-11-02,00:00,2025-11-02T00:00,8.1,0,0,0,1.3,3.6,135
Talas,2025-11-02,01:00,2025-11-02T01:00,7.4,0,0,0,1.3,4,146
Talas,2025-11-02,02:00,2025-11-02T02:00,6.8,0,0,0,1.3,4,146
Talas,2025-11-02,03:00,2025-11-02T03:00,6.4,0,0,0,1.5,4.3,194
Talas,2025-11-02,04:00,2025-11-02T04:00,5.6,0,0,0,1,4,149
Talas,2025-11-02,05:00,2025-11-02T05:00,5.3,0,0,0,1.4,4.3,157
Talas,2025-11-02,06:00,2025-11-02T06:00,5.3,0,0,0,1.1,4,162
Talas,2025-11-02,07:00,2025-11-02T07:00,5.2,0,0,0,1.7,5,167
Talas,2025-11-02,08:00,2025-11-02T08:00,6.9,0,0,0,1.3,5,164
Talas,2025-11-02,09:00,2025-11-02T09:00,10,0,0,0,2.1,5,250
Talas,2025-11-02,10:00,2025-11-02T10:00,12,0,0,0,3.7,13.3,337
Talas,2025-11-02,11:00,2025-11-02T11:00,13.9,0,0,0,4.4,16.6,348
Talas,2025-11-02,12:00,2025-11-02T12:00,15.6,0,0,0,5.6,19.4,354
Talas,2025-11-02,13:00,2025-11-02T13:00,16.7,0,0,0,6.1,20.5,360
Talas,2025-11-02,14:00,2025-11-02T14:00,17.6,0,0,0,5.8,20.5,4
Talas,2025-11-02,15:00,2025-11-02T15:00,18.2,0,0,0,5.1,19.4,27
Talas,2025-11-02,16:00,2025-11-02T16:00,17.8,0,0,0,5.1,17.3,17
Talas,2025-11-02,17:00,2025-11-02T17:00,15.1,0,0,0,1,14,112
Talas,2025-11-02,18:00,2025-11-02T18:00,12,0,0,0,4.6,9.4,162
Talas,2025-11-02,19:00,2025-11-02T19:00,11.1,0,0,0,4.8,10.8,155
Talas,2025-11-02,20:00,2025-11-02T20:00,10.1,0,0,0,4.5,10.8,151
Talas,2025-11-02,21:00,2025-11-02T21:00,10.4,0,0,0,4.3,10.8,156
Talas,2025-11-02,22:00,2025-11-02T22:00,9.3,0,0,0,4.6,11.2,154
Talas,2025-11-02,23:00,2025-11-02T23:00,8.8,0,0,0,3.8,11.2,169
Talas,2025-11-03,00:00,2025-11-03T00:00,8.1,0,0,0,3.6,9.7,174
Talas,2025-11-03,01:00,2025-11-03T01:00,7.6,0,0,0,3.1,9.7,177
Talas,2025-11-03,02:00,2025-11-03T02:00,7.3,0,0,0,2.7,9,172
Talas,2025-11-03,03:00,2025-11-03T03:00,7.7,0,0,0,2.3,7.9,209
Talas,2025-11-03,04:00,2025-11-03T04:00,8,0,0,0,1.5,7.2,173
Talas,2025-11-03,05:00,2025-11-03T05:00,7.3,0,0,0,2.2,6.8,166
Talas,2025-11-03,06:00,2025-11-03T06:00,6.9,0,0,0,1.8,6.8,169
Talas,2025-11-03,07:00,2025-11-03T07:00,6.8,0,0,0,1.8,6.5,169
Talas,2025-11-03,08:00,2025-11-03T08:00,8.4,0,0,0,1.8,6.8,169
Talas,2025-11-03,09:00,2025-11-03T09:00,12.1,0,0,0,1.8,5.8,246
Talas,2025-11-03,10:00,2025-11-03T10:00,15,0,0,0,3.1,11.5,339
Talas,2025-11-03,11:00,2025-11-03T11:00,17.3,0,0,0,5.3,17.6,348
Talas,2025-11-03,12:00,2025-11-03T12:00,19,0,0,0,7.2,22,359
Talas,2025-11-03,13:00,2025-11-03T13:00,19.9,0,0,0,9,25.2,355
Talas,2025-11-03,14:00,2025-11-03T14:00,20.3,0,0,0,9.7,26.3,356
Talas,2025-11-03,15:00,2025-11-03T15:00,20.7,0,0,0,9,25.9,348
Talas,2025-11-03,16:00,2025-11-03T16:00,19.7,0,0,0,6.9,23,346
Talas,2025-11-03,17:00,2025-11-03T17:00,16.8,0,0,0,0.6,15.1,124
Talas,2025-11-03,18:00,2025-11-03T18:00,14.3,0,0,0,2.6,6.5,129
Talas,2025-11-03,19:00,2025-11-03T19:00,13.6,0,0,0,2.8,7.6,140
Talas,2025-11-03,20:00,2025-11-03T20:00,12.3,0,0,0,2.5,6.8,150
Talas,2025-11-03,21:00,2025-11-03T21:00,11.8,0,0,0,1.8,10.4,174
Talas,2025-11-03,22:00,2025-11-03T22:00,10.3,0,0,0,3.1,9.4,173
Talas,2025-11-03,23:00,2025-11-03T23:00,9.8,0,0,0,2.8,10.8,169
Talas,2025-11-04,00:00,2025-11-04T00:00,9.5,0,0,0,2.2,11.2,175
Talas,2025-11-04,01:00,2025-11-04T01:00,8.9,0,0,0,1.1,9.4,171
Talas,2025-11-04,02:00,2025-11-04T02:00,9.4,0,0,0,0.8,6.5,153
Talas,2025-11-04,03:00,2025-11-04T03:00,9.8,0,0,0,1.4,4.3,203
Talas,2025-11-04,04:00,2025-11-04T04:00,11,0,0,0,0.9,4.3,127
Talas,2025-11-04,05:00,2025-11-04T05:00,11.8,0,0,0,1.5,5.4,144
Talas,2025-11-04,06:00,2025-11-04T06:00,11.7,0,0,0,0.6,4,124
Talas,2025-11-04,07:00,2025-11-04T07:00,10.7,0,0,0,0.9,2.9,270
Talas,2025-11-04,08:00,2025-11-04T08:00,10.8,0.1,0.1,0,0.6,2.9,124
Talas,2025-11-04,09:00,2025-11-04T09:00,10.6,0.6,0.6,0,2.5,9.7,120
Talas,2025-11-04,10:00,2025-11-04T10:00,10.5,1,1,0,3.6,7.2,180
Talas,2025-11-04,11:00,2025-11-04T11:00,10.7,1.2,1.2,0,3.1,7.2,156
Talas,2025-11-04,12:00,2025-11-04T12:00,11.4,0.6,0.6,0,5.4,13.3,82
Talas,2025-11-04,13:00,2025-11-04T13:00,13.5,0,0,0,5,16.9,55
Talas,2025-11-04,14:00,2025-11-04T14:00,14.9,0,0,0,4.9,18.4,57
Talas,2025-11-04,15:00,2025-11-04T15:00,15.3,0,0,0,2.8,18.4,35
Talas,2025-11-04,16:00,2025-11-04T16:00,15.6,0,0,0,2.3,13.7,356
Talas,2025-11-04,17:00,2025-11-04T17:00,13.5,0,0,0,4.3,13,17
Talas,2025-11-04,18:00,2025-11-04T18:00,10.9,0,0,0,2.2,10.8,138
Talas,2025-11-04,19:00,2025-11-04T19:00,9.6,0,0,0,3.3,6.1,158
Talas,2025-11-04,20:00,2025-11-04T20:00,9.1,0,0,0,3.1,6.5,149
Talas,2025-11-04,21:00,2025-11-04T21:00,9,0,0,0,2.8,6.5,140
Talas,2025-11-04,22:00,2025-11-04T22:00,8.2,0,0,0,2.5,6.1,135
Talas,2025-11-04,23:00,2025-11-04T23:00,7.9,0,0,0,2.2,5.8,145
Talas,2025-11-05,00:00,2025-11-05T00:00,7.6,0,0,0,1.6,4.7,153
Talas,2025-11-05,01:00,2025-11-05T01:00,7.1,0,0,0,1.9,4.7,163
Talas,2025-11-05,02:00,2025-11-05T02:00,6.7,0,0,0,2.4,5.8,163
Talas,2025-11-05,03:00,2025-11-05T03:00,7.6,0,0,0,1.9,6.1,221
Talas,2025-11-05,04:00,2025-11-05T04:00,7.1,0,0,0,1.5,4.3,187
Talas,2025-11-05,05:00,2025-11-05T05:00,6.6,0,0,0,1.5,2.9,173
Talas,2025-11-05,06:00,2025-11-05T06:00,6.4,0,0,0,1.1,2.9,162
Talas,2025-11-05,07:00,2025-11-05T07:00,6.3,0,0,0,1.1,2.9,171
Talas,2025-11-05,08:00,2025-11-05T08:00,7.7,0,0,0,0.9,2.9,169
Talas,2025-11-05,09:00,2025-11-05T09:00,10.4,0,0,0,2.7,6.1,278
Talas,2025-11-05,10:00,2025-11-05T10:00,12.5,0,0,0,3.6,14,342
Talas,2025-11-05,11:00,2025-11-05T11:00,14.4,0,0,0,5.2,18.7,2
Talas,2025-11-05,12:00,2025-11-05T12:00,15.9,0,0,0,6.7,21.6,360
Talas,2025-11-05,13:00,2025-11-05T13:00,16.8,0,0,0,7.8,23.8,355
Talas,2025-11-05,14:00,2025-11-05T14:00,17.3,0,0,0,7.5,23.8,350
Talas,2025-11-05,15:00,2025-11-05T15:00,17.8,0,0,0,5.8,22.7,344
Talas,2025-11-05,16:00,2025-11-05T16:00,17.5,0,0,0,6.2,19.1,343
Talas,2025-11-05,17:00,2025-11-05T17:00,15,0,0,0,1.4,16.9,310
Talas,2025-11-05,18:00,2025-11-05T18:00,12.7,0,0,0,1.8,4.7,186
Talas,2025-11-05,19:00,2025-11-05T19:00,11.2,0,0,0,3.8,7.9,155
Talas,2025-11-05,20:00,2025-11-05T20:00,10.3,0,0,0,4,9.4,153
Talas,2025-11-05,21:00,2025-11-05T21:00,10.1,0,0,0,3.1,9.4,159
Talas,2025-11-05,22:00,2025-11-05T22:00,9.4,0,0,0,3.6,7.9,150
Talas,2025-11-05,23:00,2025-11-05T23:00,9,0,0,0,4.1,10.1,157
Talas,2025-11-06,00:00,2025-11-06T00:00,8.5,0,0,0,3.5,10.4,165
Talas,2025-11-06,01:00,2025-11-06T01:00,8,0,0,0,3.1,10.4,173
Talas,2025-11-06,02:00,2025-11-06T02:00,7.4,0,0,0,2.7,10.4,172
Talas,2025-11-06,03:00,2025-11-06T03:00,7.4,0,0,0,1.8,10.4,180
Talas,2025-11-06,04:00,2025-11-06T04:00,6.9,0,0,0,2.9,8.3,158
Talas,2025-11-06,05:00,2025-11-06T05:00,7.1,0,0,0,3.4,9.7,162
Talas,2025-11-06,06:00,2025-11-06T06:00,7.5,0,0,0,4.1,11.2,157
Talas,2025-11-06,07:00,2025-11-06T07:00,7.3,0,0,0,3.3,11.5,171
Talas,2025-11-06,08:00,2025-11-06T08:00,9.1,0,0,0,4.7,13.3,162
Talas,2025-11-06,09:00,2025-11-06T09:00,12.3,0,0,0,2.8,13.3,191
Talas,2025-11-06,10:00,2025-11-06T10:00,15.1,0,0,0,6.8,14.8,243
Talas,2025-11-06,11:00,2025-11-06T11:00,14.2,0.5,0.5,0,6.4,22,198
Talas,2025-11-06,12:00,2025-11-06T12:00,17.1,0,0,0,7.2,19.8,71
Talas,2025-11-06,13:00,2025-11-06T13:00,20.2,0,0,0,10.4,27.4,67
Talas,2025-11-06,14:00,2025-11-06T14:00,22.1,0,0,0,8.8,27.4,86
Talas,2025-11-06,15:00,2025-11-06T15:00,19.6,0,0,0,8.7,23.4,159
Talas,2025-11-06,16:00,2025-11-06T16:00,20.1,0,0,0,5.8,19.1,90
Talas,2025-11-06,17:00,2025-11-06T17:00,17.6,0,0,0,5.7,13.7,143
Talas,2025-11-06,18:00,2025-11-06T18:00,15.6,0,0,0,7.6,16.9,162
Talas,2025-11-06,19:00,2025-11-06T19:00,13.3,0,0,0,8.9,19.8,162
Talas,2025-11-06,20:00,2025-11-06T20:00,12.1,0,0,0,10.5,23.4,158
Talas,2025-11-06,21:00,2025-11-06T21:00,12.4,0,0,0,10.9,25.2,153
Talas,2025-11-06,22:00,2025-11-06T22:00,12.7,0,0,0,12.6,27.4,153
Talas,2025-11-06,23:00,2025-11-06T23:00,12.3,0,0,0,12.2,27.7,153
Talas,2025-11-07,00:00,2025-11-07T00:00,11.5,0,0,0,11.4,27,152
Talas,2025-11-07,01:00,2025-11-07T01:00,11,0,0,0,11.3,26.6,151
Talas,2025-11-07,02:00,2025-11-07T02:00,10.9,0,0,0,10.8,25.6,147
Talas,2025-11-07,03:00,2025-11-07T03:00,9.9,0,0,0,10.3,25.2,157
Talas,2025-11-07,04:00,2025-11-07T04:00,9.9,0,0,0,10.4,25.2,152
Talas,2025-11-07,05:00,2025-11-07T05:00,9.8,0,0,0,9.8,24.5,152
Talas,2025-11-07,06:00,2025-11-07T06:00,9.5,0,0,0,8.7,23.4,153
Talas,2025-11-07,07:00,2025-11-07T07:00,9.2,0,0,0,8.8,21.6,149
Talas,2025-11-07,08:00,2025-11-07T08:00,10.3,0,0,0,9,21.6,150
Talas,2025-11-07,09:00,2025-11-07T09:00,14.9,0,0,0,5.9,21.2,135
Talas,2025-11-07,10:00,2025-11-07T10:00,18.6,0,0,0,6.6,17.3,101
Talas,2025-11-07,11:00,2025-11-07T11:00,21.1,0,0,0,10.7,24.8,127
Talas,2025-11-07,12:00,2025-11-07T12:00,22.5,0,0,0,14.4,31.3,142
Talas,2025-11-07,13:00,2025-11-07T13:00,22.7,0,0,0,16.2,36,149
Talas,2025-11-07,14:00,2025-11-07T14:00,22.8,0,0,0,14.5,35.6,136
Talas,2025-11-07,15:00,2025-11-07T15:00,22.5,0,0,0,16.9,33.8,146
Talas,2025-11-07,16:00,2025-11-07T16:00,21.8,0,0,0,12.7,34.6,125
Talas,2025-11-07,17:00,2025-11-07T17:00,19,0,0,0,7.9,26.3,120
Talas,2025-11-07,18:00,2025-11-07T18:00,16.6,0,0,0,11.2,23.8,150
Talas,2025-11-07,19:00,2025-11-07T19:00,13.8,0,0,0,8.8,23.8,152
Talas,2025-11-07,20:00,2025-11-07T20:00,12.6,0,0,0,7.4,20.2,158
Talas,2025-11-07,21:00,2025-11-07T21:00,10.9,0,0,0,4.9,18.4,163
Talas,2025-11-07,22:00,2025-11-07T22:00,10.5,0,0,0,5.9,16.6,166
Talas,2025-11-07,23:00,2025-11-07T23:00,9.9,0,0,0,5.7,16.6,162
Talas,2025-11-08,00:00,2025-11-08T00:00,9.4,0,0,0,4.8,15.8,165
Talas,2025-11-08,01:00,2025-11-08T01:00,8.7,0,0,0,4.6,14.8,169
Talas,2025-11-08,02:00,2025-11-08T02:00,8.5,0,0,0,4.7,14.8,164
Talas,2025-11-08,03:00,2025-11-08T03:00,8.6,0,0,0,2.9,15.5,187
Talas,2025-11-08,04:00,2025-11-08T04:00,8.4,0,0,0,1.6,11.2,180
Talas,2025-11-08,05:00,2025-11-08T05:00,7.3,0,0,0,0.7,7.9,194
Talas,2025-11-08,06:00,2025-11-08T06:00,7,0,0,0,0.7,6.1,166
Talas,2025-11-08,07:00,2025-11-08T07:00,6.8,0,0,0,1.5,7.6,166
Talas,2025-11-08,08:00,2025-11-08T08:00,8.6,0,0,0,2.4,9.7,167
Talas,2025-11-08,09:00,2025-11-08T09:00,12.6,0,0,0,1.5,9.4,194
Talas,2025-11-08,10:00,2025-11-08T10:00,15.8,0,0,0,2.3,11.9,331
Talas,2025-11-08,11:00,2025-11-08T11:00,17.6,0,0,0,3.2,16.2,322
Talas,2025-11-08,12:00,2025-11-08T12:00,18.8,0,0,0,4.8,19.4,329
Talas,2025-11-08,13:00,2025-11-08T13:00,19.4,0,0,0,6.7,22,344
Talas,2025-11-08,14:00,2025-11-08T14:00,19.8,0,0,0,8.5,25.2,347
Talas,2025-11-08,15:00,2025-11-08T15:00,19.7,0,0,0,11.4,26.3,7
Talas,2025-11-08,16:00,2025-11-08T16:00,19.1,0,0,0,10.4,29.5,26
Talas,2025-11-08,17:00,2025-11-08T17:00,16.7,0,0,0,4.4,25.2,32
Talas,2025-11-08,18:00,2025-11-08T18:00,13.9,0,0,0,4.9,10.8,141
Talas,2025-11-08,19:00,2025-11-08T19:00,13.2,0,0,0,5.8,13,175
Talas,2025-11-08,20:00,2025-11-08T20:00,11.5,0,0,0,5.6,14.4,174
Talas,2025-11-08,21:00,2025-11-08T21:00,9.8,0,0,0,4.5,14.8,166
Talas,2025-11-08,22:00,2025-11-08T22:00,8.6,0,0,0,5,15.1,167
Talas,2025-11-08,23:00,2025-11-08T23:00,7.9,0,0,0,4.9,15.8,170
Talas,2025-11-09,00:00,2025-11-09T00:00,7.1,0,0,0,4.4,15.5,173
Talas,2025-11-09,01:00,2025-11-09T01:00,6.6,0,0,0,4,15.5,175
Talas,2025-11-09,02:00,2025-11-09T02:00,6.3,0,0,0,3.6,15.1,174
Talas,2025-11-09,03:00,2025-11-09T03:00,6.2,0,0,0,2.5,14.8,188
Talas,2025-11-09,04:00,2025-11-09T04:00,6,0,0,0,2,12.2,175
Talas,2025-11-09,05:00,2025-11-09T05:00,6.1,0,0,0,2.9,11.9,169
Talas,2025-11-09,06:00,2025-11-09T06:00,6.1,0,0,0,3.5,12.6,171
Talas,2025-11-09,07:00,2025-11-09T07:00,6.2,0,0,0,3.1,12.6,173
Talas,2025-11-09,08:00,2025-11-09T08:00,7.6,0,0,0,3.3,11.5,174
Talas,2025-11-09,09:00,2025-11-09T09:00,11.3,0,0,0,2.2,10.8,261
Talas,2025-11-09,10:00,2025-11-09T10:00,14.5,0,0,0,3.8,13.7,341
Talas,2025-11-09,11:00,2025-11-09T11:00,16.6,0,0,0,6.8,20.9,360
Talas,2025-11-09,12:00,2025-11-09T12:00,18.2,0,0,0,9,25.9,359
Talas,2025-11-09,13:00,2025-11-09T13:00,19.3,0,0,0,10.5,28.8,348
Talas,2025-11-09,14:00,2025-11-09T14:00,19.6,0,0,0,11.1,29.2,337
Talas,2025-11-09,15:00,2025-11-09T15:00,19.3,0,0,0,10.8,29.2,336
Talas,2025-11-09,16:00,2025-11-09T16:00,18.5,0,0,0,7.6,26.6,341
Talas,2025-11-09,17:00,2025-11-09T17:00,16.3,0,0,0,0.4,18.7,27
Talas,2025-11-09,18:00,2025-11-09T18:00,14.3,0,0,0,0.9,3.6,169
Talas,2025-11-09,19:00,2025-11-09T19:00,13.6,0,0,0,0.7,3.2,166
Talas,2025-11-09,20:00,2025-11-09T20:00,12,0,0,0,3,6.8,166
Talas,2025-11-09,21:00,2025-11-09T21:00,10.8,0,0,0,3.6,10.1,174
Talas,2025-11-09,22:00,2025-11-09T22:00,9.8,0,0,0,2.8,10.1,169
Talas,2025-11-09,23:00,2025-11-09T23:00,9.1,0,0,0,2.5,10.8,172
Talas,2025-11-10,00:00,2025-11-10T00:00,8.2,0,0,0,2.7,11.2,172
Talas,2025-11-10,01:00,2025-11-10T01:00,7.4,0,0,0,3.7,13,169
Talas,2025-11-10,02:00,2025-11-10T02:00,7,0,0,0,4.1,13.7,167
Talas,2025-11-10,03:00,2025-11-10T03:00,6.6,0,0,0,2.5,13.7,184
Talas,2025-11-10,04:00,2025-11-10T04:00,6.5,0,0,0,3.6,11.9,171
Talas,2025-11-10,05:00,2025-11-10T05:00,6.2,0,0,0,3.8,11.9,172
Talas,2025-11-10,06:00,2025-11-10T06:00,6.6,0,0,0,3.7,12.2,169
Talas,2025-11-10,07:00,2025-11-10T07:00,6.7,0,0,0,3.3,11.2,167
Talas,2025-11-10,08:00,2025-11-10T08:00,8,0,0,0,3.8,10.4,163
Talas,2025-11-10,09:00,2025-11-10T09:00,11.8,0,0,0,1.5,10.4,201
Talas,2025-11-10,10:00,2025-11-10T10:00,15.2,0,0,0,3.5,12.6,35
Talas,2025-11-10,11:00,2025-11-10T11:00,17.6,0,0,0,5.8,19.4,26
Talas,2025-11-10,12:00,2025-11-10T12:00,19.5,0,0,0,8,24.1,20
Talas,2025-11-10,13:00,2025-11-10T13:00,20.7,0,0,0,10.4,28.1,8
Talas,2025-11-10,14:00,2025-11-10T14:00,21.1,0,0,0,13.5,33.5,4
Talas,2025-11-10,15:00,2025-11-10T15:00,21.1,0,0,0,11.6,34.2,8
Talas,2025-11-10,16:00,2025-11-10T16:00,20.5,0,0,0,11,28.1,21
Talas,2025-11-10,17:00,2025-11-10T17:00,17.8,0,0,0,4.8,25.6,56
Talas,2025-11-10,18:00,2025-11-10T18:00,15.7,0,0,0,6.3,13,149
Talas,2025-11-10,19:00,2025-11-10T19:00,14.8,0,0,0,6.1,15.8,168
Talas,2025-11-10,20:00,2025-11-10T20:00,13.3,0,0,0,3.5,13.7,171
Talas,2025-11-10,21:00,2025-11-10T21:00,12.2,0,0,0,4.2,12.6,160
Talas,2025-11-10,22:00,2025-11-10T22:00,11.8,0,0,0,5.4,14,159
Talas,2025-11-10,23:00,2025-11-10T23:00,11.5,0,0,0,6.8,16.6,158
Talas,2025-11-11,00:00,2025-11-11T00:00,11.4,0,0,0,7.2,17.3,161
Talas,2025-11-11,01:00,2025-11-11T01:00,10.8,0,0,0,7.5,17.6,160
Talas,2025-11-11,02:00,2025-11-11T02:00,10.7,0,0,0,8.6,19.4,157
Talas,2025-11-11,03:00,2025-11-11T03:00,9.8,0,0,0,8.3,21.6,160
Talas,2025-11-11,04:00,2025-11-11T04:00,10.3,0,0,0,9.3,21.2,158
Talas,2025-11-11,05:00,2025-11-11T05:00,10.9,0,0,0,6.1,20.9,168
Talas,2025-11-11,06:00,2025-11-11T06:00,10.9,0,0,0,5.5,14.8,161
Talas,2025-11-11,07:00,2025-11-11T07:00,11.5,0,0,0,5.7,14,171
Talas,2025-11-11,08:00,2025-11-11T08:00,11.7,0,0,0,7.2,16.2,158
Talas,2025-11-11,09:00,2025-11-11T09:00,14.6,0,0,0,4.5,16.2,178
Talas,2025-11-11,10:00,2025-11-11T10:00,16.5,0.1,0.1,0,5.1,12.6,157
Talas,2025-11-11,11:00,2025-11-11T11:00,15,0.2,0.2,0,6.7,13.7,110
Talas,2025-11-11,12:00,2025-11-11T12:00,17.4,0,0,0,11.1,25.6,127
Talas,2025-11-11,13:00,2025-11-11T13:00,17,0,0,0,5.8,25.2,129
Talas,2025-11-11,14:00,2025-11-11T14:00,16.8,0,0,0,5,18.4,142
Talas,2025-11-11,15:00,2025-11-11T15:00,16.8,1.7,1.7,0,7.2,23,90
Talas,2025-11-11,16:00,2025-11-11T16:00,17.4,0,0,0,9.7,23,130
Talas,2025-11-11,17:00,2025-11-11T17:00,14.9,0,0,0,5.4,20.9,140
Talas,2025-11-11,18:00,2025-11-11T18:00,13.2,0,0,0,9.3,19.1,155
Talas,2025-11-11,19:00,2025-11-11T19:00,11.7,0,0,0,9.4,20.5,157
Talas,2025-11-11,20:00,2025-11-11T20:00,10.2,0,0,0,10,20.5,162
Talas,2025-11-11,21:00,2025-11-11T21:00,10.7,0,0,0,12.9,22.7,159
Talas,2025-11-11,22:00,2025-11-11T22:00,11.4,0,0,0,11.3,27.4,163
Talas,2025-11-11,23:00,2025-11-11T23:00,10.2,0,0,0,6.5,23,161
Talas,2025-11-12,00:00,2025-11-12T00:00,8.6,0,0,0,6.6,15.8,167
Talas,2025-11-12,01:00,2025-11-12T01:00,7.7,0,0,0,6.4,16.2,170
Talas,2025-11-12,02:00,2025-11-12T02:00,6.8,0,0,0,6.4,16.9,172
Talas,2025-11-12,03:00,2025-11-12T03:00,6.2,0,0,0,3.2,16.9,183
Talas,2025-11-12,04:00,2025-11-12T04:00,6.1,0,0,0,9.7,19.8,164
Talas,2025-11-12,05:00,2025-11-12T05:00,7,0,0,0,5.5,22.7,171
Talas,2025-11-12,06:00,2025-11-12T06:00,6.6,0,0,0,10,20.9,166
Talas,2025-11-12,07:00,2025-11-12T07:00,6.5,0,0,0,5.7,20.9,171
Talas,2025-11-12,08:00,2025-11-12T08:00,7.1,0,0,0,6.4,16.2,162
Talas,2025-11-12,09:00,2025-11-12T09:00,10.1,0,0,0,6.1,14.4,146
Talas,2025-11-12,10:00,2025-11-12T10:00,13.4,0,0,0,2.9,14,83
Talas,2025-11-12,11:00,2025-11-12T11:00,15.1,0,0,0,5.2,19.1,22
Talas,2025-11-12,12:00,2025-11-12T12:00,16.1,0.1,0.1,0,8,24.5,8
Talas,2025-11-12,13:00,2025-11-12T13:00,16.7,0,0,0,8.1,25.6,355
Talas,2025-11-12,14:00,2025-11-12T14:00,16.9,0.2,0.2,0,10,27.7,354
Talas,2025-11-12,15:00,2025-11-12T15:00,16.8,0,0,0,8.9,28.8,353
Talas,2025-11-12,16:00,2025-11-12T16:00,16.2,0,0,0,9,24.8,344
Talas,2025-11-12,17:00,2025-11-12T17:00,13.7,0,0,0,3.8,22.7,3
Talas,2025-11-12,18:00,2025-11-12T18:00,12,0,0,0,1.3,10.1,82
Talas,2025-11-12,19:00,2025-11-12T19:00,11.2,0,0,0,1.4,4.7,140
Talas,2025-11-12,20:00,2025-11-12T20:00,10,0,0,0,3.1,6.5,144
Talas,2025-11-12,21:00,2025-11-12T21:00,10.2,0,0,0,1.7,6.8,162
Talas,2025-11-12,22:00,2025-11-12T22:00,9,0.2,0.2,0,2.7,5.8,143
Talas,2025-11-12,23:00,2025-11-12T23:00,8.1,0.2,0.2,0,4.4,8.6,150
Talas,2025-11-13,00:00,2025-11-13T00:00,8.1,1.5,1.5,0,3.9,11.2,164
Talas,2025-11-13,01:00,2025-11-13T01:00,7.5,1.8,1.8,0,4,8.6,172
Talas,2025-11-13,02:00,2025-11-13T02:00,7.7,0.9,0.9,0,4,9.7,162
Talas,2025-11-13,03:00,2025-11-13T03:00,8.3,3.8,3.8,0,4.2,9.7,173
Talas,2025-11-13,04:00,2025-11-13T04:00,7.6,1.3,1.3,0,4,8.6,144
Talas,2025-11-13,05:00,2025-11-13T05:00,7.5,0,0,0,0.4,9.7,207
Talas,2025-11-13,06:00,2025-11-13T06:00,6.5,0,0,0,5.1,11.9,297
Talas,2025-11-13,07:00,2025-11-13T07:00,5.8,0,0,0,1.1,10.1,90
Talas,2025-11-13,08:00,2025-11-13T08:00,6.1,0,0,0,3.4,7.9,106
Talas,2025-11-13,09:00,2025-11-13T09:00,8.3,0,0,0,3.8,12.6,93
Talas,2025-11-13,10:00,2025-11-13T10:00,10.2,0.4,0.4,0,4.8,15.1,79
Talas,2025-11-13,11:00,2025-11-13T11:00,12.3,0,0,0,5.9,19.1,20
Talas,2025-11-13,12:00,2025-11-13T12:00,13.1,0.1,0.1,0,10.3,27.4,344
Talas,2025-11-13,13:00,2025-11-13T13:00,13.2,0,0,0,11.5,30.6,346
Talas,2025-11-13,14:00,2025-11-13T14:00,13.4,0,0,0,10,29.2,343
Talas,2025-11-13,15:00,2025-11-13T15:00,12.5,0,0,0,5.4,26.3,15
Talas,2025-11-13,16:00,2025-11-13T16:00,12.1,0,0,0,2.4,17.6,27
Talas,2025-11-13,17:00,2025-11-13T17:00,10.4,1,1,0,0.4,10.1,117
Talas,2025-11-13,18:00,2025-11-13T18:00,8.7,0.9,0.9,0,3.3,11.2,292
Talas,2025-11-13,19:00,2025-11-13T19:00,8.6,1.8,1.8,0,3.3,9.7,119
Talas,2025-11-13,20:00,2025-11-13T20:00,8.6,0.6,0.6,0,2.2,7.6,360
Talas,2025-11-13,21:00,2025-11-13T21:00,8.7,0.4,0.4,0,2.9,11.2,90
Talas,2025-11-13,22:00,2025-11-13T22:00,8.4,1.7,1.7,0,5.9,11.5,133
Talas,2025-11-13,23:00,2025-11-13T23:00,8.5,3.2,3.2,0,4.7,11.5,152
Talas,2025-11-14,00:00,2025-11-14T00:00,8.5,2.7,2.7,0,3.9,10.4,137
Talas,2025-11-14,01:00,2025-11-14T01:00,8.6,1.9,1.9,0,2.2,8.6,99
Talas,2025-11-14,02:00,2025-11-14T02:00,8.5,0.8,0.8,0,2,5.4,95
Talas,2025-11-14,03:00,2025-11-14T03:00,7.6,0.2,0.2,0,5.3,5.4,128
Talas,2025-11-14,04:00,2025-11-14T04:00,7.5,0,0,0,3.8,11.2,121
Talas,2025-11-14,05:00,2025-11-14T05:00,7.3,0,0,0,0.4,7.9,63
Talas,2025-11-14,06:00,2025-11-14T06:00,6.3,0,0,0,0.5,2.9,315
Talas,2025-11-14,07:00,2025-11-14T07:00,5.7,0,0,0,2.3,4,219
Talas,2025-11-14,08:00,2025-11-14T08:00,5.9,0,0,0,3.5,6.1,219
Talas,2025-11-14,09:00,2025-11-14T09:00,6.9,0,0,0,5.1,15.8,274
Talas,2025-11-14,10:00,2025-11-14T10:00,7.4,0,0,0,9.5,22,289
Talas,2025-11-14,11:00,2025-11-14T11:00,7.8,0.1,0.1,0,8.8,22.7,287
Talas,2025-11-14,12:00,2025-11-14T12:00,8.5,0.1,0.1,0,8.8,22.7,296
Talas,2025-11-14,13:00,2025-11-14T13:00,8.9,0.2,0.2,0,11,26.6,310
Talas,2025-11-14,14:00,2025-11-14T14:00,9.2,0.2,0.2,0,13.4,31.3,317
Talas,2025-11-14,15:00,2025-11-14T15:00,8.2,0.3,0.3,0,11.3,30.6,297
Talas,2025-11-14,16:00,2025-11-14T16:00,8,0.1,0.1,0,11.2,26.6,308
Talas,2025-11-14,17:00,2025-11-14T17:00,7.2,0,0,0,7.6,25.6,285
Talas,2025-11-14,18:00,2025-11-14T18:00,6.9,0,0,0,8.3,17.6,276
Talas,2025-11-14,19:00,2025-11-14T19:00,6.2,0,0,0,9.3,19.1,279
Talas,2025-11-14,20:00,2025-11-14T20:00,5.4,0,0,0,8.8,19.4,259
Talas,2025-11-14,21:00,2025-11-14T21:00,4.7,0,0,0,9.8,18.4,239
Talas,2025-11-14,22:00,2025-11-14T22:00,3.9,0,0,0,8.7,17.6,240
Talas,2025-11-14,23:00,2025-11-14T23:00,3.5,0,0,0,9.4,16.9,238
Talas,2025-11-15,00:00,2025-11-15T00:00,3.4,0,0,0,8.9,17.3,238
Talas,2025-11-15,01:00,2025-11-15T01:00,3.2,0.1,0.1,0,10.3,18,239
Talas,2025-11-15,02:00,2025-11-15T02:00,3.4,0.3,0.3,0,10.5,19.8,250
Talas,2025-11-15,03:00,2025-11-15T03:00,2.7,0.6,0.5,0.07,10.7,20.9,253
Talas,2025-11-15,04:00,2025-11-15T04:00,2.8,0.9,0.3,0.42,12.4,23.4,269
Talas,2025-11-15,05:00,2025-11-15T05:00,2.7,1.2,0.4,0.56,12.6,24.8,271
Talas,2025-11-15,06:00,2025-11-15T06:00,2.3,1.2,0.2,0.7,13.8,26.3,262
Talas,2025-11-15,07:00,2025-11-15T07:00,1.9,1.1,0.1,0.7,14.1,27,249
Talas,2025-11-15,08:00,2025-11-15T08:00,1.9,1.2,0.1,0.77,15.5,28.4,242
Talas,2025-11-15,09:00,2025-11-15T09:00,1.8,0.5,0,0.35,12.7,28.4,245
Talas,2025-11-15,10:00,2025-11-15T10:00,2,0.3,0,0.21,10.9,23.4,258
Talas,2025-11-15,11:00,2025-11-15T11:00,2.3,0.3,0.1,0.14,10.1,20.9,259
Talas,2025-11-15,12:00,2025-11-15T12:00,2.6,0.1,0,0.07,9.6,19.8,258
Talas,2025-11-15,13:00,2025-11-15T13:00,3,0,0,0,8.7,18.7,263
Talas,2025-11-15,14:00,2025-11-15T14:00,3.2,0,0,0,9,19.4,273
Talas,2025-11-15,15:00,2025-11-15T15:00,3.3,0.2,0.2,0,9.5,24.5,256
Talas,2025-11-15,16:00,2025-11-15T16:00,3.9,0.1,0.1,0,11.7,22.7,256
Talas,2025-11-15,17:00,2025-11-15T17:00,3.7,0.2,0.2,0,11.5,20.9,248
Talas,2025-11-15,18:00,2025-11-15T18:00,3.6,0.3,0.3,0,10.2,21.2,239
Talas,2025-11-15,19:00,2025-11-15T19:00,3.9,0.1,0.1,0,8.5,17.6,216
Talas,2025-11-15,20:00,2025-11-15T20:00,3.8,0.1,0.1,0,6.8,13,235
Talas,2025-11-15,21:00,2025-11-15T21:00,3.3,0.2,0.2,0,6.3,12.6,235
Talas,2025-11-15,22:00,2025-11-15T22:00,3.9,0,0,0,6,11.5,213
Talas,2025-11-15,23:00,2025-11-15T23:00,4.1,0,0,0,3.5,9,231
Talas,2025-11-16,00:00,2025-11-16T00:00,4,0.1,0.1,0,3.4,7.9,227
Talas,2025-11-16,01:00,2025-11-16T01:00,3.9,0.8,0.8,0,3.7,8.3,235
Talas,2025-11-16,02:00,2025-11-16T02:00,4,0.4,0.4,0,5.2,9,226
Talas,2025-11-16,03:00,2025-11-16T03:00,4.5,0,0,0,6.6,10.8,237
Talas,2025-11-16,04:00,2025-11-16T04:00,4.9,0.1,0.1,0,7.6,14.4,234
Talas,2025-11-16,05:00,2025-11-16T05:00,4.7,0.1,0.1,0,5.6,14,220
Talas,2025-11-16,06:00,2025-11-16T06:00,4.9,0.2,0.2,0,4.2,10.1,216
Talas,2025-11-16,07:00,2025-11-16T07:00,5,0.1,0.1,0,4.5,7.9,217
Talas,2025-11-16,08:00,2025-11-16T08:00,5.3,0,0,0,5.4,8.3,217
Talas,2025-11-16,09:00,2025-11-16T09:00,5.8,0,0,0,7,12.6,247
Talas,2025-11-16,10:00,2025-11-16T10:00,6.9,0,0,0,5.2,14.8,256
Talas,2025-11-16,11:00,2025-11-16T11:00,7.8,0,0,0,2.7,14,247
Talas,2025-11-16,12:00,2025-11-16T12:00,8.8,0,0,0,1.7,12.6,283
Talas,2025-11-16,13:00,2025-11-16T13:00,9.7,0,0,0,2.3,14.4,337
Talas,2025-11-16,14:00,2025-11-16T14:00,10.2,0,0,0,2.4,15.1,343
Talas,2025-11-16,15:00,2025-11-16T15:00,9.7,0,0,0,3.7,14.8,317
Talas,2025-11-16,16:00,2025-11-16T16:00,9.9,0,0,0,2.8,13.3,285
Talas,2025-11-16,17:00,2025-11-16T17:00,8.5,0,0,0,1,10.8,315
Talas,2025-11-16,18:00,2025-11-16T18:00,6.1,0,0,0,2.3,5,148
Talas,2025-11-16,19:00,2025-11-16T19:00,5.1,0,0,0,4.5,10.4,164
Talas,2025-11-16,20:00,2025-11-16T20:00,4.2,0,0,0,5.2,12.6,164
Talas,2025-11-16,21:00,2025-11-16T21:00,3.6,0,0,0,5.1,13,170
Talas,2025-11-16,22:00,2025-11-16T22:00,3.1,0,0,0,5.1,14.4,170
Talas,2025-11-16,23:00,2025-11-16T23:00,2.7,0,0,0,4.6,13.7,171
Talas,2025-11-17,00:00,2025-11-17T00:00,2.7,0,0,0,4.7,13.7,173
Talas,2025-11-17,01:00,2025-11-17T01:00,2.8,0,0,0,4.5,13.3,178
Talas,2025-11-17,02:00,2025-11-17T02:00,2.9,0,0,0,4.7,13,176
Talas,2025-11-17,03:00,2025-11-17T03:00,3.3,0,0,0,2,12.2,175
Talas,2025-11-17,04:00,2025-11-17T04:00,2.9,0,0,0,2.8,6.1,153
Talas,2025-11-17,05:00,2025-11-17T05:00,2.8,0,0,0,2.7,6.1,152
Talas,2025-11-17,06:00,2025-11-17T06:00,2.5,0,0,0,3.1,6.8,156
Talas,2025-11-17,07:00,2025-11-17T07:00,2.5,0,0,0,2.7,7.2,160
Talas,2025-11-17,08:00,2025-11-17T08:00,3.1,0,0,0,3,6.5,166
Talas,2025-11-17,09:00,2025-11-17T09:00,6.3,0,0,0,1.8,6.1,270
Talas,2025-11-17,10:00,2025-11-17T10:00,8.6,0,0,0,2.6,11.9,25
Talas,2025-11-17,11:00,2025-11-17T11:00,10.5,0,0,0,4.8,17.3,20
Talas,2025-11-17,12:00,2025-11-17T12:00,12.2,0,0,0,5.9,20.2,11
Talas,2025-11-17,13:00,2025-11-17T13:00,13.1,0,0,0,7.3,22.7,353
Talas,2025-11-17,14:00,2025-11-17T14:00,13.3,0,0,0,8.4,24.5,349
Talas,2025-11-17,15:00,2025-11-17T15:00,13.4,0,0,0,6.7,24.1,3
Talas,2025-11-17,16:00,2025-11-17T16:00,12.9,0,0,0,5.8,19.8,4
Talas,2025-11-17,17:00,2025-11-17T17:00,10.5,0,0,0,1.3,15.1,34
Talas,2025-11-17,18:00,2025-11-17T18:00,8.8,0,0,0,0.6,5,162
Talas,2025-11-17,19:00,2025-11-17T19:00,7.4,0,0,0,1.5,4.3,159
Talas,2025-11-17,20:00,2025-11-17T20:00,6.1,0,0,0,2.4,7.2,163
Talas,2025-11-17,21:00,2025-11-17T21:00,5.3,0,0,0,2.5,9.7,176
Talas,2025-11-17,22:00,2025-11-17T22:00,4.6,0,0,0,2.7,10.1,172
Talas,2025-11-17,23:00,2025-11-17T23:00,4,0,0,0,2.9,10.8,173
Talas,2025-11-18,00:00,2025-11-18T00:00,3.7,0,0,0,3.3,11.2,174
Talas,2025-11-18,01:00,2025-11-18T01:00,3.6,0,0,0,3.5,11.5,171
Talas,2025-11-18,02:00,2025-11-18T02:00,3.4,0,0,0,3.5,11.5,171
Talas,2025-11-18,03:00,2025-11-18T03:00,3.9,0,0,0,1.8,11.5,174
Talas,2025-11-18,04:00,2025-11-18T04:00,3,0,0,0,3.1,7.6,159
Talas,2025-11-18,05:00,2025-11-18T05:00,2.6,0,0,0,3.6,8.3,162
Talas,2025-11-18,06:00,2025-11-18T06:00,2.4,0,0,0,3.8,9,161
Talas,2025-11-18,07:00,2025-11-18T07:00,2.6,0,0,0,2.8,9,165
Talas,2025-11-18,08:00,2025-11-18T08:00,3.5,0,0,0,2.2,7.2,171
Talas,2025-11-18,09:00,2025-11-18T09:00,7.1,0,0,0,1.8,5.8,246
Talas,2025-11-18,10:00,2025-11-18T10:00,9.4,0,0,0,2.3,10.4,29
Talas,2025-11-18,11:00,2025-11-18T11:00,11.5,0,0,0,4.3,16.2,24
Talas,2025-11-18,12:00,2025-11-18T12:00,13.3,0,0,0,5.4,19.4,14
Talas,2025-11-18,13:00,2025-11-18T13:00,14.4,0,0,0,6.5,21.2,8
Talas,2025-11-18,14:00,2025-11-18T14:00,15,0,0,0,7.2,22,3
Talas,2025-11-18,15:00,2025-11-18T15:00,15.5,0,0,0,5.4,22,15
Talas,2025-11-18,16:00,2025-11-18T16:00,14.7,0,0,0,7.9,19.1,344
Talas,2025-11-18,17:00,2025-11-18T17:00,11,0,0,0,4.4,18,305
Talas,2025-11-18,18:00,2025-11-18T18:00,9.4,0,0,0,0.6,9.4,146
Talas,2025-11-18,19:00,2025-11-18T19:00,7.4,0,0,0,3.5,7.9,152
Talas,2025-11-18,20:00,2025-11-18T20:00,6.4,0,0,0,2.8,8.6,165
Talas,2025-11-18,21:00,2025-11-18T21:00,6.4,0,0,0,2,9,175
Talas,2025-11-18,22:00,2025-11-18T22:00,5.2,0,0,0,2.9,7.9,169
Talas,2025-11-18,23:00,2025-11-18T23:00,4.9,0,0,0,3.2,9.4,164
Talas,2025-11-19,00:00,2025-11-19T00:00,4.7,0,0,0,4.1,11.5,165
Talas,2025-11-19,01:00,2025-11-19T01:00,3.9,0,0,0,3.4,11.2,180
Talas,2025-11-19,02:00,2025-11-19T02:00,3.8,0,0,0,2.7,9,172
Talas,2025-11-19,03:00,2025-11-19T03:00,3.4,0,0,0,2.8,7.9,162
Talas,2025-11-19,04:00,2025-11-19T04:00,3,0,0,0,3.4,9,164
Talas,2025-11-19,05:00,2025-11-19T05:00,2.8,0,0,0,3.8,10.1,169
Talas,2025-11-19,06:00,2025-11-19T06:00,2.8,0,0,0,2.2,9.7,189
Talas,2025-11-19,07:00,2025-11-19T07:00,2.7,0,0,0,1.7,6.8,167
Talas,2025-11-19,08:00,2025-11-19T08:00,3.2,0,0,0,2.4,7.2,167
Talas,2025-11-19,09:00,2025-11-19T09:00,7.3,0,0,0,1.2,7.2,219
Talas,2025-11-19,10:00,2025-11-19T10:00,10.1,0,0,0,1.7,8.3,347
Talas,2025-11-19,11:00,2025-11-19T11:00,12.4,0,0,0,3.4,14,3
Talas,2025-11-19,12:00,2025-11-19T12:00,14.3,0,0,0,4.9,17.6,4
Talas,2025-11-19,13:00,2025-11-19T13:00,15.7,0,0,0,6,19.8,9
Talas,2025-11-19,14:00,2025-11-19T14:00,16.3,0,0,0,7.2,21.2,359
Talas,2025-11-19,15:00,2025-11-19T15:00,16,0,0,0,7.3,22,10
Talas,2025-11-19,16:00,2025-11-19T16:00,14.7,0,0,0,7.4,21.2,1
Talas,2025-11-19,17:00,2025-11-19T17:00,11.1,0,0,0,2,16.6,355
Talas,2025-11-19,18:00,2025-11-19T18:00,9.1,0,0,0,0.6,5.8,162
Talas,2025-11-19,19:00,2025-11-19T19:00,7.3,0,0,0,2.7,6.5,160
Talas,2025-11-19,20:00,2025-11-19T20:00,6.7,0,0,0,2.6,7.9,168
Talas,2025-11-19,21:00,2025-11-19T21:00,6.5,0,0,0,1.8,8.6,180
Talas,2025-11-19,22:00,2025-11-19T22:00,5.4,0,0,0,2.9,7.6,158
Talas,2025-11-19,23:00,2025-11-19T23:00,4.9,0,0,0,3.9,10.4,164
Talas,2025-11-20,00:00,2025-11-20T00:00,4.6,0,0,0,3.3,10.8,171
Talas,2025-11-20,01:00,2025-11-20T01:00,4.3,0,0,0,3.3,9.7,167
Talas,2025-11-20,02:00,2025-11-20T02:00,3.9,0,0,0,3,10.1,166
Talas,2025-11-20,03:00,2025-11-20T03:00,5.4,0,0,0,0.9,9,180
Talas,2025-11-20,04:00,2025-11-20T04:00,4.2,0,0,0,2.4,6.8,153
Talas,2025-11-20,05:00,2025-11-20T05:00,3.8,0,0,0,3,7.9,163
Talas,2025-11-20,06:00,2025-11-20T06:00,3.8,0,0,0,3,8.3,163
Talas,2025-11-20,07:00,2025-11-20T07:00,4.2,0,0,0,2,8.3,170
Talas,2025-11-20,08:00,2025-11-20T08:00,4.5,0,0,0,2.2,6.8,171
Talas,2025-11-20,09:00,2025-11-20T09:00,8,0,0,0,1.2,6.8,243
Talas,2025-11-20,10:00,2025-11-20T10:00,11.1,0,0,0,3.4,10.4,335
Talas,2025-11-20,11:00,2025-11-20T11:00,13.6,0,0,0,4.9,15.8,352
Talas,2025-11-20,12:00,2025-11-20T12:00,15.5,0,0,0,6,19.1,357
Talas,2025-11-20,13:00,2025-11-20T13:00,16.6,0,0,0,7.4,21.6,354
Talas,2025-11-20,14:00,2025-11-20T14:00,17.1,0,0,0,7.7,22.3,351
Talas,2025-11-20,15:00,2025-11-20T15:00,16.7,0,0,0,6.6,21.6,331
Talas,2025-11-20,16:00,2025-11-20T16:00,15.7,0,0,0,4.8,18.4,318
Talas,2025-11-20,17:00,2025-11-20T17:00,12.6,0,0,0,1.9,11.2,326
Talas,2025-11-20,18:00,2025-11-20T18:00,10.6,0,0,0,0.3,5.4,225
Talas,2025-11-20,19:00,2025-11-20T19:00,8.1,0,0,0,1.8,5.8,180
Talas,2025-11-20,20:00,2025-11-20T20:00,6.8,0,0,0,2.9,10.4,169
Talas,2025-11-20,21:00,2025-11-20T21:00,6.4,0,0,0,2.7,13.7,172
Talas,2025-11-20,22:00,2025-11-20T22:00,5.6,0,0,0,3.3,11.5,171
Talas,2025-11-20,23:00,2025-11-20T23:00,5.1,0,0,0,3.5,12.2,171
Talas,2025-11-21,00:00,2025-11-21T00:00,4.6,0,0,0,3.1,12.2,173
Talas,2025-11-21,01:00,2025-11-21T01:00,4.3,0,0,0,3.3,12.6,167
Talas,2025-11-21,02:00,2025-11-21T02:00,4.2,0,0,0,3.5,13,168
Talas,2025-11-21,03:00,2025-11-21T03:00,4.1,0,0,0,1.8,13,186
Talas,2025-11-21,04:00,2025-11-21T04:00,3.9,0,0,0,3.2,10.1,164
Talas,2025-11-21,05:00,2025-11-21T05:00,4,0,0,0,3.7,11.9,169
Talas,2025-11-21,06:00,2025-11-21T06:00,3.9,0,0,0,3.5,12.2,171
Talas,2025-11-21,07:00,2025-11-21T07:00,3.7,0,0,0,3.1,11.9,173
Talas,2025-11-21,08:00,2025-11-21T08:00,4.4,0,0,0,2.7,10.8,172
Talas,2025-11-21,09:00,2025-11-21T09:00,8.5,0,0,0,1,9.7,225
Talas,2025-11-21,10:00,2025-11-21T10:00,12,0,0,0,2.9,10.1,349
Talas,2025-11-21,11:00,2025-11-21T11:00,14.6,0,0,0,4.9,16.2,358
Talas,2025-11-21,12:00,2025-11-21T12:00,16.6,0,0,0,5.8,19.4,4
Talas,2025-11-21,13:00,2025-11-21T13:00,17.9,0,0,0,7,21.6,359
Talas,2025-11-21,14:00,2025-11-21T14:00,18.4,0,0,0,7.3,22,350
Talas,2025-11-21,15:00,2025-11-21T15:00,18.7,0,0,0,5.8,21.6,340
Talas,2025-11-21,16:00,2025-11-21T16:00,17.6,0,0,0,4.5,17.6,323
Talas,2025-11-21,17:00,2025-11-21T17:00,14.5,0,0,0,1.3,11.2,344
Talas,2025-11-21,18:00,2025-11-21T18:00,11.7,0,0,0,1.3,4.7,146
Talas,2025-11-21,19:00,2025-11-21T19:00,9.3,0,0,0,3.5,9.7,171
Talas,2025-11-21,20:00,2025-11-21T20:00,8.4,0,0,0,3.8,11.9,175
Talas,2025-11-21,21:00,2025-11-21T21:00,7.3,0,0,0,3.6,14.8,174
Talas,2025-11-21,22:00,2025-11-21T22:00,7.1,0,0,0,4.5,15.5,173
Talas,2025-11-21,23:00,2025-11-21T23:00,6.7,0,0,0,4.2,15.1,173
Talas,2025-11-22,00:00,2025-11-22T00:00,6.4,0,0,0,4,14,170
Talas,2025-11-22,01:00,2025-11-22T01:00,6.1,0,0,0,3.7,13.7,166
Talas,2025-11-22,02:00,2025-11-22T02:00,5.7,0,0,0,2.9,13,169
Talas,2025-11-22,03:00,2025-11-22T03:00,5.6,0,0,0,1.5,11.5,187
Talas,2025-11-22,04:00,2025-11-22T04:00,5.3,0,0,0,1.7,7.6,162
Talas,2025-11-22,05:00,2025-11-22T05:00,5.5,0,0,0,3.2,10.1,161
Talas,2025-11-22,06:00,2025-11-22T06:00,5.7,0,0,0,3.8,12.2,163
Talas,2025-11-22,07:00,2025-11-22T07:00,5.4,0,0,0,3.5,12.2,168
Talas,2025-11-22,08:00,2025-11-22T08:00,6.1,0,0,0,3.8,11.9,161
Talas,2025-11-22,09:00,2025-11-22T09:00,10.1,0,0,0,1.5,12.2,173
Talas,2025-11-22,10:00,2025-11-22T10:00,14.3,0,0,0,3.1,9.7,50
Talas,2025-11-22,11:00,2025-11-22T11:00,17,0,0,0,4.6,14.8,45
Talas,2025-11-22,12:00,2025-11-22T12:00,19.1,0,0,0,5.9,18.4,47
Talas,2025-11-22,13:00,2025-11-22T13:00,20.5,0,0,0,6.7,20.2,54
Talas,2025-11-22,14:00,2025-11-22T14:00,21.2,0,0,0,6.9,20.2,57
Talas,2025-11-22,15:00,2025-11-22T15:00,21.1,0,0,0,7.1,19.8,52
Talas,2025-11-22,16:00,2025-11-22T16:00,19.3,0,0,0,5.1,18.4,45
Talas,2025-11-22,17:00,2025-11-22T17:00,15.1,0,0,0,2.5,12.2,111
Talas,2025-11-22,18:00,2025-11-22T18:00,11.9,0,0,0,5.2,11.5,155
Talas,2025-11-22,19:00,2025-11-22T19:00,10.8,0,0,0,6.6,16.9,164
Talas,2025-11-22,20:00,2025-11-22T20:00,9.5,0,0,0,6.3,17.3,167
Talas,2025-11-22,21:00,2025-11-22T21:00,8.5,0,0,0,5.4,17.3,166
Talas,2025-11-22,22:00,2025-11-22T22:00,8.3,0,0,0,6.8,18.7,169
Talas,2025-11-22,23:00,2025-11-22T23:00,8.2,0,0,0,6.4,18.4,170
Talas,2025-11-23,00:00,2025-11-23T00:00,8,0,0,0,5.7,17.6,171
Talas,2025-11-23,01:00,2025-11-23T01:00,7.6,0,0,0,4.4,16.2,173
Talas,2025-11-23,02:00,2025-11-23T02:00,7.3,0,0,0,3.8,14.4,172
Talas,2025-11-23,03:00,2025-11-23T03:00,6.8,0,0,0,2.2,13.3,180
Talas,2025-11-23,04:00,2025-11-23T04:00,6.9,0,0,0,2.6,9.4,164
Talas,2025-11-23,05:00,2025-11-23T05:00,6.9,0,0,0,3.4,10.4,164
Talas,2025-11-23,06:00,2025-11-23T06:00,6.9,0,0,0,3.2,10.4,164
Talas,2025-11-23,07:00,2025-11-23T07:00,6.4,0,0,0,3.2,10.4,161
Talas,2025-11-23,08:00,2025-11-23T08:00,7.1,0,0,0,3.4,10.8,162
Talas,2025-11-23,09:00,2025-11-23T09:00,10.6,0,0,0,1.5,10.8,201
Talas,2025-11-23,10:00,2025-11-23T10:00,14,0,0,0,0,7.6,270
Talas,2025-11-23,11:00,2025-11-23T11:00,16.4,0,0,0,3.2,13,27
Talas,2025-11-23,12:00,2025-11-23T12:00,18.2,0,0,0,4.9,17.6,28
Talas,2025-11-23,13:00,2025-11-23T13:00,19.3,0,0,0,6.4,20.2,27
Talas,2025-11-23,14:00,2025-11-23T14:00,19.7,0,0,0,7.8,22,13
Talas,2025-11-23,15:00,2025-11-23T15:00,19.4,0,0,0,6.9,22.3,14
Talas,2025-11-23,16:00,2025-11-23T16:00,18,0,0,0,5.2,19.1,356
Talas,2025-11-23,17:00,2025-11-23T17:00,14.6,0,0,0,1.1,12.6,342
Talas,2025-11-23,18:00,2025-11-23T18:00,12.2,0,0,0,1.4,4.3,157
Talas,2025-11-23,19:00,2025-11-23T19:00,10.3,0,0,0,4.2,10.8,162
Talas,2025-11-23,20:00,2025-11-23T20:00,9.3,0,0,0,6.6,16.6,164
Talas,2025-11-23,21:00,2025-11-23T21:00,8.4,0,0,0,7,18.7,167
Talas,2025-11-23,22:00,2025-11-23T22:00,7.8,0,0,0,7.7,19.4,169
Talas,2025-11-23,23:00,2025-11-23T23:00,7.6,0,0,0,7.9,19.8,169
Talas,2025-11-24,00:00,2025-11-24T00:00,7.3,0,0,0,7.3,19.8,170
Talas,2025-11-24,01:00,2025-11-24T01:00,7,0,0,0,7.1,19.1,170
Talas,2025-11-24,02:00,2025-11-24T02:00,6.8,0,0,0,6.5,18.7,172
Talas,2025-11-24,03:00,2025-11-24T03:00,6,0,0,0,4.1,17.3,178
Talas,2025-11-24,04:00,2025-11-24T04:00,5.8,0,0,0,5.1,14.8,163
Talas,2025-11-24,05:00,2025-11-24T05:00,6,0,0,0,6.8,17.6,163
Talas,2025-11-24,06:00,2025-11-24T06:00,6.1,0,0,0,5.9,17.6,169
Talas,2025-11-24,07:00,2025-11-24T07:00,5.9,0,0,0,5.5,16.2,167
Talas,2025-11-24,08:00,2025-11-24T08:00,6.4,0,0,0,5,15.5,165
Talas,2025-11-24,09:00,2025-11-24T09:00,9.5,0,0,0,4.6,14.4,167
Talas,2025-11-24,10:00,2025-11-24T10:00,13,0,0,0,4.4,12.6,148
Talas,2025-11-24,11:00,2025-11-24T11:00,15.6,0,0,0,3.9,12.2,127
Talas,2025-11-24,12:00,2025-11-24T12:00,16.9,0,0,0,4.5,14,133
Talas,2025-11-24,13:00,2025-11-24T13:00,17.7,0,0,0,4.8,15.1,124
Talas,2025-11-24,14:00,2025-11-24T14:00,17.8,0,0,0,6.9,17.3,127
Talas,2025-11-24,15:00,2025-11-24T15:00,17.1,0,0,0,3.6,18,20
Talas,2025-11-24,16:00,2025-11-24T16:00,16,0,0,0,4.1,14.4,2
Talas,2025-11-24,17:00,2025-11-24T17:00,12.7,0,0,0,4.2,11.2,340
Talas,2025-11-24,18:00,2025-11-24T18:00,11.3,0,0,0,0.4,9.4,207
Talas,2025-11-24,19:00,2025-11-24T19:00,9.8,0,0,0,2.1,5.4,160
Talas,2025-11-24,20:00,2025-11-24T20:00,9,0,0,0,0.7,5.4,194
Talas,2025-11-24,21:00,2025-11-24T21:00,9.4,0,0,0,1.9,4,221
Talas,2025-11-24,22:00,2025-11-24T22:00,9.4,0,0,0,1,4,239
Talas,2025-11-24,23:00,2025-11-24T23:00,8.4,0,0,0,0.3,2.9,45
Talas,2025-11-25,00:00,2025-11-25T00:00,7.9,0,0,0,0.4,2.5,153
Talas,2025-11-25,01:00,2025-11-25T01:00,7.7,0,0,0,0.2,2.2,180
Talas,2025-11-25,02:00,2025-11-25T02:00,7.4,0,0,0,1.1,3.6,108
Talas,2025-11-25,03:00,2025-11-25T03:00,7.4,0,0,0,1,4.3,121
Talas,2025-11-25,04:00,2025-11-25T04:00,5.8,0,0,0,1.1,4,162
Talas,2025-11-25,05:00,2025-11-25T05:00,5.1,0,0,0,1.6,4.7,153
Talas,2025-11-25,06:00,2025-11-25T06:00,4.6,0,0,0,2.8,7.2,153
Talas,2025-11-25,07:00,2025-11-25T07:00,4.8,0,0,0,1.8,6.8,174
Talas,2025-11-25,08:00,2025-11-25T08:00,5.4,0,0,0,2.8,6.5,153
Talas,2025-11-25,09:00,2025-11-25T09:00,8.4,0,0,0,1,6.8,202
Talas,2025-11-25,10:00,2025-11-25T10:00,9.8,0,0,0,1.4,6.8,40
Talas,2025-11-25,11:00,2025-11-25T11:00,11.6,0,0,0,2,11.5,27
Talas,2025-11-25,12:00,2025-11-25T12:00,12.4,0,0,0,1.9,11.9,146
Talas,2025-11-25,13:00,2025-11-25T13:00,12.2,0.1,0.1,0,6,12.2,190
Talas,2025-11-25,14:00,2025-11-25T14:00,11.3,0.3,0.3,0,4.6,13,154
Talas,2025-11-25,15:00,2025-11-25T15:00,11.8,0,0,0,10.5,13.3,143
Talas,2025-11-25,16:00,2025-11-25T16:00,11.1,0,0,0,9.9,22.7,128
Talas,2025-11-25,17:00,2025-11-25T17:00,10.3,0,0,0,6.5,21.2,129
Talas,2025-11-25,18:00,2025-11-25T18:00,8,0,0,0,3.5,14.4,111
Talas,2025-11-25,19:00,2025-11-25T19:00,7.9,0,0,0,4.1,9.4,124
Talas,2025-11-25,20:00,2025-11-25T20:00,7.3,0,0,0,4.4,9.7,148
Talas,2025-11-25,21:00,2025-11-25T21:00,6.7,0,0,0,3.9,9.7,167
Talas,2025-11-25,22:00,2025-11-25T22:00,5.7,0,0,0,6.1,13.7,168
Talas,2025-11-25,23:00,2025-11-25T23:00,5.1,0,0,0,5.1,14.8,172
Talas,2025-11-26,00:00,2025-11-26T00:00,5.1,0,0,0,3.5,13,171
Talas,2025-11-26,01:00,2025-11-26T01:00,4.8,0,0,0,3.3,9.7,167
Talas,2025-11-26,02:00,2025-11-26T02:00,4.7,0,0,0,3.1,9.4,173
Talas,2025-11-26,03:00,2025-11-26T03:00,4.6,0,0,0,2,8.3,185
Talas,2025-11-26,04:00,2025-11-26T04:00,5,0,0,0,1.4,5,157
Talas,2025-11-26,05:00,2025-11-26T05:00,4.7,0,0,0,1.8,4.3,156
Talas,2025-11-26,06:00,2025-11-26T06:00,4.5,0,0,0,2,4.7,170
Talas,2025-11-26,07:00,2025-11-26T07:00,4,0,0,0,1.8,4.7,174
Talas,2025-11-26,08:00,2025-11-26T08:00,3.7,0,0,0,2.7,5.8,160
Talas,2025-11-26,09:00,2025-11-26T09:00,7.4,0,0,0,3.1,7.9,144
Talas,2025-11-26,10:00,2025-11-26T10:00,9.8,0,0,0,2.2,11.2,48
Talas,2025-11-26,11:00,2025-11-26T11:00,11.6,0,0,0,4.8,17.6,27
Talas,2025-11-26,12:00,2025-11-26T12:00,12.9,0,0,0,5.8,20.5,26
Talas,2025-11-26,13:00,2025-11-26T13:00,13.6,0,0,0,8.2,24.5,9
Talas,2025-11-26,14:00,2025-11-26T14:00,13.6,0,0,0,9.4,26.3,1
Talas,2025-11-26,15:00,2025-11-26T15:00,13.2,0,0,0,9.9,26.3,2
Talas,2025-11-26,16:00,2025-11-26T16:00,12.6,0,0,0,6.4,24.5,27
Talas,2025-11-26,17:00,2025-11-26T17:00,9.4,0,0,0,3.8,16.2,107
Talas,2025-11-26,18:00,2025-11-26T18:00,8,0,0,0,4,9.4,162
Talas,2025-11-26,19:00,2025-11-26T19:00,7.1,0,0,0,3.6,9,160
Talas,2025-11-26,20:00,2025-11-26T20:00,6.2,0,0,0,3.6,10.1,162
Talas,2025-11-26,21:00,2025-11-26T21:00,5.7,0,0,0,3,12.2,163
Talas,2025-11-26,22:00,2025-11-26T22:00,5.1,0,0,0,3.4,9.4,164
Talas,2025-11-26,23:00,2025-11-26T23:00,4.5,0,0,0,3,9,166
Talas,2025-11-27,00:00,2025-11-27T00:00,4.1,0,0,0,3.4,9,164
Talas,2025-11-27,01:00,2025-11-27T01:00,3.9,0,0,0,3.9,10.1,164
Talas,2025-11-27,02:00,2025-11-27T02:00,3.6,0,0,0,4.3,10.8,165
Talas,2025-11-27,03:00,2025-11-27T03:00,4.2,0,0,0,2.6,10.8,168
Talas,2025-11-27,04:00,2025-11-27T04:00,3.3,0,0,0,3.9,8.3,158
Talas,2025-11-27,05:00,2025-11-27T05:00,2.9,0,0,0,4.1,9,167
Talas,2025-11-27,06:00,2025-11-27T06:00,2.6,0,0,0,4.5,10.4,164
Talas,2025-11-27,07:00,2025-11-27T07:00,2.4,0,0,0,4.1,10.4,165
Talas,2025-11-27,08:00,2025-11-27T08:00,2.8,0,0,0,3.7,10.1,166
Talas,2025-11-27,09:00,2025-11-27T09:00,6.7,0,0,0,1.7,9.7,198
Talas,2025-11-27,10:00,2025-11-27T10:00,9.6,0,0,0,1.2,8.3,27
Talas,2025-11-27,11:00,2025-11-27T11:00,11.9,0,0,0,3.9,15.1,22
Talas,2025-11-27,12:00,2025-11-27T12:00,13.4,0,0,0,5.4,19.1,20
Talas,2025-11-27,13:00,2025-11-27T13:00,14.6,0,0,0,6.6,21.2,21
Talas,2025-11-27,14:00,2025-11-27T14:00,15.3,0,0,0,7.4,22.3,26
Talas,2025-11-27,15:00,2025-11-27T15:00,15.3,0,0,0,7.7,22.7,33
Talas,2025-11-27,16:00,2025-11-27T16:00,14.3,0,0,0,8.4,22.3,20
Talas,2025-11-27,17:00,2025-11-27T17:00,10.3,0,0,0,3.9,19.1,22
Talas,2025-11-27,18:00,2025-11-27T18:00,8.6,0,0,0,0.6,9.4,146
Talas,2025-11-27,19:00,2025-11-27T19:00,7.3,0,0,0,1.8,5,156
Talas,2025-11-27,20:00,2025-11-27T20:00,6.1,0,0,0,3.1,7.9,159
Talas,2025-11-27,21:00,2025-11-27T21:00,6.3,0,0,0,1.8,8.3,174
Talas,2025-11-27,22:00,2025-11-27T22:00,4.9,0,0,0,2.6,6.8,164
Talas,2025-11-27,23:00,2025-11-27T23:00,4.2,0,0,0,4,10.4,162
Talas,2025-11-28,00:00,2025-11-28T00:00,3.8,0,0,0,4.4,12.6,168
Talas,2025-11-28,01:00,2025-11-28T01:00,3,0,0,0,3.4,12.6,177
Talas,2025-11-28,02:00,2025-11-28T02:00,2.6,0,0,0,3.1,11.9,170
Talas,2025-11-28,03:00,2025-11-28T03:00,3,0,0,0,1.8,11.5,174
Talas,2025-11-28,04:00,2025-11-28T04:00,2.1,0,0,0,3.1,7.9,159
Talas,2025-11-28,05:00,2025-11-28T05:00,1.7,0,0,0,3.4,8.6,164
Talas,2025-11-28,06:00,2025-11-28T06:00,1.5,0,0,0,3,8.6,166
Talas,2025-11-28,07:00,2025-11-28T07:00,1.5,0,0,0,2.2,8.3,171
Talas,2025-11-28,08:00,2025-11-28T08:00,1.7,0,0,0,2.8,7.6,165
Talas,2025-11-28,09:00,2025-11-28T09:00,5.5,0,0,0,1.4,8.6,203
Talas,2025-11-28,10:00,2025-11-28T10:00,8.7,0,0,0,1.7,7.6,13
Talas,2025-11-28,11:00,2025-11-28T11:00,10.9,0,0,0,3.8,14,5
Talas,2025-11-28,12:00,2025-11-28T12:00,12.7,0,0,0,5.5,18,17
Talas,2025-11-28,13:00,2025-11-28T13:00,14.2,0,0,0,6.2,19.8,17
Talas,2025-11-28,14:00,2025-11-28T14:00,14.7,0,0,0,6.8,21.2,12
Talas,2025-11-28,15:00,2025-11-28T15:00,14.4,0,0,0,4.3,20.5,5
Talas,2025-11-28,16:00,2025-11-28T16:00,12.7,0,0,0,2.8,14,333
Talas,2025-11-28,17:00,2025-11-28T17:00,9.8,0,0,0,1.5,7.6,291
Talas,2025-11-28,18:00,2025-11-28T18:00,8.3,0,0,0,0.4,4.7,180
Talas,2025-11-28,19:00,2025-11-28T19:00,7,0,0,0,2.2,5.8,166
Talas,2025-11-28,20:00,2025-11-28T20:00,6.1,0,0,0,2.5,7.2,176
Talas,2025-11-28,21:00,2025-11-28T21:00,4.4,0,0,0,2.5,8.6,184
Talas,2025-11-28,22:00,2025-11-28T22:00,3.9,0,0,0,3.3,11.2,167
Talas,2025-11-28,23:00,2025-11-28T23:00,3,0,0,0,4.6,14.4,169
Talas,2025-11-29,00:00,2025-11-29T00:00,2.4,0,0,0,6,16.9,171
Talas,2025-11-29,01:00,2025-11-29T01:00,2.2,0,0,0,5.1,17.3,174
Talas,2025-11-29,02:00,2025-11-29T02:00,2.2,0,0,0,4.7,15.8,173
Talas,2025-11-29,03:00,2025-11-29T03:00,2,0,0,0,3.1,15.1,180
Talas,2025-11-29,04:00,2025-11-29T04:00,2.1,0,0,0,3.5,13.3,168
Talas,2025-11-29,05:00,2025-11-29T05:00,2,0,0,0,3.7,11.9,169
Talas,2025-11-29,06:00,2025-11-29T06:00,2,0,0,0,4.2,12.6,168
Talas,2025-11-29,07:00,2025-11-29T07:00,1.9,0,0,0,4.4,13.3,168
Talas,2025-11-29,08:00,2025-11-29T08:00,2.1,0,0,0,3.7,13.3,169
Talas,2025-11-29,09:00,2025-11-29T09:00,5.7,0,0,0,1.5,11.5,194
Talas,2025-11-29,10:00,2025-11-29T10:00,9.6,0,0,0,2.5,9,30
Talas,2025-11-29,11:00,2025-11-29T11:00,12.4,0,0,0,4.4,15.1,30
Talas,2025-11-29,12:00,2025-11-29T12:00,14.7,0,0,0,3.5,16.2,51
Talas,2025-11-29,13:00,2025-11-29T13:00,16.1,0,0,0,0.6,15.8,124
Talas,2025-11-29,14:00,2025-11-29T14:00,16.4,0,0,0,3.8,13.3,205
Talas,2025-11-29,15:00,2025-11-29T15:00,16.2,0,0,0,7.8,13.3,175
Talas,2025-11-29,16:00,2025-11-29T16:00,15,0,0,0,5.7,15.8,156
Talas,2025-11-29,17:00,2025-11-29T17:00,10.9,0,0,0,5.6,12.6,159
Talas,2025-11-29,18:00,2025-11-29T18:00,9.1,0,0,0,8.7,19.1,162
Talas,2025-11-29,19:00,2025-11-29T19:00,8.2,0,0,0,12.5,27,164
Talas,2025-11-29,20:00,2025-11-29T20:00,7.4,0,0,0,11.8,27,164
Talas,2025-11-29,21:00,2025-11-29T21:00,7.4,0,0,0,10,26.3,162
Talas,2025-11-29,22:00,2025-11-29T22:00,8.7,0,0,0,11.5,25.6,163
Talas,2025-11-29,23:00,2025-11-29T23:00,9.2,0,0,0,13.4,28.4,168
Talas,2025-11-30,00:00,2025-11-30T00:00,8.7,0.5,0.5,0,16.1,33.5,162
Talas,2025-11-30,01:00,2025-11-30T01:00,9.2,0,0,0,17.7,37.8,163
Talas,2025-11-30,02:00,2025-11-30T02:00,9,0,0,0,17.6,37.4,158
Talas,2025-11-30,03:00,2025-11-30T03:00,8.8,0,0,0,17.2,43.6,157
Talas,2025-11-30,04:00,2025-11-30T04:00,9.6,0.1,0.1,0,20.4,43.9,157
Talas,2025-11-30,05:00,2025-11-30T05:00,7.7,1.8,1.8,0,14.1,41,124
Talas,2025-11-30,06:00,2025-11-30T06:00,7.2,0.1,0.1,0,8.1,29.5,91
Talas,2025-11-30,07:00,2025-11-30T07:00,7.1,0.1,0.1,0,5.8,18.7,106
Talas,2025-11-30,08:00,2025-11-30T08:00,7.5,0,0,0,7.2,18,127
Talas,2025-11-30,09:00,2025-11-30T09:00,7.4,0,0,0,3.3,24.1,193
Talas,2025-11-30,10:00,2025-11-30T10:00,7.6,0.2,0.2,0,3.4,10.4,267
Talas,2025-11-30,11:00,2025-11-30T11:00,8.6,0.1,0.1,0,3.2,13.7,313
Talas,2025-11-30,12:00,2025-11-30T12:00,9,0.2,0.2,0,7.2,16.2,122
Talas,2025-11-30,13:00,2025-11-30T13:00,11.8,0,0,0,11.1,25.2,144
Talas,2025-11-30,14:00,2025-11-30T14:00,11.4,0,0,0,8.3,25.9,134
Talas,2025-11-30,15:00,2025-11-30T15:00,11.2,0,0,0,6.5,20.2,113
Talas,2025-11-30,16:00,2025-11-30T16:00,10.7,0.2,0.2,0,1.5,17.3,126
Talas,2025-11-30,17:00,2025-11-30T17:00,8.7,0.6,0.6,0,3,6.1,295
Talas,2025-11-30,18:00,2025-11-30T18:00,7.3,0.4,0.4,0,3.5,9.4,336
Talas,2025-11-30,19:00,2025-11-30T19:00,5.8,4.8,2.6,1.54,3.6,8.6,340
Talas,2025-11-30,20:00,2025-11-30T20:00,5.3,2.2,1.5,0.49,3.1,10.4,54
Talas,2025-11-30,21:00,2025-11-30T21:00,5.9,0,0,0,4.1,7.2,38
Talas,2025-11-30,22:00,2025-11-30T22:00,4.6,1.8,1.8,0,0.5,11.9,135
Talas,2025-11-30,23:00,2025-11-30T23:00,4.5,0.2,0.2,0,1.4,4.3,157
Talas,2025-12-01,00:00,2025-12-01T00:00,3.8,0.6,0.6,0,3.4,7.2,155
Talas,2025-12-01,01:00,2025-12-01T01:00,3.2,0,0,0,2.3,7.6,180
Talas,2025-12-01,02:00,2025-12-01T02:00,2.4,3.4,2.2,0.84,2,6.1,170
Talas,2025-12-01,03:00,2025-12-01T03:00,2.7,7.7,1.8,4.13,0.7,6.5,194
Talas,2025-12-01,04:00,2025-12-01T04:00,2.1,3.2,1.6,1.12,1.9,8.6,197
Talas,2025-12-01,05:00,2025-12-01T05:00,2.3,0.2,0.2,0,3.9,6.1,127
Talas,2025-12-01,06:00,2025-12-01T06:00,1.7,0.2,0.2,0,4.3,9.7,156
Talas,2025-12-01,07:00,2025-12-01T07:00,0.9,0,0,0,2.9,9.4,158
Talas,2025-12-01,08:00,2025-12-01T08:00,1,0,0,0,2.3,8.6,162
Talas,2025-12-01,09:00,2025-12-01T09:00,3.7,0,0,0,2.2,8.6,145
Talas,2025-12-01,10:00,2025-12-01T10:00,7,0,0,0,4.8,13.7,68
Talas,2025-12-01,11:00,2025-12-01T11:00,8.4,0.1,0.1,0,3.2,15.8,38
Talas,2025-12-01,12:00,2025-12-01T12:00,9.6,0.2,0.2,0,3.5,15.5,332
Talas,2025-12-01,13:00,2025-12-01T13:00,10.3,0.5,0.5,0,6.4,19.8,328
Talas,2025-12-01,14:00,2025-12-01T14:00,10.2,1.1,1.1,0,9.9,24.1,318
Talas,2025-12-01,15:00,2025-12-01T15:00,8.1,0,0,0,6.8,25.6,307
Talas,2025-12-01,16:00,2025-12-01T16:00,7.6,0,0,0,8.7,19.1,263
Talas,2025-12-01,17:00,2025-12-01T17:00,5.2,0.5,0.5,0,4.3,18,204
Talas,2025-12-01,18:00,2025-12-01T18:00,3.2,0,0,0,3.4,9,186
Talas,2025-12-01,19:00,2025-12-01T19:00,2.6,1,1,0,3.4,12.2,205
Talas,2025-12-01,20:00,2025-12-01T20:00,2.3,0.6,0.6,0,4.3,12.6,185
Talas,2025-12-01,21:00,2025-12-01T21:00,2.5,0.6,0.6,0,3.5,9.4,208
Talas,2025-12-01,22:00,2025-12-01T22:00,1.8,0,0,0,3.1,11.9,183
Talas,2025-12-01,23:00,2025-12-01T23:00,1.8,0,0,0,2.3,12.2,180
Talas,2025-12-02,00:00,2025-12-02T00:00,1.9,0,0,0,0.8,7.2,153
Talas,2025-12-02,01:00,2025-12-02T01:00,1.2,0,0,0,3.3,7.2,171
Talas,2025-12-02,02:00,2025-12-02T02:00,1.4,0,0,0,1.1,7.6,180
Talas,2025-12-02,03:00,2025-12-02T03:00,2.1,0,0,0,1.8,5.8,191
Talas,2025-12-02,04:00,2025-12-02T04:00,2,0,0,0,2.2,6.1,175
Talas,2025-12-02,05:00,2025-12-02T05:00,2.2,0,0,0,1.3,5.4,164
Talas,2025-12-02,06:00,2025-12-02T06:00,1.9,0,0,0,1.9,3.6,163
Talas,2025-12-02,07:00,2025-12-02T07:00,1.8,0,0,0,1.3,3.2,164
Talas,2025-12-02,08:00,2025-12-02T08:00,1.9,0,0,0,0.9,2.5,169
Talas,2025-12-02,09:00,2025-12-02T09:00,3.3,0,0,0,1.8,2.9,259
Talas,2025-12-02,10:00,2025-12-02T10:00,4.9,0,0,0,1.5,9.7,306
Talas,2025-12-02,11:00,2025-12-02T11:00,6.2,0,0,0,3.8,15.1,352
Talas,2025-12-02,12:00,2025-12-02T12:00,7.4,0,0,0,4.6,18,339
Talas,2025-12-02,13:00,2025-12-02T13:00,8.4,0,0,0,5.7,20.2,342
Talas,2025-12-02,14:00,2025-12-02T14:00,8.8,0,0,0,6.1,20.5,346
Talas,2025-12-02,15:00,2025-12-02T15:00,8.2,0,0,0,3.5,20.2,325
Talas,2025-12-02,16:00,2025-12-02T16:00,7.9,0,0,0,5,15.1,347
Talas,2025-12-02,17:00,2025-12-02T17:00,5.6,0,0,0,1.8,14.4,360
Talas,2025-12-02,18:00,2025-12-02T18:00,4.4,0,0,0,1.5,5.8,166
Talas,2025-12-02,19:00,2025-12-02T19:00,2.9,0,0,0,3.1,5.8,167
Talas,2025-12-02,20:00,2025-12-02T20:00,1.7,0,0,0,3.5,7.9,159
Talas,2025-12-02,21:00,2025-12-02T21:00,1.7,0,0,0,3.1,9.4,167
Talas,2025-12-02,22:00,2025-12-02T22:00,0.8,0,0,0,3.1,9.4,167
Talas,2025-12-02,23:00,2025-12-02T23:00,0.5,0,0,0,3.3,10.1,167
Talas,2025-12-03,00:00,2025-12-03T00:00,0.2,0,0,0,2.7,10.1,172
Talas,2025-12-03,01:00,2025-12-03T01:00,-0.1,0,0,0,2.5,9.4,172
Talas,2025-12-03,02:00,2025-12-03T02:00,-0.2,0,0,0,2.2,9.4,171
Talas,2025-12-03,03:00,2025-12-03T03:00,0.3,0,0,0,1.1,8.6,189
Talas,2025-12-03,04:00,2025-12-03T04:00,0.2,0,0,0,1.1,4.3,171
Talas,2025-12-03,05:00,2025-12-03T05:00,0.3,0,0,0,0.3,3.6,135
Talas,2025-12-03,06:00,2025-12-03T06:00,0.4,0,0,0,1.2,2.5,141
Talas,2025-12-03,07:00,2025-12-03T07:00,0,0,0,0,3.8,7.6,135
Talas,2025-12-03,08:00,2025-12-03T08:00,0.7,0,0,0,1.9,7.9,151
Talas,2025-12-03,09:00,2025-12-03T09:00,3.2,0,0,0,1.3,4.7,180
Talas,2025-12-03,10:00,2025-12-03T10:00,5.7,0,0,0,2,10.1,350
Talas,2025-12-03,11:00,2025-12-03T11:00,7.2,0,0,0,4.7,16.9,4
Talas,2025-12-03,12:00,2025-12-03T12:00,8.4,0,0,0,5.2,18.7,360
Talas,2025-12-03,13:00,2025-12-03T13:00,8.9,0,0,0,6.3,20.2,7
Talas,2025-12-03,14:00,2025-12-03T14:00,9.2,0,0,0,6.1,20.2,5
Talas,2025-12-03,15:00,2025-12-03T15:00,8.7,0,0,0,5.8,19.1,14
Talas,2025-12-03,16:00,2025-12-03T16:00,7.1,0,0,0,3.7,16.6,331
Talas,2025-12-03,17:00,2025-12-03T17:00,4,0,0,0,0,8.6,270
Talas,2025-12-03,18:00,2025-12-03T18:00,2.4,0,0,0,2.3,5.4,157
Talas,2025-12-03,19:00,2025-12-03T19:00,1.7,0,0,0,2.8,6.8,162
Talas,2025-12-03,20:00,2025-12-03T20:00,1.1,0,0,0,2.8,7.9,162
Talas,2025-12-03,21:00,2025-12-03T21:00,2.2,0,0,0,1.8,9,156
Talas,2025-12-03,22:00,2025-12-03T22:00,1.4,0,0,0,2.3,5.8,157
Talas,2025-12-03,23:00,2025-12-03T23:00,1,0,0,0,2.8,6.8,153
Talas,2025-12-04,00:00,2025-12-04T00:00,0.7,0,0,0,2.7,7.6,160
Talas,2025-12-04,01:00,2025-12-04T01:00,0.5,0,0,0,2.6,7.6,164
Talas,2025-12-04,02:00,2025-12-04T02:00,0.5,0,0,0,2,7.2,170
Talas,2025-12-04,03:00,2025-12-04T03:00,1,0,0,0,1.3,5.8,196
Talas,2025-12-04,04:00,2025-12-04T04:00,0.9,0,0,0,0.4,4.7,180
Talas,2025-12-04,05:00,2025-12-04T05:00,0.5,0,0,0,1.6,4.7,153
Talas,2025-12-04,06:00,2025-12-04T06:00,0.3,0,0,0,2.1,5.8,160
Talas,2025-12-04,07:00,2025-12-04T07:00,0.5,0,0,0,1.5,5.8,166
Talas,2025-12-04,08:00,2025-12-04T08:00,0.4,0,0,0,2.3,5.8,157
Talas,2025-12-04,09:00,2025-12-04T09:00,3.6,0,0,0,1.3,6.8,188
Talas,2025-12-04,10:00,2025-12-04T10:00,6.3,0,0,0,0.9,6.8,37
Talas,2025-12-04,11:00,2025-12-04T11:00,8.6,0,0,0,3.1,12.2,36
Talas,2025-12-04,12:00,2025-12-04T12:00,10.4,0,0,0,4.4,16.2,12
Talas,2025-12-04,13:00,2025-12-04T13:00,11.3,0,0,0,6,19.1,357
Talas,2025-12-04,14:00,2025-12-04T14:00,11.3,0,0,0,7.5,20.2,349
Talas,2025-12-04,15:00,2025-12-04T15:00,9.9,0,0,0,4.8,20.5,333
Talas,2025-12-04,16:00,2025-12-04T16:00,7.7,0,0,0,2.9,13,317
Talas,2025-12-04,17:00,2025-12-04T17:00,6.3,0,0,0,1.1,6.8,72
Talas,2025-12-04,18:00,2025-12-04T18:00,5.1,0,0,0,1.2,4.3,129
Talas,2025-12-04,19:00,2025-12-04T19:00,3.2,0,0,0,2.6,6.5,155
Talas,2025-12-04,20:00,2025-12-04T20:00,2.6,0,0,0,2.8,7.6,169
Talas,2025-12-04,21:00,2025-12-04T21:00,3.4,0,0,0,0.9,7.6,169
Talas,2025-12-04,22:00,2025-12-04T22:00,1.9,0,0,0,3,7.9,155
Talas,2025-12-04,23:00,2025-12-04T23:00,1.5,0,0,0,3.5,9.7,165
Talas,2025-12-05,00:00,2025-12-05T00:00,1.9,0,0,0,3.3,10.1,167
Talas,2025-12-05,01:00,2025-12-05T01:00,1.7,0,0,0,3.7,10.8,166
Talas,2025-12-05,02:00,2025-12-05T02:00,1.5,0,0,0,4.5,12.6,164
Talas,2025-12-05,03:00,2025-12-05T03:00,1.2,0,0,0,3.4,13,177
Talas,2025-12-05,04:00,2025-12-05T04:00,1.1,0,0,0,3.8,12.6,172
Talas,2025-12-05,05:00,2025-12-05T05:00,1.1,0,0,0,4.2,12.6,168
Talas,2025-12-05,06:00,2025-12-05T06:00,1.1,0,0,0,4.3,13,165
Talas,2025-12-05,07:00,2025-12-05T07:00,1.2,0,0,0,4.5,13.3,166
Talas,2025-12-05,08:00,2025-12-05T08:00,1.3,0,0,0,4.3,13,163
Talas,2025-12-05,09:00,2025-12-05T09:00,4.2,0,0,0,3.1,13,173
Talas,2025-12-05,10:00,2025-12-05T10:00,8.2,0,0,0,3.7,12.2,104
Talas,2025-12-05,11:00,2025-12-05T11:00,10.9,0,0,0,5.4,14.8,116
Talas,2025-12-05,12:00,2025-12-05T12:00,12.8,0,0,0,7.1,18,135
Talas,2025-12-05,13:00,2025-12-05T13:00,13.6,0,0,0,9.4,20.5,151
Talas,2025-12-05,14:00,2025-12-05T14:00,13.6,0,0,0,10.4,23,154
Talas,2025-12-05,15:00,2025-12-05T15:00,13.5,0,0,0,7,22.3,151
Talas,2025-12-05,16:00,2025-12-05T16:00,12.3,0,0,0,9.4,19.4,135
Talas,2025-12-05,17:00,2025-12-05T17:00,10,0,0,0,12.4,26.3,147
Talas,2025-12-05,18:00,2025-12-05T18:00,7.9,0,0,0,12.6,27.4,160
Talas,2025-12-05,19:00,2025-12-05T19:00,7.2,0,0,0,13,28.8,163
Talas,2025-12-05,20:00,2025-12-05T20:00,7.4,0.2,0.2,0,12.1,28.1,173
Talas,2025-12-05,21:00,2025-12-05T21:00,7.4,0.1,0.1,0,13.1,27.7,165
Talas,2025-12-05,22:00,2025-12-05T22:00,7.2,0.1,0.1,0,15.4,30.6,156
Talas,2025-12-05,23:00,2025-12-05T23:00,7.6,0,0,0,18.7,38.2,159
Talas,2025-12-06,00:00,2025-12-06T00:00,7.2,0,0,0,19.2,39.2,156
Talas,2025-12-06,01:00,2025-12-06T01:00,6.9,0,0,0,19.2,40.3,156
Talas,2025-12-06,02:00,2025-12-06T02:00,7.6,0,0,0,20.9,43.2,156
Talas,2025-12-06,03:00,2025-12-06T03:00,6.6,0,0,0,17,44.3,149
Talas,2025-12-06,04:00,2025-12-06T04:00,6.8,0,0,0,18.4,37.4,148
Talas,2025-12-06,05:00,2025-12-06T05:00,6.5,0,0,0,16.8,37.4,147
Talas,2025-12-06,06:00,2025-12-06T06:00,6,0,0,0,15.8,34.9,151
Talas,2025-12-06,07:00,2025-12-06T07:00,5.6,0,0,0,12.3,33.8,149
Talas,2025-12-06,08:00,2025-12-06T08:00,5.7,0,0,0,11.3,28.1,146
Talas,2025-12-06,09:00,2025-12-06T09:00,7.8,0,0,0,13.5,26.6,146
Talas,2025-12-06,10:00,2025-12-06T10:00,11.2,0,0,0,15.4,36,143
Talas,2025-12-06,11:00,2025-12-06T11:00,12,0,0,0,18.8,39.6,137
Talas,2025-12-06,12:00,2025-12-06T12:00,12.3,0,0,0,21,45.7,138
Talas,2025-12-06,13:00,2025-12-06T13:00,12.9,0,0,0,21.8,46.8,135
Talas,2025-12-06,14:00,2025-12-06T14:00,12.9,0,0,0,24.4,51.1,136
Talas,2025-12-06,15:00,2025-12-06T15:00,11.9,0,0,0,19.4,51.8,123
Talas,2025-12-06,16:00,2025-12-06T16:00,11.5,0,0,0,21.2,45.4,114
Talas,2025-12-06,17:00,2025-12-06T17:00,10,0,0,0,16.7,45,111
Talas,2025-12-06,18:00,2025-12-06T18:00,9.5,0,0,0,16.7,38.2,128
Talas,2025-12-06,19:00,2025-12-06T19:00,9.6,0.3,0.3,0,19.5,43.9,142
Talas,2025-12-06,20:00,2025-12-06T20:00,8.4,1.2,1.2,0,17.1,43.2,124
Talas,2025-12-06,21:00,2025-12-06T21:00,7.8,0.3,0.3,0,8.5,37.8,117
Talas,2025-12-06,22:00,2025-12-06T22:00,7.4,0.1,0.1,0,7.5,21.2,125
Talas,2025-12-06,23:00,2025-12-06T23:00,7.5,0.1,0.1,0,11.6,27.4,141
Talas,2025-12-07,00:00,2025-12-07T00:00,7.8,0,0,0,19.3,41.8,151
Talas,2025-12-07,01:00,2025-12-07T01:00,8.2,0.1,0.1,0,23.6,51.1,159
Talas,2025-12-07,02:00,2025-12-07T02:00,7.5,0,0,0,23,50.8,152
Talas,2025-12-07,03:00,2025-12-07T03:00,7.2,0,0,0,7.9,49.3,163
Talas,2025-12-07,04:00,2025-12-07T04:00,6.8,0.4,0.4,0,5.3,18,142
Talas,2025-12-07,05:00,2025-12-07T05:00,6.5,0.1,0.1,0,6.5,18.4,136
Talas,2025-12-07,06:00,2025-12-07T06:00,5.5,0.1,0.1,0,1.9,15.5,139
Talas,2025-12-07,07:00,2025-12-07T07:00,5.3,1,1,0,3.5,14.8,105
Talas,2025-12-07,08:00,2025-12-07T08:00,5.5,1.1,1.1,0,0.4,15.1,243
Talas,2025-12-07,09:00,2025-12-07T09:00,6,0,0,0,1,4.3,149
Talas,2025-12-07,10:00,2025-12-07T10:00,8.1,0,0,0,2.7,11.2,113
Talas,2025-12-07,11:00,2025-12-07T11:00,10.1,0,0,0,3.8,14,155
Talas,2025-12-07,12:00,2025-12-07T12:00,11,0,0,0,5.2,15.5,178
Talas,2025-12-07,13:00,2025-12-07T13:00,11.8,0,0,0,4.5,15.8,185
Talas,2025-12-07,14:00,2025-12-07T14:00,12.4,0,0,0,2.3,15.5,162
Talas,2025-12-07,15:00,2025-12-07T15:00,11.7,0,0,0,3.3,14.4,99
Talas,2025-12-07,16:00,2025-12-07T16:00,11.2,0,0,0,4.1,14.4,151
Talas,2025-12-07,17:00,2025-12-07T17:00,8.8,0,0,0,5.7,11.9,139
Talas,2025-12-07,18:00,2025-12-07T18:00,8,0,0,0,10.2,20.5,146
Talas,2025-12-07,19:00,2025-12-07T19:00,7.4,0,0,0,10.4,22,154
Talas,2025-12-07,20:00,2025-12-07T20:00,7.3,0,0,0,10.9,23.4,161
Talas,2025-12-07,21:00,2025-12-07T21:00,6.8,0.2,0.2,0,10.7,22.3,150
Talas,2025-12-07,22:00,2025-12-07T22:00,6.5,0,0,0,12.7,27,157
Talas,2025-12-07,23:00,2025-12-07T23:00,6.4,0,0,0,8.6,25.9,165
Talas,2025-12-08,00:00,2025-12-08T00:00,6,0,0,0,5.8,18,158
Talas,2025-12-08,01:00,2025-12-08T01:00,5.7,0,0,0,4,13,159
Talas,2025-12-08,02:00,2025-12-08T02:00,5.2,0,0,0,2.6,9,164
Talas,2025-12-08,03:00,2025-12-08T03:00,5,0,0,0,1.9,5.8,158
Talas,2025-12-08,04:00,2025-12-08T04:00,4.9,0,0,0,1.9,4.3,146
Talas,2025-12-08,05:00,2025-12-08T05:00,4.9,0,0,0,1.7,4.3,148
Talas,2025-12-08,06:00,2025-12-08T06:00,4.4,0,0,0,3.2,6.8,146
Talas,2025-12-08,07:00,2025-12-08T07:00,3.9,0,0,0,2.9,6.8,158
Talas,2025-12-08,08:00,2025-12-08T08:00,3.7,0,0,0,2.5,6.1,172
Talas,2025-12-08,09:00,2025-12-08T09:00,6.1,0,0,0,3.3,6.8,151
Talas,2025-12-08,10:00,2025-12-08T10:00,7.3,0,0,0,2.5,10.1,111
Talas,2025-12-08,11:00,2025-12-08T11:00,8.5,0,0,0,3.5,12.6,9
Talas,2025-12-08,12:00,2025-12-08T12:00,10,0,0,0,5.8,18,334
Talas,2025-12-08,13:00,2025-12-08T13:00,10.6,0.3,0.3,0,7.2,22.7,347
Talas,2025-12-08,14:00,2025-12-08T14:00,10.5,0.1,0.1,0,7.6,22,342
Talas,2025-12-08,15:00,2025-12-08T15:00,8.9,0.1,0.1,0,8.1,21.6,343
Talas,2025-12-08,16:00,2025-12-08T16:00,8.5,0.2,0.2,0,3.5,18.4,348
Talas,2025-12-08,17:00,2025-12-08T17:00,7.7,0,0,0,2.9,10.1,94
Talas,2025-12-08,18:00,2025-12-08T18:00,7.4,0,0,0,1.9,7.9,73
Talas,2025-12-08,19:00,2025-12-08T19:00,7.5,1.2,1.2,0,1,5.8,45
Talas,2025-12-08,20:00,2025-12-08T20:00,7.5,0.2,0.2,0,0.3,4,135
Talas,2025-12-08,21:00,2025-12-08T21:00,7.1,0.1,0.1,0,0.6,5.4,146
Talas,2025-12-08,22:00,2025-12-08T22:00,7,0.2,0.2,0,0.8,4,117
Talas,2025-12-08,23:00,2025-12-08T23:00,6.9,0.1,0.1,0,1.7,5,162
Talas,2025-12-09,00:00,2025-12-09T00:00,6.9,0.2,0.2,0,0.9,5.4,143
Talas,2025-12-09,01:00,2025-12-09T01:00,6.8,0,0,0,0.7,4,166
Talas,2025-12-09,02:00,2025-12-09T02:00,6.4,0.1,0.1,0,0.9,4.3,143
Talas,2025-12-09,03:00,2025-12-09T03:00,6.5,0.4,0.4,0,2.6,4.7,141
Talas,2025-12-09,04:00,2025-12-09T04:00,6.2,0,0,0,1.8,6.8,143
Talas,2025-12-09,05:00,2025-12-09T05:00,6,0,0,0,1.9,5.8,151
Talas,2025-12-09,06:00,2025-12-09T06:00,5.6,0,0,0,1.9,5.8,146
Talas,2025-12-09,07:00,2025-12-09T07:00,5.6,0.1,0.1,0,1.9,5.8,151
Talas,2025-12-09,08:00,2025-12-09T08:00,5.7,0.2,0.2,0,2,5.4,170
Talas,2025-12-09,09:00,2025-12-09T09:00,6.4,0.1,0.1,0,2.4,5.4,193
Talas,2025-12-09,10:00,2025-12-09T10:00,7.4,0,0,0,0.7,6.1,360
Talas,2025-12-09,11:00,2025-12-09T11:00,9.1,0,0,0,3.2,13,56
Talas,2025-12-09,12:00,2025-12-09T12:00,10.7,0,0,0,6.1,19.8,56
Talas,2025-12-09,13:00,2025-12-09T13:00,11.2,0,0,0,7.6,22.3,47
Talas,2025-12-09,14:00,2025-12-09T14:00,11.3,0.1,0.1,0,9.4,24.8,40
Talas,2025-12-09,15:00,2025-12-09T15:00,9.6,0,0,0,6.1,26.6,2
Talas,2025-12-09,16:00,2025-12-09T16:00,9.2,0,0,0,6.5,18.7,326
Talas,2025-12-09,17:00,2025-12-09T17:00,7.7,0,0,0,4.5,16.6,272
Talas,2025-12-09,18:00,2025-12-09T18:00,5.9,0,0,0,3.3,9.7,209
Talas,2025-12-09,19:00,2025-12-09T19:00,6.5,0.1,0.1,0,3.6,8.6,183
Talas,2025-12-09,20:00,2025-12-09T20:00,6.2,0,0,0,3,9.4,197
Talas,2025-12-09,21:00,2025-12-09T21:00,6,0,0,0,2.5,8.6,176
Talas,2025-12-09,22:00,2025-12-09T22:00,5.5,0,0,0,3,9.4,163
Talas,2025-12-09,23:00,2025-12-09T23:00,5.3,0,0,0,1.9,9.4,151
Talas,2025-12-10,00:00,2025-12-10T00:00,4.5,0,0,0,1.8,7.2,127
Talas,2025-12-10,01:00,2025-12-10T01:00,3.8,0,0,0,1.9,7.2,119
Talas,2025-12-10,02:00,2025-12-10T02:00,3.2,0,0,0,1.5,6.8,159
Talas,2025-12-10,03:00,2025-12-10T03:00,3.5,0,0,0,0.8,5.4,207
Talas,2025-12-10,04:00,2025-12-10T04:00,2.9,0,0,0,3.1,7.6,173
Talas,2025-12-10,05:00,2025-12-10T05:00,3.2,0,0,0,4.5,10.1,178
Talas,2025-12-10,06:00,2025-12-10T06:00,2.8,0,0,0,5,11.2,182
Talas,2025-12-10,07:00,2025-12-10T07:00,2.3,0,0,0,4,11.5,183
Talas,2025-12-10,08:00,2025-12-10T08:00,2.7,0,0,0,3.8,10.1,183
Talas,2025-12-10,09:00,2025-12-10T09:00,4.3,0,0,0,2.3,9,203
Talas,2025-12-10,10:00,2025-12-10T10:00,5.7,0,0,0,4.3,13.3,62
Talas,2025-12-10,11:00,2025-12-10T11:00,7.1,0,0,0,4.9,17.3,66
Talas,2025-12-10,12:00,2025-12-10T12:00,8.3,0,0,0,5.4,18.7,48
Talas,2025-12-10,13:00,2025-12-10T13:00,9.4,0,0,0,4.7,19.1,23
Talas,2025-12-10,14:00,2025-12-10T14:00,10,0,0,0,4.7,18.4,344
Talas,2025-12-10,15:00,2025-12-10T15:00,9.9,0,0,0,5.2,19.1,344
Talas,2025-12-10,16:00,2025-12-10T16:00,9.4,0,0,0,6.4,18.4,333
Talas,2025-12-10,17:00,2025-12-10T17:00,7.8,0,0,0,2.5,17.3,270
Talas,2025-12-10,18:00,2025-12-10T18:00,5.9,0,0,0,6.5,9.7,199
Talas,2025-12-10,19:00,2025-12-10T19:00,5.2,0,0,0,7,13.7,215
Talas,2025-12-10,20:00,2025-12-10T20:00,5.3,0,0,0,7.7,13.7,221
Talas,2025-12-10,21:00,2025-12-10T21:00,5.1,0,0,0,6.6,14,223
Talas,2025-12-10,22:00,2025-12-10T22:00,5.4,0.1,0.1,0,7.1,11.9,214
Talas,2025-12-10,23:00,2025-12-10T23:00,5.2,0,0,0,5,10.8,210
Talas,2025-12-11,00:00,2025-12-11T00:00,5.2,0,0,0,3.5,7.9,219
Talas,2025-12-11,01:00,2025-12-11T01:00,5.2,0,0,0,1.4,6.5,270
Talas,2025-12-11,02:00,2025-12-11T02:00,5,0.2,0.2,0,1.1,4.7,279
Talas,2025-12-11,03:00,2025-12-11T03:00,4.6,0.3,0.3,0,3.6,6.8,250
Talas,2025-12-11,04:00,2025-12-11T04:00,4.6,0.3,0.3,0,3.9,8.6,227
Talas,2025-12-11,05:00,2025-12-11T05:00,4.5,0.4,0.4,0,3.1,8.6,239
Talas,2025-12-11,06:00,2025-12-11T06:00,4.3,0.4,0.4,0,2.5,7.6,278
Talas,2025-12-11,07:00,2025-12-11T07:00,4.1,0.3,0.3,0,2.2,6.8,284
Talas,2025-12-11,08:00,2025-12-11T08:00,4.1,0.3,0.3,0,1.9,5.8,229
Talas,2025-12-11,09:00,2025-12-11T09:00,4.6,0.1,0.1,0,2.7,7.2,222
Talas,2025-12-11,10:00,2025-12-11T10:00,5.3,0,0,0,3.8,13,295
Talas,2025-12-11,11:00,2025-12-11T11:00,5.7,0,0,0,3.9,13.7,292
Talas,2025-12-11,12:00,2025-12-11T12:00,6.4,0.1,0.1,0,4.2,15.1,295
Talas,2025-12-11,13:00,2025-12-11T13:00,6.5,0,0,0,5,15.8,291
Talas,2025-12-11,14:00,2025-12-11T14:00,6.9,0.1,0.1,0,6.5,19.1,294
Talas,2025-12-11,15:00,2025-12-11T15:00,6.1,0.1,0.1,0,5.9,19.4,297
Talas,2025-12-11,16:00,2025-12-11T16:00,6.4,0.1,0.1,0,6.7,18,308
Talas,2025-12-11,17:00,2025-12-11T17:00,4.9,1,0.8,0.14,3.6,17.3,261
Talas,2025-12-11,18:00,2025-12-11T18:00,4.5,0.3,0.3,0,4,9,252
Talas,2025-12-11,19:00,2025-12-11T19:00,4.4,0.3,0.3,0,6.5,11.5,246
Talas,2025-12-11,20:00,2025-12-11T20:00,3.7,0.1,0.1,0,9.9,16.9,224
Talas,2025-12-11,21:00,2025-12-11T21:00,3,0,0,0,5.3,16.6,225
Talas,2025-12-11,22:00,2025-12-11T22:00,2.3,0.2,0.2,0,3,9.7,213
Talas,2025-12-11,23:00,2025-12-11T23:00,1.7,0.5,0.1,0.28,5.5,9,189
Talas,2025-12-12,00:00,2025-12-12T00:00,0.8,0,0,0,5.4,10.8,188
Talas,2025-12-12,01:00,2025-12-12T01:00,0.9,0,0,0,3.8,10.8,197
Talas,2025-12-12,02:00,2025-12-12T02:00,1.7,0,0,0,4.1,7.6,225
Talas,2025-12-12,03:00,2025-12-12T03:00,0.8,0,0,0,6.5,7.6,208
Talas,2025-12-12,04:00,2025-12-12T04:00,1.7,0.4,0.1,0.21,5.7,11.2,229
Talas,2025-12-12,05:00,2025-12-12T05:00,1.9,0.1,0.1,0,6.8,12.6,253
Talas,2025-12-12,06:00,2025-12-12T06:00,1.8,0,0,0,5.4,12.6,255
Talas,2025-12-12,07:00,2025-12-12T07:00,1.8,0,0,0,4.4,10.1,249
Talas,2025-12-12,08:00,2025-12-12T08:00,1.4,0,0,0,5,8.6,232
Talas,2025-12-12,09:00,2025-12-12T09:00,2,0,0,0,6.6,11.9,233
Talas,2025-12-12,10:00,2025-12-12T10:00,2.8,0,0,0,3.4,13,267
Talas,2025-12-12,11:00,2025-12-12T11:00,3.5,0,0,0,2.6,13.3,282
Talas,2025-12-12,12:00,2025-12-12T12:00,4.5,0,0,0,3.2,15.1,308
Talas,2025-12-12,13:00,2025-12-12T13:00,5.1,0,0,0,5,18,314
Talas,2025-12-12,14:00,2025-12-12T14:00,5.4,0,0,0,6.7,20.2,308
Talas,2025-12-12,15:00,2025-12-12T15:00,4.8,0,0,0,8.9,21.2,299
Talas,2025-12-12,16:00,2025-12-12T16:00,4.5,0,0,0,8.6,22.7,293
Talas,2025-12-12,17:00,2025-12-12T17:00,3.4,0,0,0,4.9,20.5,264
Talas,2025-12-12,18:00,2025-12-12T18:00,1.7,0,0,0,4.6,10.8,249
Talas,2025-12-12,19:00,2025-12-12T19:00,1,0,0,0,3.1,10.1,220
Talas,2025-12-12,20:00,2025-12-12T20:00,0.3,0,0,0,2.7,6.5,188
Talas,2025-12-12,21:00,2025-12-12T21:00,0.3,0,0,0,2.9,7.2,173
Talas,2025-12-12,22:00,2025-12-12T22:00,0,0,0,0,2.2,7.6,185
Talas,2025-12-12,23:00,2025-12-12T23:00,-0.6,0,0,0,4.7,10.4,184
Talas,2025-12-13,00:00,2025-12-13T00:00,-1.1,0,0,0,2.9,10.8,187
Talas,2025-12-13,01:00,2025-12-13T01:00,-0.9,0,0,0,3,6.5,205
Talas,2025-12-13,02:00,2025-12-13T02:00,-0.7,0,0,0,2.3,6.5,198
Talas,2025-12-13,03:00,2025-12-13T03:00,-0.4,0,0,0,4.8,5.8,236
Talas,2025-12-13,04:00,2025-12-13T04:00,0.4,0,0,0,3.6,9.4,213
Talas,2025-12-13,05:00,2025-12-13T05:00,0.5,0,0,0,1.2,7.6,231
Talas,2025-12-13,06:00,2025-12-13T06:00,0.9,0,0,0,1.2,5.4,207
Talas,2025-12-13,07:00,2025-12-13T07:00,1,0.1,0,0.07,1.3,6.1,196
Talas,2025-12-13,08:00,2025-12-13T08:00,0.1,0,0,0,0.7,5.4,194
Talas,2025-12-13,09:00,2025-12-13T09:00,1.8,0,0,0,6.1,7.9,246
Talas,2025-12-13,10:00,2025-12-13T10:00,3.5,0,0,0,4.6,14.4,283
Talas,2025-12-13,11:00,2025-12-13T11:00,4.8,0,0,0,5.1,17.6,302
Talas,2025-12-13,12:00,2025-12-13T12:00,5.4,0,0,0,6.5,19.1,293
Talas,2025-12-13,13:00,2025-12-13T13:00,6,0,0,0,6.8,19.4,288
Talas,2025-12-13,14:00,2025-12-13T14:00,7,0,0,0,10.2,25.2,302
Talas,2025-12-13,15:00,2025-12-13T15:00,6.1,0,0,0,9.1,25.6,284
Talas,2025-12-13,16:00,2025-12-13T16:00,5.5,0,0,0,7.7,22,281
Talas,2025-12-13,17:00,2025-12-13T17:00,4.7,0,0,0,6.4,17.6,234
Talas,2025-12-13,18:00,2025-12-13T18:00,3.3,0,0,0,8.1,13.7,212
Talas,2025-12-13,19:00,2025-12-13T19:00,3.3,0,0,0,8.6,14.4,206
Talas,2025-12-13,20:00,2025-12-13T20:00,2.9,0,0,0,6.6,14.4,206
Talas,2025-12-13,21:00,2025-12-13T21:00,3,0,0,0,6.9,11.5,221
Talas,2025-12-13,22:00,2025-12-13T22:00,3.1,0,0,0,6.7,13,207
Talas,2025-12-13,23:00,2025-12-13T23:00,3.2,0,0,0,8.1,11.9,192
Talas,2025-12-14,00:00,2025-12-14T00:00,2.5,0,0,0,6,11.9,187
Talas,2025-12-14,01:00,2025-12-14T01:00,1.5,0,0,0,5.4,10.8,188
Talas,2025-12-14,02:00,2025-12-14T02:00,1.8,0,0,0,5.1,10.8,190
Talas,2025-12-14,03:00,2025-12-14T03:00,2.3,0,0,0,3.8,9,191
Talas,2025-12-14,04:00,2025-12-14T04:00,2.1,0,0,0,3.6,6.5,186
Talas,2025-12-14,05:00,2025-12-14T05:00,2.1,0,0,0,3.8,5.8,205
Talas,2025-12-14,06:00,2025-12-14T06:00,2.3,0,0,0,2.6,5.8,231
Talas,2025-12-14,07:00,2025-12-14T07:00,2.2,0,0,0,0.9,5.4,270
Talas,2025-12-14,08:00,2025-12-14T08:00,1.7,0,0,0,1.8,4.7,191
Talas,2025-12-14,09:00,2025-12-14T09:00,2.4,0,0,0,2.3,5.8,157
Talas,2025-12-14,10:00,2025-12-14T10:00,4,0,0,0,2.5,12.2,4
Talas,2025-12-14,11:00,2025-12-14T11:00,5.2,0,0,0,4.1,16.9,15
Talas,2025-12-14,12:00,2025-12-14T12:00,6.7,0,0,0,4.3,18,15
Talas,2025-12-14,13:00,2025-12-14T13:00,7.4,0,0,0,6.9,22,343
Talas,2025-12-14,14:00,2025-12-14T14:00,7.6,0,0,0,8.2,24.5,328
Talas,2025-12-14,15:00,2025-12-14T15:00,7.1,0,0,0,7,23.8,318
Talas,2025-12-14,16:00,2025-12-14T16:00,6.3,0,0,0,9.4,22.3,317
Talas,2025-12-14,17:00,2025-12-14T17:00,4.3,0,0,0,4.2,22,290
Talas,2025-12-14,18:00,2025-12-14T18:00,2.7,0,0,0,3.4,9.4,198
Talas,2025-12-14,19:00,2025-12-14T19:00,2.6,0,0,0,1.5,5.8,173
Talas,2025-12-14,20:00,2025-12-14T20:00,2.4,0,0,0,0.7,4.3,180
Talas,2025-12-14,21:00,2025-12-14T21:00,1.7,0,0,0,5.2,3.6,192
Talas,2025-12-14,22:00,2025-12-14T22:00,0.8,0,0,0,4.1,10.4,182
Talas,2025-12-14,23:00,2025-12-14T23:00,0.7,0,0,0,3.4,9,180
Talas,2025-12-15,00:00,2025-12-15T00:00,1.1,0,0,0,2.8,6.5,169
Talas,2025-12-15,01:00,2025-12-15T01:00,1.4,0.1,0,0.07,2.4,5.8,189
Talas,2025-12-15,02:00,2025-12-15T02:00,1.3,0,0,0,2.6,6.8,205
Talas,2025-12-15,03:00,2025-12-15T03:00,1.8,0,0,0,2.3,6.8,252
Talas,2025-12-15,04:00,2025-12-15T04:00,1.9,0,0,0,2.2,7.9,270
Talas,2025-12-15,05:00,2025-12-15T05:00,1.7,0,0,0,1.3,7.6,270
Talas,2025-12-15,06:00,2025-12-15T06:00,0.8,0,0,0,2.8,7.2,195
Talas,2025-12-15,07:00,2025-12-15T07:00,0.6,0,0,0,3.4,8.6,223
Talas,2025-12-15,08:00,2025-12-15T08:00,0.9,0,0,0,3.7,9,259
Talas,2025-12-15,09:00,2025-12-15T09:00,1.5,0.3,0,0.21,6.7,11.9,267
Talas,2025-12-15,10:00,2025-12-15T10:00,2.2,0.2,0,0.14,7.6,18,278
Talas,2025-12-15,11:00,2025-12-15T11:00,3.4,0.1,0,0.07,7.6,19.1,275
Talas,2025-12-15,12:00,2025-12-15T12:00,4,0,0,0,9.1,22.7,291
Talas,2025-12-15,13:00,2025-12-15T13:00,4.1,0.6,0.1,0.35,9.4,23,290
Talas,2025-12-15,14:00,2025-12-15T14:00,4,0.9,0.1,0.56,10.2,26.3,293
Talas,2025-12-15,15:00,2025-12-15T15:00,4.1,0.1,0.1,0,7.1,25.9,285
Talas,2025-12-15,16:00,2025-12-15T16:00,4.1,0.2,0.1,0.07,7.9,22.3,281
Talas,2025-12-15,17:00,2025-12-15T17:00,2.8,0.4,0,0.28,7.3,19.1,245
Talas,2025-12-15,18:00,2025-12-15T18:00,1.6,0.2,0,0.14,8.1,16.2,245
Talas,2025-12-15,19:00,2025-12-15T19:00,1.1,0,0,0,11,18.4,218
Talas,2025-12-15,20:00,2025-12-15T20:00,1,0,0,0,10.4,18.4,222
Talas,2025-12-15,21:00,2025-12-15T21:00,-0.2,0.1,0,0.07,8.6,17.6,210
Talas,2025-12-15,22:00,2025-12-15T22:00,-0.5,0,0,0,4.8,15.1,211
Talas,2025-12-15,23:00,2025-12-15T23:00,-0.2,0.1,0,0.07,7,11.9,215
Talas,2025-12-16,00:00,2025-12-16T00:00,0.2,0,0,0,6.8,13,217
Talas,2025-12-16,01:00,2025-12-16T01:00,0.1,0,0,0,7,11.9,215
Talas,2025-12-16,02:00,2025-12-16T02:00,0.2,0,0,0,7.8,13.3,218
Talas,2025-12-16,03:00,2025-12-16T03:00,0,0,0,0,6.2,15.5,237
Talas,2025-12-16,04:00,2025-12-16T04:00,-0.7,0,0,0,8.5,15.8,228
Talas,2025-12-16,05:00,2025-12-16T05:00,-1.2,0,0,0,8.9,15.8,212
Talas,2025-12-16,06:00,2025-12-16T06:00,-1.6,0,0,0,7.6,14.8,205
Talas,2025-12-16,07:00,2025-12-16T07:00,-0.7,0,0,0,8.7,12.6,201
Talas,2025-12-16,08:00,2025-12-16T08:00,-0.9,0,0,0,4.6,13,201
Talas,2025-12-16,09:00,2025-12-16T09:00,-0.1,0.1,0,0.07,7.1,11.2,246
Talas,2025-12-16,10:00,2025-12-16T10:00,0.2,0.4,0,0.28,7.6,15.8,248
Talas,2025-12-16,11:00,2025-12-16T11:00,0.5,0.6,0,0.42,7.3,15.5,261
Talas,2025-12-16,12:00,2025-12-16T12:00,0.7,0.5,0,0.35,8.3,17.6,265
Talas,2025-12-16,13:00,2025-12-16T13:00,0.8,0.4,0,0.28,9.6,19.4,266
Talas,2025-12-16,14:00,2025-12-16T14:00,1.2,0.3,0,0.21,9.9,20.5,274
Talas,2025-12-16,15:00,2025-12-16T15:00,1.6,0.2,0,0.14,10.6,21.2,291
Talas,2025-12-16,16:00,2025-12-16T16:00,1.3,0.4,0,0.28,8.8,22,289
Talas,2025-12-16,17:00,2025-12-16T17:00,1,0.5,0,0.35,7.1,18.7,261
Talas,2025-12-16,18:00,2025-12-16T18:00,0.7,0.4,0,0.28,7.6,16.2,263
Talas,2025-12-16,19:00,2025-12-16T19:00,0.1,0.1,0,0.07,8.5,16.9,249
Talas,2025-12-16,20:00,2025-12-16T20:00,0.4,0.5,0,0.35,5.5,17.3,261
Talas,2025-12-16,21:00,2025-12-16T21:00,0.3,0.5,0,0.35,2,13,270
Talas,2025-12-16,22:00,2025-12-16T22:00,-0.6,1,0,0.7,0.8,16.2,225
Talas,2025-12-16,23:00,2025-12-16T23:00,-2.2,0.1,0,0.07,2.7,8.6,152
Talas,2025-12-17,00:00,2025-12-17T00:00,-2.4,0,0,0,3.6,10.4,183
Talas,2025-12-17,01:00,2025-12-17T01:00,-3.1,0,0,0,1.5,9.4,173
Talas,2025-12-17,02:00,2025-12-17T02:00,-2.8,0,0,0,0.9,7.6,180
Talas,2025-12-17,03:00,2025-12-17T03:00,-2.3,0,0,0,1.5,6.8,166
Talas,2025-12-17,04:00,2025-12-17T04:00,-2.5,0,0,0,1.1,7.9,162
Talas,2025-12-17,05:00,2025-12-17T05:00,-3.7,0,0,0,1.1,7.6,180
Talas,2025-12-17,06:00,2025-12-17T06:00,-4.3,0,0,0,1.1,7.2,198
Talas,2025-12-17,07:00,2025-12-17T07:00,-4.7,0,0,0,2.2,7.9,194
Talas,2025-12-17,08:00,2025-12-17T08:00,-5.3,0,0,0,3.1,8.6,187
Talas,2025-12-17,09:00,2025-12-17T09:00,-3.2,0,0,0,3.5,8.6,195
Talas,2025-12-17,10:00,2025-12-17T10:00,-1.9,0,0,0,0.4,8.6,270
Talas,2025-12-17,11:00,2025-12-17T11:00,-0.9,0,0,0,1.3,5.8,262
Talas,2025-12-17,12:00,2025-12-17T12:00,0.5,0,0,0,1.3,5.8,236
Talas,2025-12-17,13:00,2025-12-17T13:00,1.3,0,0,0,1.5,6.1,284
Talas,2025-12-17,14:00,2025-12-17T14:00,1.6,0,0,0,1.1,6.1,252
Talas,2025-12-17,15:00,2025-12-17T15:00,1.7,0,0,0,3,6.5,232
Talas,2025-12-17,16:00,2025-12-17T16:00,0,0,0,0,3.9,7.2,233
Talas,2025-12-17,17:00,2025-12-17T17:00,-2.1,0,0,0,4.7,6.5,208
Talas,2025-12-17,18:00,2025-12-17T18:00,-2,0,0,0,2.7,7.2,222
Talas,2025-12-17,19:00,2025-12-17T19:00,-2.3,0,0,0,3.4,5,205
Talas,2025-12-17,20:00,2025-12-17T20:00,-2.3,0,0,0,1.9,4.7,214
Talas,2025-12-17,21:00,2025-12-17T21:00,-2.4,0,0,0,2.2,4.3,204
Talas,2025-12-17,22:00,2025-12-17T22:00,-3.2,0,0,0,2.2,4,204
Talas,2025-12-17,23:00,2025-12-17T23:00,-3.1,0,0,0,1.9,4.3,229
Talas,2025-12-18,00:00,2025-12-18T00:00,-3.5,0,0,0,2.6,5.4,236
Talas,2025-12-18,01:00,2025-12-18T01:00,-3.3,0,0,0,2.6,5.8,219
Talas,2025-12-18,02:00,2025-12-18T02:00,-3.1,0,0,0,1.8,4.7,233
Talas,2025-12-18,03:00,2025-12-18T03:00,-3.4,0,0,0,2.8,4.3,259
Talas,2025-12-18,04:00,2025-12-18T04:00,-4.3,0,0,0,1.8,5.8,246
Talas,2025-12-18,05:00,2025-12-18T05:00,-4.1,0,0,0,1.3,4.7,225
Talas,2025-12-18,06:00,2025-12-18T06:00,-4,0,0,0,1.3,3.2,225
Talas,2025-12-18,07:00,2025-12-18T07:00,-4,0,0,0,1.5,4.3,234
Talas,2025-12-18,08:00,2025-12-18T08:00,-4.3,0,0,0,1.8,4.7,246
Talas,2025-12-18,09:00,2025-12-18T09:00,-2.9,0,0,0,1.9,5,236
Talas,2025-12-18,10:00,2025-12-18T10:00,-2,0,0,0,2.3,6.8,266
Talas,2025-12-18,11:00,2025-12-18T11:00,0.1,0,0,0,1.8,7.2,281
Talas,2025-12-18,12:00,2025-12-18T12:00,1.7,0,0,0,1.1,5.8,288
Talas,2025-12-18,13:00,2025-12-18T13:00,2.7,0,0,0,0.6,4,304
Talas,2025-12-18,14:00,2025-12-18T14:00,3.1,0,0,0,1,5,315
Talas,2025-12-18,15:00,2025-12-18T15:00,4.1,0,0,0,0.4,4.7,90
Talas,2025-12-18,16:00,2025-12-18T16:00,2.3,0,0,0,0.6,3.6,162
Talas,2025-12-18,17:00,2025-12-18T17:00,0.2,0,0,0,1.8,4,191
Talas,2025-12-18,18:00,2025-12-18T18:00,0.1,0,0,0,1.9,4,197
Talas,2025-12-18,19:00,2025-12-18T19:00,0.1,0,0,0,1.8,4,191
Talas,2025-12-18,20:00,2025-12-18T20:00,-0.1,0,0,0,2,4.3,170
Talas,2025-12-18,21:00,2025-12-18T21:00,0.3,0,0,0,2,5.4,180
Talas,2025-12-18,22:00,2025-12-18T22:00,0.1,0,0,0,1.5,4.3,166
Talas,2025-12-18,23:00,2025-12-18T23:00,0.2,0,0,0,0.7,3.6,180
Talas,2025-12-19,00:00,2025-12-19T00:00,-0.3,0,0,0,1.1,3.2,180
Talas,2025-12-19,01:00,2025-12-19T01:00,-0.5,0,0,0,1.5,4,173
Talas,2025-12-19,02:00,2025-12-19T02:00,-0.4,0,0,0,1.3,4.3,172
Talas,2025-12-19,03:00,2025-12-19T03:00,-0.9,0,0,0,3.1,3.6,239
Talas,2025-12-19,04:00,2025-12-19T04:00,-1.6,0,0,0,2.3,7.2,209
Talas,2025-12-19,05:00,2025-12-19T05:00,-1.5,0,0,0,2,6.1,185
Talas,2025-12-19,06:00,2025-12-19T06:00,-1.4,0,0,0,2,5.4,170
Talas,2025-12-19,07:00,2025-12-19T07:00,-1.1,0,0,0,1.7,5.4,162
Talas,2025-12-19,08:00,2025-12-19T08:00,-1.2,0,0,0,1.5,4.3,173
Talas,2025-12-19,09:00,2025-12-19T09:00,0.4,0,0,0,1.4,4.3,203
Talas,2025-12-19,10:00,2025-12-19T10:00,1.3,0,0,0,1.5,5.4,284
Talas,2025-12-19,11:00,2025-12-19T11:00,3.2,0,0,0,1.9,6.5,299
Talas,2025-12-19,12:00,2025-12-19T12:00,4.4,0,0,0,0.6,5.8,326
Talas,2025-12-19,13:00,2025-12-19T13:00,5.1,0,0,0,0.8,4.7,333
Talas,2025-12-19,14:00,2025-12-19T14:00,5.6,0,0,0,0.6,4.7,326
Talas,2025-12-19,15:00,2025-12-19T15:00,6.6,0,0,0,0.3,4.3,315
Talas,2025-12-19,16:00,2025-12-19T16:00,4.4,0,0,0,1.1,3.2,180
Talas,2025-12-19,17:00,2025-12-19T17:00,2.7,0,0,0,1.8,4.7,174
Talas,2025-12-19,18:00,2025-12-19T18:00,2.2,0,0,0,1.3,4,164
Talas,2025-12-19,19:00,2025-12-19T19:00,1.7,0,0,0,2.8,5.4,165
Talas,2025-12-19,20:00,2025-12-19T20:00,1.7,0,0,0,2.3,5.8,151
Talas,2025-12-19,21:00,2025-12-19T21:00,1.9,0,0,0,2,5.4,170
Talas,2025-12-19,22:00,2025-12-19T22:00,1.2,0,0,0,1,4.7,149
Talas,2025-12-19,23:00,2025-12-19T23:00,0.9,0,0,0,1,4,158
Talas,2025-12-20,00:00,2025-12-20T00:00,0.8,0,0,0,0.4,4,180
Talas,2025-12-20,01:00,2025-12-20T01:00,0.4,0,0,0,0.4,2.9,180
Talas,2025-12-20,02:00,2025-12-20T02:00,0.1,0,0,0,0.6,2.9,162
Talas,2025-12-20,03:00,2025-12-20T03:00,0.2,0,0,0,1.4,3.6,203
Talas,2025-12-20,04:00,2025-12-20T04:00,-0.7,0,0,0,1,4.7,202
Talas,2025-12-20,05:00,2025-12-20T05:00,-1.4,0,0,0,1.1,4,171
Talas,2025-12-20,06:00,2025-12-20T06:00,-1.6,0,0,0,1.7,5.4,162
Talas,2025-12-20,07:00,2025-12-20T07:00,-1.6,0,0,0,1.5,5,166
Talas,2025-12-20,08:00,2025-12-20T08:00,-1.5,0,0,0,1.5,5,166
Talas,2025-12-20,09:00,2025-12-20T09:00,0.3,0,0,0,0.7,5,180
Talas,2025-12-20,10:00,2025-12-20T10:00,1.9,0,0,0,0.3,2.9,315
Talas,2025-12-20,11:00,2025-12-20T11:00,4,0,0,0,1,4.7,329
Talas,2025-12-20,12:00,2025-12-20T12:00,4.9,0,0,0,1.9,7.2,343
Talas,2025-12-20,13:00,2025-12-20T13:00,5.6,0,0,0,2.2,8.6,360
Talas,2025-12-20,14:00,2025-12-20T14:00,6.2,0,0,0,2.3,9,4
Talas,2025-12-20,15:00,2025-12-20T15:00,7.8,0,0,0,3.1,9.4,28
Talas,2025-12-20,16:00,2025-12-20T16:00,5.4,0,0,0,2,9.4,350
Talas,2025-12-20,17:00,2025-12-20T17:00,3.7,0,0,0,0.4,5.8,180
Talas,2025-12-20,18:00,2025-12-20T18:00,2,0,0,0,1.2,4,141
Talas,2025-12-20,19:00,2025-12-20T19:00,1.3,0,0,0,1.2,5,153
Talas,2025-12-20,20:00,2025-12-20T20:00,0.8,0,0,0,1.6,5.4,153
Talas,2025-12-20,21:00,2025-12-20T21:00,1.3,0,0,0,0.9,7.2,169
Talas,2025-12-20,22:00,2025-12-20T22:00,0.2,0,0,0,1.5,5.8,173
Talas,2025-12-20,23:00,2025-12-20T23:00,-1,0,0,0,3.2,9,164
Talas,2025-12-21,00:00,2025-12-21T00:00,-0.1,0,0,0,3.6,11.9,171
Talas,2025-12-21,01:00,2025-12-21T01:00,-0.4,0,0,0,3.7,11.5,169
Talas,2025-12-21,02:00,2025-12-21T02:00,-0.9,0,0,0,3.5,12.2,171
Talas,2025-12-21,03:00,2025-12-21T03:00,-1.1,0,0,0,3.2,13.7,180
Talas,2025-12-21,04:00,2025-12-21T04:00,-0.7,0,0,0,3.3,12.6,171
Talas,2025-12-21,05:00,2025-12-21T05:00,-0.3,0,0,0,3.3,11.5,174
Talas,2025-12-21,06:00,2025-12-21T06:00,0.6,0,0,0,2.5,11.2,176
Talas,2025-12-21,07:00,2025-12-21T07:00,1,0,0,0,1.4,8.6,180
Talas,2025-12-21,08:00,2025-12-21T08:00,1.4,0,0,0,1.6,5.4,174
Talas,2025-12-21,09:00,2025-12-21T09:00,2.9,0,0,0,0.7,5,194
Talas,2025-12-21,10:00,2025-12-21T10:00,3.8,0,0,0,0.4,2.9,153
Talas,2025-12-21,11:00,2025-12-21T11:00,4.8,0,0,0,0.2,2.5,270
Talas,2025-12-21,12:00,2025-12-21T12:00,5.2,0,0,0,1.2,5.8,321
Talas,2025-12-21,13:00,2025-12-21T13:00,5.6,0.1,0.1,0,0.8,6.5,27
Talas,2025-12-21,14:00,2025-12-21T14:00,6.3,0.1,0.1,0,1.3,7.2,45
Talas,2025-12-21,15:00,2025-12-21T15:00,6.7,0,0,0,2,8.6,63
Talas,2025-12-21,16:00,2025-12-21T16:00,5.6,0,0,0,0.9,5,11
Talas,2025-12-21,17:00,2025-12-21T17:00,4,0,0,0,0.8,3.2,117
Talas,2025-12-21,18:00,2025-12-21T18:00,2.8,0,0,0,2.7,6.1,143
Talas,2025-12-21,19:00,2025-12-21T19:00,2.4,0,0,0,3.5,8.6,159
Talas,2025-12-21,20:00,2025-12-21T20:00,2.1,0,0,0,3.6,9.7,171
Talas,2025-12-21,21:00,2025-12-21T21:00,2.8,0,0,0,4.8,11.2,167
Talas,2025-12-21,22:00,2025-12-21T22:00,2.8,0,0,0,7.5,16.2,156
Talas,2025-12-21,23:00,2025-12-21T23:00,1.4,0,0,0,9.8,22,154
Talas,2025-12-22,00:00,2025-12-22T00:00,1,0,0,0,9,23,154
Talas,2025-12-22,01:00,2025-12-22T01:00,0.1,0,0,0,6.6,20.9,159
Talas,2025-12-22,02:00,2025-12-22T02:00,-0.5,0,0,0,7.3,18,160
Talas,2025-12-22,03:00,2025-12-22T03:00,-0.7,0,0,0,5.9,18.7,169
Talas,2025-12-22,04:00,2025-12-22T04:00,-1.5,0,0,0,5.7,16.2,171
Talas,2025-12-22,05:00,2025-12-22T05:00,-1.8,0,0,0,5.3,16.2,170
Talas,2025-12-22,06:00,2025-12-22T06:00,-1.8,0,0,0,5.5,15.5,167
Talas,2025-12-22,07:00,2025-12-22T07:00,-1.7,0,0,0,5.7,16.2,167
Talas,2025-12-22,08:00,2025-12-22T08:00,-1.8,0,0,0,5.6,16.2,165
Talas,2025-12-22,09:00,2025-12-22T09:00,0.3,0,0,0,3.4,15.5,177
Talas,2025-12-22,10:00,2025-12-22T10:00,3.8,0,0,0,0.9,10.8,127
Talas,2025-12-22,11:00,2025-12-22T11:00,5.7,0,0,0,1.2,7.9,63
Talas,2025-12-22,12:00,2025-12-22T12:00,7.1,0,0,0,0.7,8.6,90
Talas,2025-12-22,13:00,2025-12-22T13:00,7.8,0,0,0,0.2,7.9,90
Talas,2025-12-22,14:00,2025-12-22T14:00,8,0,0,0,0.4,7.2,153
Talas,2025-12-22,15:00,2025-12-22T15:00,9.1,0,0,0,2.3,6.5,141
Talas,2025-12-22,16:00,2025-12-22T16:00,6.9,0,0,0,2.6,6.5,141
Talas,2025-12-22,17:00,2025-12-22T17:00,3.9,0,0,0,4.5,8.6,157
Talas,2025-12-22,18:00,2025-12-22T18:00,2.3,0,0,0,5.2,12.6,164
Talas,2025-12-22,19:00,2025-12-22T19:00,1.1,0,0,0,6.2,15.8,165
Talas,2025-12-22,20:00,2025-12-22T20:00,1.2,0,0,0,6.4,16.6,164
Talas,2025-12-22,21:00,2025-12-22T21:00,3.2,0,0,0,7,16.9,162
Talas,2025-12-22,22:00,2025-12-22T22:00,2.3,0,0,0,8.2,18,166
Talas,2025-12-22,23:00,2025-12-22T23:00,2.4,0,0,0,7.9,18.4,164
Talas,2025-12-23,00:00,2025-12-23T00:00,2.4,0,0,0,7.4,18,166
Talas,2025-12-23,01:00,2025-12-23T01:00,3.1,0,0,0,7.1,16.9,165
Talas,2025-12-23,02:00,2025-12-23T02:00,2.9,0,0,0,6.8,15.8,163
Talas,2025-12-23,03:00,2025-12-23T03:00,3.6,0,0,0,6.2,15.5,150
Talas,2025-12-23,04:00,2025-12-23T04:00,2.9,0,0,0,5.6,14,159
Talas,2025-12-23,05:00,2025-12-23T05:00,2.7,0,0,0,5.6,13.3,155
Talas,2025-12-23,06:00,2025-12-23T06:00,2.3,0,0,0,6.4,15.1,155
Talas,2025-12-23,07:00,2025-12-23T07:00,2.6,0,0,0,5.2,14.8,155
Talas,2025-12-23,08:00,2025-12-23T08:00,2.2,0,0,0,4.9,12.6,152
Talas,2025-12-23,09:00,2025-12-23T09:00,3.1,0,0,0,5.2,13.3,146
Talas,2025-12-23,10:00,2025-12-23T10:00,4.1,0,0,0,4.8,12.6,135
Talas,2025-12-23,11:00,2025-12-23T11:00,5.7,0,0,0,3.7,11.5,141
Talas,2025-12-23,12:00,2025-12-23T12:00,9.5,0,0,0,5.8,16.2,158
Talas,2025-12-23,13:00,2025-12-23T13:00,9.8,0,0,0,3.8,15.1,169
Talas,2025-12-23,14:00,2025-12-23T14:00,9.8,0,0,0,2.8,12.6,191
Talas,2025-12-23,15:00,2025-12-23T15:00,8.6,0,0,0,1,11.2,68
Talas,2025-12-23,16:00,2025-12-23T16:00,8.1,0,0,0,2.6,11.2,74
Talas,2025-12-23,17:00,2025-12-23T17:00,4.5,0,0,0,4.4,8.3,142
Talas,2025-12-23,18:00,2025-12-23T18:00,3.8,0,0,0,6.7,14.4,166
Talas,2025-12-23,19:00,2025-12-23T19:00,4,0,0,0,7.4,15.8,166
Talas,2025-12-23,20:00,2025-12-23T20:00,2.5,0,0,0,7.5,16.9,165
Talas,2025-12-23,21:00,2025-12-23T21:00,1.7,0,0,0,8.5,17.3,163
Talas,2025-12-23,22:00,2025-12-23T22:00,1.9,0,0,0,7.6,19.1,165
Talas,2025-12-23,23:00,2025-12-23T23:00,1.5,0,0,0,6,16.9,170
Talas,2025-12-24,00:00,2025-12-24T00:00,0.7,0,0,0,4.4,14.4,173
Talas,2025-12-24,01:00,2025-12-24T01:00,0.9,0,0,0,4.5,13,164
Talas,2025-12-24,02:00,2025-12-24T02:00,0.8,0,0,0,2.6,13,168
Talas,2025-12-24,03:00,2025-12-24T03:00,1.6,0,0,0,2.3,8.3,157
Talas,2025-12-24,04:00,2025-12-24T04:00,2.7,0,0,0,4.1,10.8,146
Talas,2025-12-24,05:00,2025-12-24T05:00,0.9,0,0,0,2.1,8.6,160
Talas,2025-12-24,06:00,2025-12-24T06:00,1.1,0,0,0,2.1,5.4,160
Talas,2025-12-24,07:00,2025-12-24T07:00,2.9,0,0,0,1.5,5.4,135
Talas,2025-12-24,08:00,2025-12-24T08:00,3.2,0.1,0.1,0,0.5,4.3,135
Talas,2025-12-24,09:00,2025-12-24T09:00,3.1,0,0,0,2.7,5.4,118
Talas,2025-12-24,10:00,2025-12-24T10:00,5.1,0,0,0,5.4,13.3,76
Talas,2025-12-24,11:00,2025-12-24T11:00,6.8,0,0,0,4,14.4,32
Talas,2025-12-24,12:00,2025-12-24T12:00,8,0,0,0,5,17.3,358
Talas,2025-12-24,13:00,2025-12-24T13:00,8.7,0,0,0,6,19.1,353
Talas,2025-12-24,14:00,2025-12-24T14:00,9.3,0,0,0,6.9,20.5,353
Talas,2025-12-24,15:00,2025-12-24T15:00,9.4,0,0,0,10.1,20.5,301
Talas,2025-12-24,16:00,2025-12-24T16:00,9.1,0,0,0,8.8,24.1,301
Talas,2025-12-24,17:00,2025-12-24T17:00,5.8,0,0,0,4.2,19.1,277
Talas,2025-12-24,18:00,2025-12-24T18:00,4.3,0,0,0,3.2,10.4,199
Talas,2025-12-24,19:00,2025-12-24T19:00,2.9,0,0,0,2.5,6.5,176
Talas,2025-12-24,20:00,2025-12-24T20:00,2.1,0,0,0,2.6,6.5,168
Talas,2025-12-24,21:00,2025-12-24T21:00,2.3,0,0,0,3.2,9.4,164
Talas,2025-12-24,22:00,2025-12-24T22:00,1.7,0,0,0,2.8,7.9,162
Talas,2025-12-24,23:00,2025-12-24T23:00,1.7,0,0,0,2.8,7.6,162
Talas,2025-12-25,00:00,2025-12-25T00:00,1.6,0,0,0,2.6,7.2,155
Talas,2025-12-25,01:00,2025-12-25T01:00,2.1,0,0,0,1.9,6.1,151
Talas,2025-12-25,02:00,2025-12-25T02:00,2.2,0,0,0,1.7,4.3,148
Talas,2025-12-25,03:00,2025-12-25T03:00,2.2,0,0,0,0.7,4.3,166
Talas,2025-12-25,04:00,2025-12-25T04:00,2,0,0,0,0.7,4,166
Talas,2025-12-25,05:00,2025-12-25T05:00,2,0,0,0,0.6,3.6,162
Talas,2025-12-25,06:00,2025-12-25T06:00,2.1,0,0,0,0.9,3.2,127
Talas,2025-12-25,07:00,2025-12-25T07:00,2.2,0,0,0,1.4,3.2,113
Talas,2025-12-25,08:00,2025-12-25T08:00,2.3,0,0,0,1,3.2,112
Talas,2025-12-25,09:00,2025-12-25T09:00,3.6,0,0,0,0.2,2.9,180
Talas,2025-12-25,10:00,2025-12-25T10:00,5.2,0,0,0,2.5,8.3,352
Talas,2025-12-25,11:00,2025-12-25T11:00,6.6,0,0,0,4.7,14.8,358
Talas,2025-12-25,12:00,2025-12-25T12:00,7.7,0,0,0,6.9,20.2,5
Talas,2025-12-25,13:00,2025-12-25T13:00,8.1,0,0,0,7.4,20.9,360
Talas,2025-12-25,14:00,2025-12-25T14:00,8.1,0,0,0,7.4,22,1
Talas,2025-12-25,15:00,2025-12-25T15:00,7.3,0,0,0,2.5,20.5,339
Talas,2025-12-25,16:00,2025-12-25T16:00,6.8,0,0,0,0.8,10.4,333
Talas,2025-12-25,17:00,2025-12-25T17:00,4.9,0,0,0,0.4,4.3,27
Talas,2025-12-25,18:00,2025-12-25T18:00,3.5,0,0,0,0.5,4,135
Talas,2025-12-25,19:00,2025-12-25T19:00,2.6,0,0,0,2.6,5,141
Talas,2025-12-25,20:00,2025-12-25T20:00,2.7,0,0,0,1.2,5.4,129
Talas,2025-12-25,21:00,2025-12-25T21:00,2.6,0,0,0,0.8,3.2,135
Talas,2025-12-25,22:00,2025-12-25T22:00,1.9,0,0,0,0.2,2.9,90
Talas,2025-12-25,23:00,2025-12-25T23:00,1.8,0,0,0,0.7,2.2,166
Talas,2025-12-26,00:00,2025-12-26T00:00,2,0,0,0,0.6,2.5,146
Talas,2025-12-26,01:00,2025-12-26T01:00,1.5,0,0,0,0.9,2.9,169
Talas,2025-12-26,02:00,2025-12-26T02:00,1.5,0,0,0,0.7,3.2,166
Talas,2025-12-26,03:00,2025-12-26T03:00,1.4,0,0,0,1.3,2.9,214
Talas,2025-12-26,04:00,2025-12-26T04:00,1.5,0,0,0,1.2,4.7,231
Talas,2025-12-26,05:00,2025-12-26T05:00,1,0,0,0,2.1,5.4,250
Talas,2025-12-26,06:00,2025-12-26T06:00,0.6,0,0,0,3.1,7.2,239
Talas,2025-12-26,07:00,2025-12-26T07:00,0.9,0,0,0,2.6,7.2,219
Talas,2025-12-26,08:00,2025-12-26T08:00,0.9,0,0,0,1.3,6.1,225
Talas,2025-12-26,09:00,2025-12-26T09:00,1.8,0,0,0,4.2,5.8,265
Talas,2025-12-26,10:00,2025-12-26T10:00,3.2,0,0,0,5.5,15.1,281
Talas,2025-12-26,11:00,2025-12-26T11:00,3.8,0,0,0,5.6,16.6,310
Talas,2025-12-26,12:00,2025-12-26T12:00,4.5,0,0,0,6,18.4,331
Talas,2025-12-26,13:00,2025-12-26T13:00,5.3,0,0,0,8.1,21.6,315
Talas,2025-12-26,14:00,2025-12-26T14:00,6,0,0,0,10,24.1,296
Talas,2025-12-26,15:00,2025-12-26T15:00,4.3,0,0,0,4.6,24.1,296
Talas,2025-12-26,16:00,2025-12-26T16:00,4.1,0,0,0,2.8,12.6,320
Talas,2025-12-26,17:00,2025-12-26T17:00,3.1,0,0,0,1.7,8.3,347
Talas,2025-12-26,18:00,2025-12-26T18:00,2,0,0,0,1.5,7.6,7
Talas,2025-12-26,19:00,2025-12-26T19:00,2.5,0,0,0,0.4,6.8,117
Talas,2025-12-26,20:00,2025-12-26T20:00,2.3,0,0,0,0.8,6.5,135
Talas,2025-12-26,21:00,2025-12-26T21:00,1.9,0,0,0,3,6.5,213
Talas,2025-12-26,22:00,2025-12-26T22:00,1.5,0,0,0,2.6,9.4,205
Talas,2025-12-26,23:00,2025-12-26T23:00,1.7,0,0,0,2.5,8.6,184
Talas,2025-12-27,00:00,2025-12-27T00:00,2.6,0.1,0.1,0,1,8.3,225
Talas,2025-12-27,01:00,2025-12-27T01:00,2,0.4,0.3,0.07,2.8,9,349
Talas,2025-12-27,02:00,2025-12-27T02:00,1.6,0.7,0.2,0.35,3.5,10.8,348
Talas,2025-12-27,03:00,2025-12-27T03:00,1.8,1.2,0.1,0.77,6.2,13,300
Talas,2025-12-27,04:00,2025-12-27T04:00,1.8,0.6,0.1,0.35,9.1,20.9,292
Talas,2025-12-27,05:00,2025-12-27T05:00,1.6,0.4,0.1,0.21,11.8,25.2,295
Talas,2025-12-27,06:00,2025-12-27T06:00,1.4,0.7,0,0.49,12.3,26.3,301
Talas,2025-12-27,07:00,2025-12-27T07:00,1,0.4,0,0.28,12.4,26.3,298
Talas,2025-12-27,08:00,2025-12-27T08:00,0.6,0.4,0,0.28,15.3,32.8,286
Talas,2025-12-27,09:00,2025-12-27T09:00,0.1,0.5,0,0.42,15.5,34.2,274
Talas,2025-12-27,10:00,2025-12-27T10:00,-0.2,0.7,0,0.49,17,34.2,275
Talas,2025-12-27,11:00,2025-12-27T11:00,-0.2,0.6,0,0.42,14,36,271
Talas,2025-12-27,12:00,2025-12-27T12:00,0.4,0.3,0,0.21,17.6,36.7,281
Talas,2025-12-27,13:00,2025-12-27T13:00,-0.5,0.8,0,0.56,19.7,42.1,305
Talas,2025-12-27,14:00,2025-12-27T14:00,0,0.1,0,0.07,13.6,39.2,294
Talas,2025-12-27,15:00,2025-12-27T15:00,0,0,0,0,13.1,29.2,306
Talas,2025-12-27,16:00,2025-12-27T16:00,-1.3,0.1,0,0.07,10.6,33.1,288
Talas,2025-12-27,17:00,2025-12-27T17:00,-2.4,0,0,0,6.5,24.8,276
Talas,2025-12-27,18:00,2025-12-27T18:00,-4,0,0,0,6.9,15.5,247
Talas,2025-12-27,19:00,2025-12-27T19:00,-4.3,0,0,0,7.7,15.1,229
Talas,2025-12-27,20:00,2025-12-27T20:00,-4.6,0,0,0,9.1,16.9,229
Talas,2025-12-27,21:00,2025-12-27T21:00,-4.2,0,0,0,9.5,18.7,233
Talas,2025-12-27,22:00,2025-12-27T22:00,-5.2,0.5,0,0.35,12.5,22,223
Talas,2025-12-27,23:00,2025-12-27T23:00,-4.6,0.6,0,0.42,11.3,23.8,233
Talas,2025-12-28,00:00,2025-12-28T00:00,-4.3,0,0,0,10.3,22,243
Talas,2025-12-28,01:00,2025-12-28T01:00,-4.7,0,0,0,9.5,20.9,245
Talas,2025-12-28,02:00,2025-12-28T02:00,-4.5,0,0,0,9.8,20.2,250
Talas,2025-12-28,03:00,2025-12-28T03:00,-4.5,0,0,0,9.1,19.8,245
Talas,2025-12-28,04:00,2025-12-28T04:00,-4.4,0.1,0,0.07,9.4,18.7,240
Talas,2025-12-28,05:00,2025-12-28T05:00,-4.5,0,0,0,10.1,19.8,241
Talas,2025-12-28,06:00,2025-12-28T06:00,-4.1,0,0,0,11.7,23,252
Talas,2025-12-28,07:00,2025-12-28T07:00,-4.2,0,0,0,12.6,25.2,250
Talas,2025-12-28,08:00,2025-12-28T08:00,-4.2,0,0,0,11.5,24.8,248
Talas,2025-12-28,09:00,2025-12-28T09:00,-4,0,0,0,12.5,26.3,252
Talas,2025-12-28,10:00,2025-12-28T10:00,-3.4,0,0,0,10.2,24.8,261
Talas,2025-12-28,11:00,2025-12-28T11:00,-2.7,0,0,0,8.7,21.2,278
Talas,2025-12-28,12:00,2025-12-28T12:00,-1.6,0,0,0,7.1,19.4,300
Talas,2025-12-28,13:00,2025-12-28T13:00,-0.9,0,0,0,7,18.4,280
Talas,2025-12-28,14:00,2025-12-28T14:00,0,0,0,0,4,17.3,270
Talas,2025-12-28,15:00,2025-12-28T15:00,0.4,0,0,0,9.6,12.2,278
Talas,2025-12-28,16:00,2025-12-28T16:00,-1.3,0,0,0,4.9,21.6,303
Talas,2025-12-28,17:00,2025-12-28T17:00,-3,0,0,0,1.3,14.8,286
Talas,2025-12-28,18:00,2025-12-28T18:00,-5.1,0,0,0,1.2,8.6,153
Talas,2025-12-28,19:00,2025-12-28T19:00,-2.3,0,0,0,2.5,8.3,135
Talas,2025-12-28,20:00,2025-12-28T20:00,-2.3,0.1,0,0.07,2.5,8.6,111
Talas,2025-12-28,21:00,2025-12-28T21:00,-1.2,0.2,0,0.14,1.5,9.4,159
Talas,2025-12-28,22:00,2025-12-28T22:00,-1.2,0.1,0,0.07,4.2,13.3,185
Talas,2025-12-28,23:00,2025-12-28T23:00,-0.4,0,0,0,7.9,19.8,210
Talas,2025-12-29,00:00,2025-12-29T00:00,-0.4,1.5,0,1.05,10.5,27,254
Talas,2025-12-29,01:00,2025-12-29T01:00,-0.7,0.8,0,0.56,15.5,32.4,279
Talas,2025-12-29,02:00,2025-12-29T02:00,-1.6,0.4,0.1,0.21,17.7,36.7,275
Talas,2025-12-29,03:00,2025-12-29T03:00,-2,0.9,0,0.63,15.1,35.6,278
Talas,2025-12-29,04:00,2025-12-29T04:00,-2.7,0.2,0,0.14,15.8,31.7,281
Talas,2025-12-29,05:00,2025-12-29T05:00,-3.4,0.1,0,0.07,12.7,31,263
Talas,2025-12-29,06:00,2025-12-29T06:00,-3.5,0.1,0,0.07,12.8,25.6,264
Talas,2025-12-29,07:00,2025-12-29T07:00,-4.1,0.1,0,0.07,12.6,26.6,253
Talas,2025-12-29,08:00,2025-12-29T08:00,-4.3,0,0,0,11.8,26.3,250
Talas,2025-12-29,09:00,2025-12-29T09:00,-4,0,0,0,16.1,32.4,266
Talas,2025-12-29,10:00,2025-12-29T10:00,-3.8,0,0,0,15.2,32.4,265
Talas,2025-12-29,11:00,2025-12-29T11:00,-3.4,0,0,0,15.5,29.9,267
Talas,2025-12-29,12:00,2025-12-29T12:00,-3.3,0,0,0,17.7,34.6,267
Talas,2025-12-29,13:00,2025-12-29T13:00,-3.3,0,0,0,18.6,36.7,264
Talas,2025-12-29,14:00,2025-12-29T14:00,-3.1,0,0,0,18,36.4,259
Talas,2025-12-29,15:00,2025-12-29T15:00,-2.7,0,0,0,15.1,37.4,268
Talas,2025-12-29,16:00,2025-12-29T16:00,-2.5,0,0,0,15.3,34.6,266
Talas,2025-12-29,17:00,2025-12-29T17:00,-3.3,0,0,0,12.6,33.5,257
Talas,2025-12-29,18:00,2025-12-29T18:00,-4,0.1,0,0.07,13.4,28.4,250
Talas,2025-12-29,19:00,2025-12-29T19:00,-4.3,0.1,0,0.07,13.3,29.5,247
Talas,2025-12-29,20:00,2025-12-29T20:00,-4.5,0.2,0,0.14,15.6,33.8,251
Talas,2025-12-29,21:00,2025-12-29T21:00,-3.8,0.1,0,0.07,19.9,37.1,263
Talas,2025-12-29,22:00,2025-12-29T22:00,-3.9,0.1,0,0.07,18.3,40.7,259
Talas,2025-12-29,23:00,2025-12-29T23:00,-4.2,0,0,0,16.9,37.8,256
Talas,2025-12-30,00:00,2025-12-30T00:00,-4.6,0,0,0,13.9,34.6,246
Talas,2025-12-30,01:00,2025-12-30T01:00,-5.3,0,0,0,12.6,29.2,234
Talas,2025-12-30,02:00,2025-12-30T02:00,-5.7,0,0,0,10.6,26.6,222
Talas,2025-12-30,03:00,2025-12-30T03:00,-7.1,0,0,0,7.7,22.7,201
Talas,2025-12-30,04:00,2025-12-30T04:00,-8.6,0,0,0,5.2,17.6,178
Talas,2025-12-30,05:00,2025-12-30T05:00,-9.7,0,0,0,4.6,13.7,162
Talas,2025-12-30,06:00,2025-12-30T06:00,-11.2,0,0,0,6.2,15.8,163
Talas,2025-12-30,07:00,2025-12-30T07:00,-12.4,0,0,0,6.4,16.9,164
Talas,2025-12-30,08:00,2025-12-30T08:00,-12.4,0,0,0,4.8,16.9,165
Talas,2025-12-30,09:00,2025-12-30T09:00,-10.1,0,0,0,4.1,14.8,157
Talas,2025-12-30,10:00,2025-12-30T10:00,-6.5,0,0,0,4.5,11.2,119
Talas,2025-12-30,11:00,2025-12-30T11:00,-3.1,0,0,0,3.9,7.9,77
Talas,2025-12-30,12:00,2025-12-30T12:00,-1.3,0,0,0,4.5,10.8,53
Talas,2025-12-30,13:00,2025-12-30T13:00,-0.3,0,0,0,5,12.6,35
Talas,2025-12-30,14:00,2025-12-30T14:00,0.4,0,0,0,4.6,13,45
Talas,2025-12-30,15:00,2025-12-30T15:00,0.7,0,0,0,6.1,11.5,71
Talas,2025-12-30,16:00,2025-12-30T16:00,-0.8,0,0,0,4,11.2,80
Talas,2025-12-30,17:00,2025-12-30T17:00,-2.8,0,0,0,3.6,7.6,139
Talas,2025-12-30,18:00,2025-12-30T18:00,-4.4,0,0,0,5.2,12.6,160
Talas,2025-12-30,19:00,2025-12-30T19:00,-5,0,0,0,6.2,16.2,163
Talas,2025-12-30,20:00,2025-12-30T20:00,-5.2,0,0,0,7.4,18.4,162
Talas,2025-12-30,21:00,2025-12-30T21:00,-4.5,0,0,0,7.7,20.2,162
Talas,2025-12-30,22:00,2025-12-30T22:00,-3.8,0,0,0,10.4,23,159
Talas,2025-12-30,23:00,2025-12-30T23:00,-2.9,0,0,0,13.3,28.4,157
Talas,2025-12-31,00:00,2025-12-31T00:00,-1.9,0,0,0,15.8,33.5,157
Talas,2025-12-31,01:00,2025-12-31T01:00,0.3,0,0,0,13.1,34.2,151
Talas,2025-12-31,02:00,2025-12-31T02:00,1.1,0,0,0,13.1,33.5,157
Talas,2025-12-31,03:00,2025-12-31T03:00,1.3,0.1,0,0.07,5.6,29.2,151
Talas,2025-12-31,04:00,2025-12-31T04:00,0.6,0.2,0,0.14,3.9,14,146
Talas,2025-12-31,05:00,2025-12-31T05:00,1.6,0.3,0,0.21,7.1,16.9,161
Talas,2025-12-31,06:00,2025-12-31T06:00,2,0.6,0,0.42,9.8,22.3,157
Talas,2025-12-31,07:00,2025-12-31T07:00,1.9,7,0,4.9,8.9,25.2,148
Talas,2025-12-31,08:00,2025-12-31T08:00,1.7,4.7,0,3.29,8.2,26.6,154
Talas,2025-12-31,09:00,2025-12-31T09:00,1.7,3.8,0,2.66,7.3,28.8,164
Talas,2025-12-31,10:00,2025-12-31T10:00,1.9,1.7,0,1.19,5.9,20.5,140
Talas,2025-12-31,11:00,2025-12-31T11:00,2.5,1.8,0,1.26,6.9,31.7,160
Talas,2025-12-31,12:00,2025-12-31T12:00,2.7,5,0,3.5,1.5,24.8,324
Talas,2025-12-31,13:00,2025-12-31T13:00,2.1,1.4,0,0.98,7.4,17.6,353
Talas,2025-12-31,14:00,2025-12-31T14:00,1.6,1.5,0,1.05,4.8,17.3,29
Talas,2025-12-31,15:00,2025-12-31T15:00,2.2,1.5,0,1.05,2.3,11.2,23
Talas,2025-12-31,16:00,2025-12-31T16:00,1.8,1.3,0.3,0.7,4.9,12.6,4
Talas,2025-12-31,17:00,2025-12-31T17:00,1.3,1.7,0.1,1.12,2.6,11.9,12
Talas,2025-12-31,18:00,2025-12-31T18:00,1.1,1.5,0.1,0.98,2.2,7.9,355
Talas,2025-12-31,19:00,2025-12-31T19:00,0.9,1.2,0,0.84,2.2,7.6,318
Talas,2025-12-31,20:00,2025-12-31T20:00,1.1,0.4,0,0.28,3.6,9.7,297
Talas,2025-12-31,21:00,2025-12-31T21:00,1,0.2,0,0.14,7.6,13,265
Talas,2025-12-31,22:00,2025-12-31T22:00,1,0.1,0,0.07,5.6,15.8,285
Talas,2025-12-31,23:00,2025-12-31T23:00,0.8,0,0,0,5.2,13.3,311
